#include "PaletteDAT.h"

#include <ByteBuffer.h>

#include <cstdint>
#include <memory>
#include <vector>

const std::unique_ptr<const PaletteDAT> PaletteDAT::DEFAULT_PALETTE_DAT(readFrom(ByteBuffer(std::vector<uint8_t>({
	0x00, 0x00, 0x00, 0x01, 0x01, 0x01, 0x04, 0x03, 0x04, 0x06, 0x06, 0x06, 0x09, 0x08, 0x08, 0x0b, 0x0a, 0x0b, 0x0e, 0x0d, 0x0d, 0x10, 0x0f, 0x0f, 0x13, 0x12, 0x12, 0x16, 0x14, 0x14, 0x18, 0x16, 0x17, 0x1b, 0x18, 0x19, 0x1d, 0x1b, 0x1c, 0x20,
	0x1d, 0x1e, 0x22, 0x1f, 0x20, 0x25, 0x22, 0x23, 0x26, 0x23, 0x24, 0x28, 0x25, 0x26, 0x2a, 0x27, 0x28, 0x2b, 0x29, 0x2a, 0x2c, 0x2b, 0x2b, 0x2e, 0x2c, 0x2d, 0x30, 0x2e, 0x2e, 0x32, 0x2f, 0x30, 0x33, 0x31, 0x32, 0x35, 0x33, 0x34, 0x36, 0x35,
	0x36, 0x38, 0x36, 0x37, 0x39, 0x38, 0x39, 0x3b, 0x3a, 0x3b, 0x3d, 0x3c, 0x3d, 0x3f, 0x3f, 0x3f, 0x00, 0x00, 0x00, 0x01, 0x01, 0x00, 0x03, 0x01, 0x01, 0x06, 0x03, 0x01, 0x08, 0x04, 0x02, 0x0a, 0x05, 0x03, 0x0c, 0x07, 0x04, 0x0f, 0x08, 0x05,
	0x11, 0x09, 0x06, 0x13, 0x0b, 0x06, 0x15, 0x0c, 0x07, 0x18, 0x0d, 0x08, 0x1a, 0x0f, 0x09, 0x1c, 0x10, 0x0a, 0x1e, 0x11, 0x0b, 0x21, 0x13, 0x0c, 0x23, 0x15, 0x0e, 0x24, 0x17, 0x0f, 0x26, 0x19, 0x11, 0x28, 0x1b, 0x12, 0x2a, 0x1d, 0x14, 0x2b,
	0x1f, 0x16, 0x2c, 0x21, 0x18, 0x2e, 0x24, 0x1a, 0x2f, 0x26, 0x1c, 0x31, 0x28, 0x1e, 0x33, 0x2b, 0x20, 0x35, 0x2c, 0x23, 0x36, 0x2e, 0x25, 0x37, 0x31, 0x27, 0x39, 0x33, 0x2a, 0x3b, 0x36, 0x2c, 0x14, 0x18, 0x25, 0x15, 0x1a, 0x26, 0x17, 0x1c,
	0x28, 0x18, 0x1e, 0x2a, 0x1a, 0x20, 0x2b, 0x1c, 0x22, 0x2d, 0x1e, 0x24, 0x2f, 0x1f, 0x26, 0x31, 0x21, 0x29, 0x33, 0x23, 0x2b, 0x34, 0x25, 0x2c, 0x36, 0x27, 0x2e, 0x37, 0x29, 0x31, 0x39, 0x2b, 0x33, 0x3b, 0x2d, 0x35, 0x3d, 0x2f, 0x37, 0x3f,
	0x00, 0x00, 0x00, 0x01, 0x01, 0x01, 0x01, 0x02, 0x04, 0x03, 0x03, 0x06, 0x04, 0x05, 0x08, 0x05, 0x06, 0x0b, 0x06, 0x08, 0x0d, 0x08, 0x0a, 0x10, 0x09, 0x0b, 0x12, 0x0a, 0x0d, 0x14, 0x0b, 0x0e, 0x17, 0x0d, 0x10, 0x19, 0x0e, 0x11, 0x1b, 0x0f,
	0x13, 0x1e, 0x10, 0x14, 0x20, 0x12, 0x16, 0x23, 0x00, 0x00, 0x00, 0x01, 0x01, 0x01, 0x03, 0x03, 0x02, 0x06, 0x05, 0x03, 0x08, 0x08, 0x04, 0x0a, 0x0a, 0x06, 0x0c, 0x0c, 0x07, 0x0f, 0x0e, 0x09, 0x11, 0x10, 0x0a, 0x13, 0x13, 0x0b, 0x15, 0x15,
	0x0d, 0x18, 0x17, 0x0e, 0x1a, 0x19, 0x10, 0x1c, 0x1b, 0x11, 0x1e, 0x1d, 0x12, 0x21, 0x20, 0x14, 0x23, 0x22, 0x15, 0x25, 0x25, 0x15, 0x26, 0x27, 0x16, 0x27, 0x29, 0x17, 0x28, 0x2b, 0x18, 0x29, 0x2c, 0x18, 0x2a, 0x2e, 0x19, 0x2b, 0x30, 0x1a,
	0x2b, 0x32, 0x1a, 0x2b, 0x34, 0x1b, 0x2c, 0x36, 0x1b, 0x2c, 0x37, 0x1c, 0x2c, 0x39, 0x1c, 0x2c, 0x3b, 0x1d, 0x2c, 0x3d, 0x1d, 0x2c, 0x3f, 0x1e, 0x00, 0x00, 0x00, 0x03, 0x00, 0x00, 0x06, 0x01, 0x00, 0x0a, 0x01, 0x00, 0x0d, 0x02, 0x01, 0x11,
	0x03, 0x01, 0x15, 0x04, 0x01, 0x18, 0x05, 0x01, 0x1c, 0x06, 0x02, 0x20, 0x07, 0x02, 0x23, 0x08, 0x03, 0x27, 0x09, 0x03, 0x2b, 0x0a, 0x03, 0x2e, 0x0b, 0x04, 0x32, 0x0c, 0x04, 0x36, 0x0d, 0x05, 0x19, 0x11, 0x06, 0x1a, 0x14, 0x01, 0x1d, 0x16,
	0x01, 0x20, 0x19, 0x01, 0x23, 0x1b, 0x02, 0x25, 0x1e, 0x02, 0x28, 0x20, 0x02, 0x2b, 0x23, 0x02, 0x2c, 0x25, 0x04, 0x2f, 0x28, 0x04, 0x32, 0x2b, 0x04, 0x35, 0x2d, 0x05, 0x36, 0x30, 0x05, 0x39, 0x32, 0x05, 0x3c, 0x36, 0x05, 0x3f, 0x38, 0x06,
	0x00, 0x00, 0x00, 0x01, 0x01, 0x00, 0x02, 0x02, 0x01, 0x04, 0x03, 0x02, 0x05, 0x04, 0x04, 0x07, 0x05, 0x05, 0x08, 0x07, 0x06, 0x0a, 0x08, 0x07, 0x0c, 0x09, 0x08, 0x0d, 0x0b, 0x0a, 0x0f, 0x0c, 0x0b, 0x10, 0x0d, 0x0c, 0x12, 0x0f, 0x0d, 0x13,
	0x10, 0x0e, 0x15, 0x11, 0x10, 0x17, 0x13, 0x11, 0x19, 0x15, 0x13, 0x1b, 0x17, 0x14, 0x1e, 0x19, 0x16, 0x20, 0x1b, 0x18, 0x23, 0x1d, 0x1a, 0x25, 0x1f, 0x1c, 0x27, 0x21, 0x1e, 0x2a, 0x23, 0x1f, 0x2b, 0x25, 0x21, 0x2d, 0x27, 0x23, 0x30, 0x29,
	0x25, 0x32, 0x2b, 0x27, 0x35, 0x2c, 0x29, 0x36, 0x2e, 0x2b, 0x38, 0x31, 0x2c, 0x3b, 0x33, 0x2e, 0x0d, 0x07, 0x00, 0x11, 0x0a, 0x00, 0x16, 0x0c, 0x00, 0x1b, 0x0e, 0x00, 0x20, 0x10, 0x00, 0x24, 0x12, 0x00, 0x29, 0x14, 0x00, 0x2d, 0x15, 0x01,
	0x32, 0x17, 0x01, 0x33, 0x1a, 0x06, 0x35, 0x1d, 0x0c, 0x36, 0x21, 0x11, 0x37, 0x24, 0x16, 0x39, 0x28, 0x1c, 0x3b, 0x2b, 0x22, 0x3d, 0x30, 0x28, 0x36, 0x10, 0x06, 0x36, 0x13, 0x07, 0x37, 0x17, 0x0a, 0x38, 0x1a, 0x0c, 0x39, 0x1e, 0x0e, 0x3a,
	0x21, 0x10, 0x3b, 0x24, 0x12, 0x3c, 0x28, 0x14, 0x3c, 0x2b, 0x17, 0x3c, 0x2e, 0x19, 0x3d, 0x31, 0x1d, 0x3d, 0x34, 0x1f, 0x3e, 0x36, 0x23, 0x3e, 0x38, 0x25, 0x3e, 0x3a, 0x29, 0x3f, 0x3c, 0x2b, 0x02, 0x04, 0x0d, 0x02, 0x02, 0x10, 0x05, 0x02,
	0x13, 0x07, 0x02, 0x16, 0x0c, 0x02, 0x17, 0x10, 0x04, 0x19, 0x15, 0x05, 0x1a, 0x1a, 0x06, 0x1c, 0x1f, 0x06, 0x1e, 0x22, 0x08, 0x1d, 0x26, 0x08, 0x1b, 0x29, 0x06, 0x18, 0x2c, 0x0a, 0x13, 0x2f, 0x0b, 0x0e, 0x33, 0x0c, 0x06, 0x36, 0x0d, 0x05,
	0x11, 0x11, 0x00, 0x29, 0x29, 0x00, 0x3f, 0x3f, 0x00, 0x11, 0x00, 0x11, 0x29, 0x00, 0x29, 0x3f, 0x00, 0x3f, 0x16, 0x00, 0x00, 0x2b, 0x00, 0x00, 0x3f, 0x00, 0x00, 0x00, 0x11, 0x00, 0x00, 0x29, 0x00, 0x00, 0x3f, 0x00, 0x00, 0x00, 0x11, 0x00,
	0x00, 0x29, 0x00, 0x00, 0x3f, 0x3f, 0x00, 0x3f, 0x20, 0x00, 0x00, 0x01, 0x02, 0x03, 0x04, 0x05, 0x06, 0x07, 0x08, 0x09, 0x0a, 0x0b, 0x0c, 0x0d, 0x0e, 0x0f, 0x10, 0x11, 0x12, 0x13, 0x14, 0x15, 0x16, 0x17, 0x18, 0x19, 0x1a, 0x1b, 0x1c, 0x1d,
	0x1e, 0x1f, 0x20, 0x21, 0x22, 0x23, 0x24, 0x25, 0x26, 0x27, 0x28, 0x29, 0x2a, 0x2b, 0x2c, 0x2d, 0x2e, 0x2f, 0x30, 0x31, 0x32, 0x33, 0x34, 0x35, 0x36, 0x37, 0x38, 0x39, 0x3a, 0x3b, 0x3c, 0x3d, 0x3e, 0x3f, 0x40, 0x41, 0x42, 0x43, 0x44, 0x45,
	0x46, 0x47, 0x48, 0x49, 0x4a, 0x4b, 0x4c, 0x4d, 0x4e, 0x4f, 0x50, 0x51, 0x52, 0x53, 0x54, 0x55, 0x56, 0x57, 0x58, 0x59, 0x5a, 0x5b, 0x5c, 0x5d, 0x5e, 0x5f, 0x60, 0x61, 0x62, 0x63, 0x64, 0x65, 0x66, 0x67, 0x68, 0x69, 0x6a, 0x6b, 0x6c, 0x6d,
	0x6e, 0x6f, 0x70, 0x71, 0x72, 0x73, 0x74, 0x75, 0x76, 0x77, 0x78, 0x79, 0x7a, 0x7b, 0x7c, 0x7d, 0x7e, 0x7f, 0x80, 0x81, 0x82, 0x83, 0x84, 0x85, 0x86, 0x87, 0x88, 0x89, 0x8a, 0x8b, 0x8c, 0x8d, 0x8e, 0x8f, 0x90, 0x91, 0x92, 0x93, 0x94, 0x95,
	0x96, 0x97, 0x98, 0x99, 0x9a, 0x9b, 0x9c, 0x9d, 0x9e, 0x9f, 0xa0, 0xa1, 0xa2, 0xa3, 0xa4, 0xa5, 0xa6, 0xa7, 0xa8, 0xa9, 0xaa, 0xab, 0xac, 0xad, 0xae, 0xaf, 0xb0, 0xb1, 0xb2, 0xb3, 0xb4, 0xb5, 0xb6, 0xb7, 0xb8, 0xb9, 0xba, 0xbb, 0xbc, 0xbd,
	0xbe, 0xbf, 0xc0, 0xc1, 0xc2, 0xc3, 0xc4, 0xc5, 0xc6, 0xc7, 0xc8, 0xc9, 0xca, 0xcb, 0xcc, 0xcd, 0xce, 0xcf, 0xd0, 0xd1, 0xd2, 0xd3, 0xd4, 0xd5, 0xd6, 0xd7, 0xd8, 0xd9, 0xda, 0xdb, 0xdc, 0xdd, 0xde, 0xdf, 0xe0, 0xe1, 0xe2, 0xe3, 0xe4, 0xe5,
	0xe6, 0xe7, 0xe8, 0xe9, 0xea, 0xeb, 0xec, 0xed, 0xee, 0x8f, 0xf0, 0xf1, 0xf2, 0xf3, 0xf4, 0xf5, 0xf6, 0xf7, 0xf8, 0xf9, 0xfa, 0xfb, 0xfc, 0xfd, 0xfe, 0xff, 0x00, 0x01, 0x02, 0x03, 0x04, 0x05, 0x06, 0x07, 0x08, 0x09, 0x0a, 0x0b, 0x0c, 0x0d,
	0x0e, 0x0f, 0x10, 0x11, 0x12, 0x13, 0x13, 0x14, 0x15, 0x16, 0x17, 0x18, 0x19, 0x1a, 0x1b, 0x1c, 0x1d, 0x1e, 0x20, 0x21, 0x22, 0x23, 0x24, 0x25, 0x26, 0x27, 0x28, 0x29, 0x2a, 0x2b, 0x2c, 0x2d, 0x2e, 0x2f, 0x30, 0x31, 0x32, 0x33, 0x34, 0x35,
	0x36, 0x37, 0x38, 0x39, 0x3a, 0x3b, 0x3c, 0x3d, 0x3e, 0x3e, 0x40, 0x41, 0x42, 0x43, 0x43, 0x44, 0x45, 0x46, 0x47, 0x48, 0x49, 0x4a, 0x4b, 0x4c, 0x4d, 0x4e, 0x50, 0x51, 0x52, 0x53, 0x54, 0x55, 0x56, 0x57, 0x58, 0x59, 0x5a, 0x5b, 0x5c, 0x5d,
	0x5e, 0x5f, 0x60, 0x61, 0x62, 0x63, 0x64, 0x65, 0x66, 0x67, 0x68, 0x69, 0x6a, 0x6b, 0x6c, 0x6d, 0x6e, 0x6f, 0x70, 0x71, 0x72, 0x73, 0x73, 0x74, 0x75, 0x76, 0x77, 0x78, 0x79, 0x7a, 0x7b, 0x7c, 0x7d, 0x7e, 0x80, 0x81, 0x82, 0x83, 0x84, 0x85,
	0x86, 0x87, 0x88, 0x89, 0x8a, 0x8b, 0x8c, 0x8d, 0x8e, 0x8f, 0x90, 0x91, 0x92, 0x93, 0x94, 0x95, 0x96, 0x97, 0x98, 0x99, 0x9a, 0x9a, 0x9b, 0x9c, 0x9e, 0x9e, 0xa0, 0xa1, 0xa2, 0xa3, 0xa4, 0xa5, 0xa6, 0xa7, 0xa8, 0xa9, 0xaa, 0xab, 0xac, 0xad,
	0xae, 0xaf, 0xb0, 0xb1, 0xb2, 0xb3, 0xb3, 0xb4, 0xb5, 0xb6, 0xb7, 0xb8, 0xb9, 0xba, 0xbb, 0xbc, 0xbd, 0xbe, 0xc0, 0xc1, 0xc2, 0xc3, 0xc4, 0xc5, 0xc6, 0xc7, 0xc8, 0xc9, 0xca, 0xcb, 0xcc, 0xcd, 0xce, 0xcf, 0xd0, 0xd1, 0xd2, 0xd3, 0xd3, 0xd4,
	0xd5, 0xd6, 0xd7, 0xd8, 0xd9, 0xda, 0xdb, 0xdc, 0xdd, 0xde, 0xe0, 0xe1, 0xe2, 0xe3, 0xe4, 0xe5, 0xe6, 0xe7, 0xe8, 0xe9, 0xea, 0xeb, 0xec, 0xed, 0xee, 0x8e, 0xf0, 0xf1, 0xf2, 0xf3, 0xf4, 0xf5, 0xf6, 0xf7, 0xf8, 0xf9, 0xfa, 0xfb, 0xfc, 0xfd,
	0xfe, 0xff, 0x00, 0x01, 0x02, 0x03, 0x04, 0x05, 0x06, 0x07, 0x08, 0x09, 0x0a, 0x0a, 0x0b, 0x0c, 0x0d, 0x0e, 0x0f, 0x10, 0x11, 0x12, 0x13, 0x14, 0x15, 0x16, 0x16, 0x17, 0x18, 0x19, 0x1a, 0x1b, 0x1c, 0x1d, 0x20, 0x21, 0x22, 0x23, 0x24, 0x25,
	0x26, 0x27, 0x28, 0x29, 0x2a, 0x2b, 0x2c, 0x2d, 0x2e, 0x2e, 0x2f, 0x30, 0x31, 0x32, 0x33, 0x34, 0x35, 0x36, 0x37, 0x38, 0x39, 0x3a, 0x3b, 0x3c, 0x3d, 0x3d, 0x5f, 0x40, 0x41, 0x42, 0x43, 0x44, 0x45, 0x46, 0x46, 0x47, 0x48, 0x49, 0x4a, 0x4b,
	0x4c, 0x4d, 0x50, 0x51, 0x52, 0x53, 0x54, 0x55, 0x56, 0x57, 0x58, 0x59, 0x5a, 0x5a, 0x5b, 0x5c, 0x5d, 0x5e, 0x60, 0x61, 0x62, 0x63, 0x64, 0x65, 0x66, 0x67, 0x68, 0x69, 0x6a, 0x6a, 0x6b, 0x6c, 0x6d, 0x6e, 0x6f, 0x70, 0x71, 0x72, 0x73, 0x74,
	0x75, 0x76, 0x76, 0x77, 0x78, 0x79, 0x7a, 0x7b, 0x7c, 0x7d, 0x80, 0x81, 0x82, 0x83, 0x84, 0x85, 0x86, 0x87, 0x88, 0x89, 0x8a, 0x8a, 0x8b, 0x8c, 0x8d, 0x8e, 0x90, 0x91, 0x91, 0x92, 0x93, 0x94, 0x95, 0x96, 0x97, 0x98, 0x99, 0x9a, 0x9a, 0x9c,
	0x9d, 0x9e, 0xa0, 0xa1, 0xa2, 0xa3, 0xa4, 0xa5, 0xa6, 0xa7, 0xa8, 0xa9, 0xaa, 0xaa, 0xab, 0xac, 0xad, 0xae, 0xaf, 0xb0, 0xb1, 0xb2, 0xb3, 0xb4, 0xb5, 0xb6, 0xb6, 0xb7, 0xb8, 0xb9, 0xba, 0xbb, 0xbc, 0xbd, 0xc0, 0xc1, 0xc2, 0xc3, 0xc4, 0xc4,
	0xc5, 0xc6, 0xc7, 0xc9, 0xca, 0xcb, 0xcc, 0xcd, 0xcd, 0xce, 0x8f, 0xd0, 0xd1, 0xd2, 0xd3, 0xd4, 0xd5, 0xd6, 0xd6, 0xd7, 0xd8, 0xd9, 0xda, 0xdb, 0xdc, 0xdd, 0xe0, 0xe1, 0xe2, 0xe3, 0xe4, 0xe5, 0xe6, 0xe7, 0xe8, 0xe9, 0xea, 0xeb, 0xec, 0xed,
	0x8c, 0x8d, 0xf0, 0xf1, 0xf2, 0xf3, 0xf4, 0xf5, 0xf6, 0xf7, 0xf8, 0xf9, 0xfa, 0xfb, 0xfc, 0xfd, 0xfe, 0xff, 0x00, 0x01, 0x02, 0x03, 0x04, 0x05, 0x06, 0x07, 0x07, 0x08, 0x09, 0x0a, 0x0b, 0x0c, 0x0d, 0x0e, 0x0f, 0x0f, 0x10, 0x11, 0x12, 0x13,
	0x14, 0x15, 0x16, 0x17, 0x17, 0x18, 0x19, 0x1a, 0x1b, 0x1c, 0x20, 0x21, 0x22, 0x23, 0x24, 0x25, 0x26, 0x27, 0x28, 0x28, 0x29, 0x2a, 0x2b, 0x2c, 0x2d, 0x2e, 0x2f, 0x30, 0x31, 0x32, 0x32, 0x33, 0x34, 0x35, 0x36, 0x37, 0x38, 0x39, 0x3a, 0x3b,
	0x3c, 0x3c, 0x5f, 0x5f, 0x40, 0x41, 0x42, 0x43, 0x44, 0x45, 0x46, 0x47, 0x47, 0x48, 0x49, 0x4a, 0x4b, 0x4c, 0x50, 0x51, 0x52, 0x53, 0x54, 0x55, 0x56, 0x57, 0x57, 0x58, 0x59, 0x5a, 0x5b, 0x5c, 0x5d, 0x5e, 0x60, 0x61, 0x62, 0x63, 0x64, 0x65,
	0x66, 0x67, 0x67, 0x68, 0x69, 0x6a, 0x6b, 0x6c, 0x6d, 0x6e, 0x6f, 0x6f, 0x70, 0x71, 0x72, 0x73, 0x74, 0x75, 0x76, 0x77, 0x77, 0x78, 0x79, 0x7a, 0x7b, 0x7c, 0x80, 0x81, 0x82, 0x83, 0x84, 0x85, 0x86, 0x87, 0x87, 0x88, 0x89, 0x8a, 0x8b, 0x8c,
	0x8d, 0x8e, 0x90, 0x91, 0x91, 0x92, 0x93, 0x94, 0x95, 0x96, 0x96, 0x98, 0x99, 0x99, 0x9a, 0x9b, 0x9c, 0x9d, 0xa0, 0xa1, 0xa2, 0xa3, 0xa4, 0xa5, 0xa6, 0xa7, 0xa7, 0xa8, 0xa9, 0xaa, 0xab, 0xac, 0xad, 0xae, 0xaf, 0xaf, 0xb0, 0xb1, 0xb2, 0xb3,
	0xb4, 0xb5, 0xb6, 0xb7, 0xb7, 0xb8, 0xb9, 0xba, 0xbb, 0xbc, 0xc0, 0xc1, 0xc2, 0xc2, 0xc3, 0xc4, 0xc5, 0xc6, 0xc7, 0xc7, 0xca, 0xca, 0xcb, 0xcc, 0xcd, 0xce, 0x8f, 0x8f, 0xd0, 0xd1, 0xd2, 0xd3, 0xd4, 0xd5, 0xd6, 0xd7, 0xd7, 0xd8, 0xd9, 0xda,
	0xdb, 0xdc, 0xe0, 0xe1, 0xe2, 0xe2, 0xe4, 0xe5, 0xe6, 0xe6, 0xe7, 0xe8, 0xea, 0xeb, 0xec, 0xed, 0x8c, 0x8d, 0xf0, 0xf1, 0xf2, 0xf3, 0xf4, 0xf5, 0xf6, 0xf7, 0xf8, 0xf9, 0xfa, 0xfb, 0xfc, 0xfd, 0xfe, 0xff, 0x00, 0x01, 0x02, 0x03, 0x04, 0x05,
	0x05, 0x06, 0x07, 0x08, 0x09, 0x0a, 0x0b, 0x0b, 0x0c, 0x0d, 0x0e, 0x0f, 0x10, 0x11, 0x11, 0x12, 0x13, 0x14, 0x15, 0x16, 0x17, 0x17, 0x18, 0x19, 0x1a, 0x1b, 0x20, 0x21, 0x22, 0x23, 0x24, 0x25, 0x26, 0x26, 0x27, 0x28, 0x29, 0x2a, 0x2b, 0x2c,
	0x2d, 0x2d, 0x2e, 0x2f, 0x30, 0x31, 0x32, 0x33, 0x34, 0x34, 0x35, 0x36, 0x37, 0x38, 0x39, 0x3a, 0x3b, 0x3b, 0x5e, 0x5f, 0x40, 0x41, 0x41, 0x42, 0x43, 0x44, 0x45, 0x46, 0x47, 0x47, 0x48, 0x49, 0x4a, 0x4b, 0x50, 0x51, 0x52, 0x53, 0x54, 0x55,
	0x55, 0x56, 0x57, 0x58, 0x59, 0x5a, 0x5b, 0x5b, 0x5c, 0x5d, 0x60, 0x61, 0x62, 0x63, 0x64, 0x65, 0x65, 0x66, 0x67, 0x68, 0x69, 0x6a, 0x6b, 0x6b, 0x6c, 0x6d, 0x6e, 0x6f, 0x70, 0x71, 0x71, 0x72, 0x73, 0x74, 0x75, 0x76, 0x77, 0x77, 0x78, 0x79,
	0x7a, 0x7b, 0x80, 0x81, 0x82, 0x83, 0x84, 0x85, 0x85, 0x86, 0x87, 0x88, 0x89, 0x8a, 0x8b, 0x8b, 0x8c, 0x8d, 0x90, 0x91, 0x91, 0x92, 0x93, 0x93, 0x94, 0x95, 0x96, 0x97, 0x98, 0x99, 0x99, 0x9a, 0x9c, 0x9c, 0xa0, 0xa1, 0xa2, 0xa3, 0xa4, 0xa5,
	0xa5, 0xa6, 0xa7, 0xa8, 0xa9, 0xaa, 0xab, 0xab, 0xac, 0xad, 0xae, 0xaf, 0xb0, 0xb1, 0xb1, 0xb2, 0xb3, 0xb4, 0xb5, 0xb6, 0xb7, 0xb7, 0xb8, 0xb9, 0xba, 0xbb, 0xc0, 0xc1, 0xc1, 0xc2, 0xc3, 0xc4, 0xc5, 0xc6, 0xc7, 0xc7, 0xc9, 0xca, 0xcb, 0xcc,
	0xcd, 0xce, 0x8e, 0x8f, 0xd0, 0xd1, 0xd1, 0xd2, 0xd3, 0xd4, 0xd5, 0xd6, 0xd7, 0xd7, 0xd8, 0xd9, 0xda, 0xdb, 0x52, 0xe1, 0xe2, 0xe2, 0xe4, 0xe4, 0xe5, 0xe6, 0xe7, 0xe7, 0xe9, 0xeb, 0xec, 0xed, 0x8b, 0x8c, 0xf0, 0xf1, 0xf2, 0xf3, 0xf4, 0xf5,
	0xf6, 0xf7, 0xf8, 0xf9, 0xfa, 0xfb, 0xfc, 0xfd, 0xfe, 0xff, 0x00, 0x01, 0x02, 0x03, 0x03, 0x04, 0x05, 0x06, 0x07, 0x08, 0x08, 0x09, 0x0a, 0x0b, 0x0c, 0x0d, 0x0d, 0x0e, 0x0f, 0x10, 0x11, 0x12, 0x12, 0x13, 0x14, 0x15, 0x16, 0x17, 0x17, 0x18,
	0x19, 0x1a, 0x20, 0x21, 0x22, 0x23, 0x23, 0x24, 0x25, 0x26, 0x27, 0x28, 0x28, 0x29, 0x2a, 0x2b, 0x2c, 0x2d, 0x2d, 0x2e, 0x2f, 0x30, 0x31, 0x32, 0x32, 0x33, 0x34, 0x35, 0x36, 0x37, 0x37, 0x38, 0x39, 0x3a, 0x5d, 0x5e, 0x5f, 0x40, 0x41, 0x42,
	0x42, 0x43, 0x44, 0x45, 0x46, 0x47, 0x47, 0x48, 0x49, 0x4a, 0x50, 0x51, 0x52, 0x53, 0x53, 0x54, 0x55, 0x56, 0x57, 0x58, 0x58, 0x59, 0x5a, 0x5b, 0x5c, 0x5d, 0x60, 0x61, 0x62, 0x63, 0x63, 0x64, 0x65, 0x66, 0x67, 0x68, 0x68, 0x69, 0x6a, 0x6b,
	0x6c, 0x6d, 0x6d, 0x6e, 0x6f, 0x70, 0x71, 0x72, 0x72, 0x73, 0x74, 0x75, 0x76, 0x77, 0x77, 0x78, 0x79, 0x7a, 0x80, 0x81, 0x82, 0x83, 0x83, 0x84, 0x85, 0x86, 0x87, 0x88, 0x88, 0x89, 0x8a, 0x8b, 0x8c, 0x8d, 0x67, 0x91, 0x91, 0x91, 0x92, 0x93,
	0x94, 0x95, 0x95, 0x96, 0x98, 0x98, 0x99, 0x9a, 0x9b, 0x9c, 0xa0, 0xa1, 0xa2, 0xa3, 0xa3, 0xa4, 0xa5, 0xa6, 0xa7, 0xa7, 0xa8, 0xa9, 0xaa, 0xab, 0xac, 0xac, 0xad, 0xae, 0xaf, 0xb0, 0xb0, 0xb1, 0xb2, 0xb3, 0xb4, 0xb4, 0xb5, 0xb6, 0xb7, 0xb8,
	0xb9, 0xb9, 0xc0, 0xc0, 0xc1, 0xc2, 0xc3, 0xc4, 0xc5, 0xc5, 0xc6, 0xc7, 0xc9, 0xca, 0xcb, 0xcc, 0xcd, 0xce, 0x8d, 0x8e, 0x8f, 0xd0, 0xd1, 0xd2, 0xd2, 0xd3, 0xd4, 0xd5, 0xd6, 0xd7, 0xd7, 0xd8, 0xd9, 0xda, 0x52, 0xe0, 0xe1, 0xe2, 0xe4, 0xe4,
	0xe5, 0xe6, 0xe7, 0xe7, 0xe9, 0xeb, 0xec, 0xed, 0x8b, 0x8b, 0xf0, 0xf1, 0xf2, 0xf3, 0xf4, 0xf5, 0xf6, 0xf7, 0xf8, 0xf9, 0xfa, 0xfb, 0xfc, 0xfd, 0xfe, 0xff, 0x00, 0x01, 0x02, 0x02, 0x03, 0x04, 0x05, 0x06, 0x06, 0x07, 0x08, 0x09, 0x0a, 0x0a,
	0x0b, 0x0c, 0x0d, 0x0e, 0x0e, 0x0f, 0x10, 0x11, 0x12, 0x12, 0x13, 0x14, 0x15, 0x16, 0x16, 0x17, 0x18, 0x19, 0x20, 0x21, 0x22, 0x22, 0x23, 0x24, 0x25, 0x26, 0x26, 0x27, 0x28, 0x29, 0x2a, 0x2a, 0x2b, 0x2c, 0x2d, 0x2e, 0x2e, 0x2f, 0x30, 0x31,
	0x32, 0x32, 0x33, 0x34, 0x35, 0x36, 0x36, 0x37, 0x38, 0x39, 0x5d, 0x5e, 0x5e, 0x5f, 0x40, 0x41, 0x42, 0x42, 0x43, 0x44, 0x45, 0x46, 0x46, 0x47, 0x48, 0x49, 0x50, 0x51, 0x52, 0x52, 0x53, 0x54, 0x55, 0x56, 0x56, 0x57, 0x58, 0x59, 0x5a, 0x5a,
	0x5b, 0x5c, 0x60, 0x61, 0x62, 0x62, 0x63, 0x64, 0x65, 0x66, 0x66, 0x67, 0x68, 0x69, 0x6a, 0x6a, 0x6b, 0x6c, 0x6d, 0x6e, 0x6e, 0x6f, 0x70, 0x71, 0x72, 0x72, 0x73, 0x74, 0x75, 0x76, 0x76, 0x77, 0x78, 0x79, 0x80, 0x81, 0x82, 0x82, 0x83, 0x84,
	0x85, 0x86, 0x86, 0x87, 0x88, 0x89, 0x8a, 0x8a, 0x8b, 0x8c, 0x67, 0x91, 0x91, 0x91, 0x92, 0x93, 0x93, 0x94, 0x95, 0x96, 0x97, 0x98, 0x98, 0x99, 0x9a, 0x9b, 0xa0, 0xa1, 0xa2, 0xa2, 0xa3, 0xa4, 0xa5, 0xa6, 0xa6, 0xa7, 0xa8, 0xa9, 0xa9, 0xaa,
	0xab, 0xac, 0xad, 0xad, 0xae, 0xaf, 0xb0, 0xb0, 0xb1, 0xb2, 0xb3, 0xb4, 0xb4, 0xb5, 0xb6, 0xb7, 0xb8, 0xb8, 0xc0, 0xc0, 0xc1, 0xc2, 0xc3, 0xc3, 0xc4, 0xc5, 0xc6, 0xc6, 0xc9, 0xca, 0xcb, 0xcc, 0xcc, 0xcd, 0x8d, 0x8e, 0x8e, 0x8f, 0xd0, 0xd1,
	0xd2, 0xd2, 0xd3, 0xd4, 0xd5, 0xd6, 0xd6, 0xd7, 0xd8, 0xd9, 0x52, 0x52, 0xe1, 0xe2, 0xe3, 0xe4, 0xe5, 0xe6, 0xe7, 0xe7, 0xe9, 0xeb, 0xec, 0xed, 0x89, 0x8b, 0xf0, 0xf1, 0xf2, 0xf3, 0xf4, 0xf5, 0xf6, 0xf7, 0xf8, 0xf9, 0xfa, 0xfb, 0xfc, 0xfd,
	0xfe, 0xff, 0x00, 0x01, 0x02, 0x02, 0x03, 0x04, 0x05, 0x05, 0x06, 0x07, 0x08, 0x08, 0x09, 0x0a, 0x0b, 0x0c, 0x0c, 0x0d, 0x0e, 0x0f, 0x0f, 0x10, 0x11, 0x12, 0x12, 0x13, 0x14, 0x15, 0x15, 0x16, 0x17, 0x18, 0x20, 0x21, 0x22, 0x22, 0x23, 0x24,
	0x25, 0x25, 0x26, 0x27, 0x28, 0x28, 0x29, 0x2a, 0x2b, 0x2c, 0x2c, 0x2d, 0x2e, 0x2f, 0x2f, 0x30, 0x31, 0x32, 0x32, 0x33, 0x34, 0x35, 0x35, 0x36, 0x37, 0x38, 0x5c, 0x5d, 0x5e, 0x5f, 0x5f, 0x40, 0x41, 0x42, 0x42, 0x43, 0x44, 0x45, 0x45, 0x46,
	0x47, 0x48, 0x50, 0x51, 0x52, 0x52, 0x53, 0x54, 0x55, 0x55, 0x56, 0x57, 0x58, 0x58, 0x59, 0x5a, 0x5b, 0x5c, 0x60, 0x61, 0x62, 0x62, 0x63, 0x64, 0x65, 0x65, 0x66, 0x67, 0x68, 0x68, 0x69, 0x6a, 0x6b, 0x6c, 0x6c, 0x6d, 0x6e, 0x6f, 0x6f, 0x70,
	0x71, 0x72, 0x72, 0x73, 0x74, 0x75, 0x75, 0x76, 0x77, 0x78, 0x80, 0x81, 0x82, 0x82, 0x83, 0x84, 0x85, 0x85, 0x86, 0x87, 0x88, 0x88, 0x89, 0x8a, 0x8b, 0x8c, 0x66, 0x91, 0x91, 0x91, 0x91, 0x92, 0x93, 0x94, 0x94, 0x95, 0x96, 0x97, 0x98, 0x98,
	0x99, 0x9a, 0xa0, 0xa1, 0xa2, 0xa2, 0xa3, 0xa4, 0xa5, 0xa5, 0xa6, 0xa7, 0xa8, 0xa8, 0xa9, 0xaa, 0xab, 0xab, 0xac, 0xad, 0xae, 0xae, 0xaf, 0xb0, 0xb1, 0xb1, 0xb2, 0xb3, 0xb4, 0xb4, 0xb5, 0xb6, 0xb7, 0xb7, 0xc0, 0xc0, 0xc1, 0xc2, 0xc3, 0xc3,
	0xc4, 0xc5, 0xc6, 0xc6, 0xc7, 0xca, 0xca, 0xcb, 0xcc, 0xcd, 0x8c, 0x8d, 0x8e, 0x8f, 0x8f, 0xd0, 0xd1, 0xd2, 0xd2, 0xd3, 0xd4, 0xd5, 0xd5, 0xd6, 0xd7, 0xd8, 0x52, 0x52, 0xe1, 0xe2, 0xe2, 0xe4, 0xe5, 0xe6, 0xe6, 0xe7, 0xe7, 0xeb, 0xec, 0x87,
	0x89, 0x8a, 0xf0, 0xf1, 0xf2, 0xf3, 0xf4, 0xf5, 0xf6, 0xf7, 0xf8, 0xf9, 0xfa, 0xfb, 0xfc, 0xfd, 0xfe, 0xff, 0x00, 0x01, 0x01, 0x02, 0x03, 0x04, 0x04, 0x05, 0x06, 0x07, 0x07, 0x08, 0x09, 0x0a, 0x0a, 0x0b, 0x0c, 0x0c, 0x0d, 0x0e, 0x0f, 0x0f,
	0x10, 0x11, 0x12, 0x12, 0x13, 0x14, 0x15, 0x15, 0x16, 0x17, 0x20, 0x21, 0x21, 0x22, 0x23, 0x24, 0x24, 0x25, 0x26, 0x27, 0x27, 0x28, 0x29, 0x2a, 0x2a, 0x2b, 0x2c, 0x2c, 0x2d, 0x2e, 0x2f, 0x2f, 0x30, 0x31, 0x32, 0x32, 0x33, 0x34, 0x35, 0x35,
	0x36, 0x37, 0x5c, 0x5c, 0x5d, 0x5e, 0x5f, 0x5f, 0x40, 0x41, 0x42, 0x42, 0x43, 0x44, 0x45, 0x45, 0x46, 0x47, 0x50, 0x51, 0x51, 0x52, 0x53, 0x54, 0x54, 0x55, 0x56, 0x57, 0x57, 0x58, 0x59, 0x5a, 0x5a, 0x5b, 0x60, 0x61, 0x61, 0x62, 0x63, 0x64,
	0x64, 0x65, 0x66, 0x67, 0x67, 0x68, 0x69, 0x6a, 0x6a, 0x6b, 0x6c, 0x6c, 0x6d, 0x6e, 0x6f, 0x6f, 0x70, 0x71, 0x72, 0x72, 0x73, 0x74, 0x75, 0x75, 0x76, 0x77, 0x80, 0x81, 0x81, 0x82, 0x83, 0x84, 0x84, 0x85, 0x86, 0x87, 0x87, 0x88, 0x89, 0x8a,
	0x8a, 0x8b, 0x66, 0x65, 0x91, 0x91, 0x91, 0x92, 0x92, 0x93, 0x94, 0x95, 0x95, 0x96, 0x97, 0x98, 0x99, 0x99, 0xa0, 0xa1, 0xa1, 0xa2, 0xa3, 0xa4, 0xa4, 0xa5, 0xa6, 0xa6, 0xa7, 0xa8, 0xa9, 0xa9, 0xaa, 0xab, 0xab, 0xac, 0xad, 0xae, 0xae, 0xaf,
	0xb0, 0xb0, 0xb1, 0xb2, 0xb3, 0xb3, 0xb4, 0xb5, 0xb6, 0xb6, 0xc0, 0xc0, 0xc1, 0xc2, 0xc2, 0xc3, 0xc4, 0xc4, 0xc5, 0xc5, 0xc6, 0xc9, 0xca, 0xcb, 0xcc, 0xcd, 0x8c, 0x8c, 0x8d, 0x8e, 0x8f, 0x8f, 0xd0, 0xd1, 0xd2, 0xd2, 0xd3, 0xd4, 0xd5, 0xd5,
	0xd6, 0xd7, 0x52, 0x52, 0xe1, 0xe2, 0xe2, 0xe4, 0xe4, 0xe6, 0xe6, 0xe6, 0xe7, 0xe7, 0xec, 0x87, 0x88, 0x89, 0xf0, 0xf1, 0xf2, 0xf3, 0xf4, 0xf5, 0xf6, 0xf7, 0xf8, 0xf9, 0xfa, 0xfb, 0xfc, 0xfd, 0xfe, 0xff, 0x00, 0x01, 0x01, 0x02, 0x03, 0x03,
	0x04, 0x05, 0x06, 0x06, 0x07, 0x08, 0x08, 0x09, 0x0a, 0x0a, 0x0b, 0x0c, 0x0d, 0x0d, 0x0e, 0x0f, 0x0f, 0x10, 0x11, 0x11, 0x12, 0x13, 0x14, 0x14, 0x15, 0x16, 0x20, 0x21, 0x21, 0x22, 0x23, 0x23, 0x24, 0x25, 0x25, 0x26, 0x27, 0x27, 0x28, 0x29,
	0x2a, 0x2a, 0x2b, 0x2c, 0x2c, 0x2d, 0x2e, 0x2e, 0x2f, 0x30, 0x30, 0x31, 0x32, 0x32, 0x33, 0x34, 0x35, 0x35, 0x5b, 0x5c, 0x5d, 0x5d, 0x5e, 0x5f, 0x5f, 0x40, 0x41, 0x41, 0x42, 0x43, 0x44, 0x44, 0x45, 0x46, 0x50, 0x51, 0x51, 0x52, 0x53, 0x53,
	0x54, 0x55, 0x56, 0x56, 0x57, 0x58, 0x58, 0x59, 0x5a, 0x5a, 0x60, 0x61, 0x61, 0x62, 0x63, 0x63, 0x64, 0x65, 0x66, 0x66, 0x67, 0x68, 0x68, 0x69, 0x6a, 0x6a, 0x6b, 0x6c, 0x6d, 0x6d, 0x6e, 0x6f, 0x6f, 0x70, 0x71, 0x71, 0x72, 0x73, 0x74, 0x74,
	0x75, 0x76, 0x80, 0x81, 0x81, 0x82, 0x83, 0x83, 0x84, 0x85, 0x86, 0x86, 0x87, 0x88, 0x88, 0x89, 0x8a, 0x8a, 0x65, 0x65, 0x91, 0x91, 0x91, 0x91, 0x92, 0x93, 0x93, 0x94, 0x95, 0x96, 0x96, 0x97, 0x98, 0x99, 0xa0, 0xa1, 0xa1, 0xa2, 0xa3, 0xa3,
	0xa4, 0xa5, 0xa5, 0xa6, 0xa7, 0xa7, 0xa8, 0xa9, 0xaa, 0xaa, 0xab, 0xac, 0xac, 0xad, 0xae, 0xae, 0xaf, 0xb0, 0xb0, 0xb1, 0xb2, 0xb2, 0xb3, 0xb4, 0xb5, 0xb5, 0xc0, 0xc0, 0xc1, 0xc1, 0xc2, 0xc3, 0xc3, 0xc4, 0xc5, 0xc5, 0xc6, 0xc6, 0xca, 0xcb,
	0xcc, 0xcc, 0x8b, 0x8c, 0x8d, 0x8d, 0x8e, 0x8f, 0x8f, 0xd0, 0xd1, 0xd1, 0xd2, 0xd3, 0xd4, 0xd4, 0xd5, 0xd6, 0x52, 0x52, 0x53, 0xe1, 0xe2, 0xe4, 0xe4, 0xe5, 0xe6, 0xe6, 0xe7, 0xe7, 0x87, 0x87, 0x87, 0x88, 0xf0, 0xf1, 0xf2, 0xf3, 0xf4, 0xf5,
	0xf6, 0xf7, 0xf8, 0xf9, 0xfa, 0xfb, 0xfc, 0xfd, 0xfe, 0xff, 0x00, 0x01, 0x01, 0x02, 0x03, 0x03, 0x04, 0x05, 0x05, 0x06, 0x07, 0x07, 0x08, 0x09, 0x09, 0x0a, 0x0b, 0x0b, 0x0c, 0x0d, 0x0d, 0x0e, 0x0f, 0x0f, 0x10, 0x11, 0x11, 0x12, 0x13, 0x13,
	0x14, 0x15, 0x20, 0x20, 0x21, 0x22, 0x22, 0x23, 0x24, 0x24, 0x25, 0x26, 0x26, 0x27, 0x28, 0x28, 0x29, 0x2a, 0x2a, 0x2b, 0x2c, 0x2c, 0x2d, 0x2e, 0x2e, 0x2f, 0x30, 0x30, 0x31, 0x32, 0x32, 0x33, 0x34, 0x34, 0x5b, 0x5b, 0x5c, 0x5d, 0x5d, 0x5e,
	0x5f, 0x5f, 0x40, 0x41, 0x41, 0x42, 0x43, 0x43, 0x44, 0x45, 0x50, 0x51, 0x51, 0x52, 0x53, 0x53, 0x54, 0x55, 0x55, 0x56, 0x57, 0x57, 0x58, 0x59, 0x59, 0x5a, 0x60, 0x61, 0x61, 0x62, 0x63, 0x63, 0x64, 0x65, 0x65, 0x66, 0x67, 0x67, 0x68, 0x69,
	0x69, 0x6a, 0x6b, 0x6b, 0x6c, 0x6d, 0x6d, 0x6e, 0x6f, 0x6f, 0x70, 0x71, 0x71, 0x72, 0x73, 0x73, 0x74, 0x75, 0x80, 0x81, 0x81, 0x82, 0x83, 0x83, 0x84, 0x85, 0x85, 0x86, 0x87, 0x87, 0x88, 0x89, 0x89, 0x8a, 0x65, 0x65, 0x90, 0x91, 0x91, 0x91,
	0x92, 0x92, 0x93, 0x94, 0x94, 0x95, 0x96, 0x96, 0x98, 0x98, 0xa0, 0xa0, 0xa1, 0xa2, 0xa2, 0xa3, 0xa4, 0xa4, 0xa5, 0xa6, 0xa6, 0xa7, 0xa7, 0xa8, 0xa9, 0xa9, 0xaa, 0xab, 0xab, 0xac, 0xad, 0xad, 0xae, 0xaf, 0xaf, 0xb0, 0xb0, 0xb1, 0xb2, 0xb2,
	0xb3, 0xb4, 0xc0, 0xc0, 0xc1, 0xc1, 0xc2, 0xc3, 0xc3, 0xc4, 0xc4, 0xc5, 0xc5, 0xc6, 0xca, 0xca, 0xcb, 0xcc, 0x8b, 0x8b, 0x8c, 0x8d, 0x8d, 0x8e, 0x8f, 0x8f, 0xd0, 0xd1, 0xd1, 0xd2, 0xd3, 0xd3, 0xd4, 0xd5, 0x51, 0x52, 0x52, 0xe1, 0xe2, 0xe4,
	0xe4, 0xe5, 0xe6, 0xe6, 0xe6, 0xe7, 0x85, 0x87, 0x87, 0x88, 0xf0, 0xf1, 0xf2, 0xf3, 0xf4, 0xf5, 0xf6, 0xf7, 0xf8, 0xf9, 0xfa, 0xfb, 0xfc, 0xfd, 0xfe, 0xff, 0x00, 0x00, 0x01, 0x02, 0x02, 0x03, 0x04, 0x04, 0x05, 0x06, 0x06, 0x07, 0x07, 0x08,
	0x09, 0x09, 0x0a, 0x0b, 0x0b, 0x0c, 0x0d, 0x0d, 0x0e, 0x0f, 0x0f, 0x10, 0x10, 0x11, 0x12, 0x12, 0x13, 0x14, 0x20, 0x20, 0x21, 0x22, 0x22, 0x23, 0x24, 0x24, 0x25, 0x25, 0x26, 0x27, 0x27, 0x28, 0x29, 0x29, 0x2a, 0x2a, 0x2b, 0x2c, 0x2c, 0x2d,
	0x2e, 0x2e, 0x2f, 0x2f, 0x30, 0x31, 0x31, 0x32, 0x33, 0x33, 0x5a, 0x5b, 0x5b, 0x5c, 0x5d, 0x5d, 0x5e, 0x5f, 0x5f, 0x40, 0x40, 0x41, 0x42, 0x42, 0x43, 0x44, 0x50, 0x50, 0x51, 0x52, 0x52, 0x53, 0x54, 0x54, 0x55, 0x56, 0x56, 0x57, 0x57, 0x58,
	0x59, 0x59, 0x60, 0x60, 0x61, 0x62, 0x62, 0x63, 0x64, 0x64, 0x65, 0x66, 0x66, 0x67, 0x67, 0x68, 0x69, 0x69, 0x6a, 0x6b, 0x6b, 0x6c, 0x6d, 0x6d, 0x6e, 0x6f, 0x6f, 0x70, 0x70, 0x71, 0x72, 0x72, 0x73, 0x74, 0x80, 0x80, 0x81, 0x82, 0x82, 0x83,
	0x84, 0x84, 0x85, 0x86, 0x86, 0x87, 0x87, 0x88, 0x89, 0x89, 0x65, 0x65, 0x65, 0x91, 0x91, 0x91, 0x91, 0x92, 0x92, 0x93, 0x94, 0x95, 0x95, 0x96, 0x96, 0x98, 0xa0, 0xa0, 0xa1, 0xa2, 0xa2, 0xa3, 0xa3, 0xa4, 0xa5, 0xa5, 0xa6, 0xa6, 0xa7, 0xa8,
	0xa8, 0xa9, 0xa9, 0xaa, 0xab, 0xab, 0xac, 0xad, 0xad, 0xae, 0xae, 0xaf, 0xb0, 0xb0, 0xb1, 0xb1, 0xb2, 0xb3, 0xc0, 0xc0, 0xc0, 0xc1, 0xc2, 0xc2, 0xc3, 0xc3, 0xc4, 0xc4, 0xc5, 0xc5, 0xc5, 0xca, 0xcb, 0xcc, 0x8a, 0x8b, 0x8b, 0x8c, 0x8d, 0x8d,
	0x8e, 0x8f, 0x8f, 0xd0, 0xd0, 0xd1, 0xd2, 0xd2, 0xd3, 0xd4, 0x51, 0x52, 0x52, 0xe1, 0x54, 0xe2, 0xe4, 0xe5, 0xe6, 0xe6, 0xe6, 0xe6, 0x85, 0x85, 0x87, 0x87, 0xf0, 0xf1, 0xf2, 0xf3, 0xf4, 0xf5, 0xf6, 0xf7, 0xf8, 0xf9, 0xfa, 0xfb, 0xfc, 0xfd,
	0xfe, 0xff, 0x00, 0x00, 0x01, 0x02, 0x02, 0x03, 0x03, 0x04, 0x05, 0x05, 0x06, 0x06, 0x07, 0x08, 0x08, 0x09, 0x09, 0x0a, 0x0b, 0x0b, 0x0c, 0x0d, 0x0d, 0x0e, 0x0e, 0x0f, 0x10, 0x10, 0x11, 0x11, 0x12, 0x13, 0x20, 0x20, 0x21, 0x21, 0x22, 0x23,
	0x23, 0x24, 0x24, 0x25, 0x26, 0x26, 0x27, 0x27, 0x28, 0x29, 0x29, 0x2a, 0x2a, 0x2b, 0x2c, 0x2c, 0x2d, 0x2d, 0x2e, 0x2f, 0x2f, 0x30, 0x30, 0x31, 0x32, 0x32, 0x59, 0x5a, 0x5b, 0x5b, 0x5c, 0x5d, 0x5d, 0x5e, 0x5e, 0x5f, 0x40, 0x40, 0x41, 0x41,
	0x42, 0x43, 0x50, 0x50, 0x51, 0x52, 0x52, 0x53, 0x53, 0x54, 0x55, 0x55, 0x56, 0x56, 0x57, 0x58, 0x58, 0x59, 0x60, 0x60, 0x61, 0x62, 0x62, 0x63, 0x63, 0x64, 0x65, 0x65, 0x66, 0x66, 0x67, 0x68, 0x68, 0x69, 0x69, 0x6a, 0x6b, 0x6b, 0x6c, 0x6d,
	0x6d, 0x6e, 0x6e, 0x6f, 0x70, 0x70, 0x71, 0x71, 0x72, 0x73, 0x80, 0x80, 0x81, 0x82, 0x82, 0x83, 0x83, 0x84, 0x85, 0x85, 0x86, 0x86, 0x87, 0x88, 0x88, 0x89, 0x64, 0x65, 0x65, 0x90, 0x91, 0x91, 0x91, 0x92, 0x92, 0x93, 0x93, 0x94, 0x94, 0x95,
	0x96, 0x96, 0xa0, 0xa0, 0xa1, 0xa1, 0xa2, 0xa3, 0xa3, 0xa4, 0xa4, 0xa5, 0xa5, 0xa6, 0xa7, 0xa7, 0xa8, 0xa8, 0xa9, 0xa9, 0xaa, 0xab, 0xab, 0xac, 0xac, 0xad, 0xae, 0xae, 0xaf, 0xaf, 0xb0, 0xb0, 0xb1, 0xb2, 0xc0, 0xc0, 0xc0, 0xc1, 0xc2, 0xc2,
	0xc3, 0xc3, 0xc4, 0xc4, 0xc4, 0xc5, 0xc5, 0xca, 0xcb, 0xcb, 0x89, 0x8a, 0x8b, 0x8b, 0x8c, 0x8d, 0x8d, 0x8e, 0x8e, 0x8f, 0xd0, 0xd0, 0xd1, 0xd1, 0xd2, 0xd3, 0x51, 0x52, 0x52, 0x53, 0x54, 0x54, 0xe4, 0xe4, 0xe5, 0xe6, 0xe6, 0xe6, 0x85, 0x85,
	0x86, 0x87, 0xf0, 0xf1, 0xf2, 0xf3, 0xf4, 0xf5, 0xf6, 0xf7, 0xf8, 0xf9, 0xfa, 0xfb, 0xfc, 0xfd, 0xfe, 0xff, 0x00, 0x00, 0x01, 0x01, 0x02, 0x03, 0x03, 0x04, 0x04, 0x05, 0x05, 0x06, 0x07, 0x07, 0x08, 0x08, 0x09, 0x09, 0x0a, 0x0b, 0x0b, 0x0c,
	0x0c, 0x0d, 0x0e, 0x0e, 0x0f, 0x0f, 0x10, 0x10, 0x11, 0x12, 0x20, 0x20, 0x21, 0x21, 0x22, 0x22, 0x23, 0x23, 0x24, 0x25, 0x25, 0x26, 0x26, 0x27, 0x27, 0x28, 0x28, 0x29, 0x29, 0x2a, 0x2b, 0x2b, 0x2c, 0x2c, 0x2d, 0x2d, 0x2e, 0x2e, 0x2f, 0x2f,
	0x30, 0x31, 0x59, 0x59, 0x5a, 0x5b, 0x5b, 0x5c, 0x5c, 0x5d, 0x5e, 0x5e, 0x5f, 0x5f, 0x40, 0x40, 0x41, 0x42, 0x50, 0x50, 0x51, 0x51, 0x52, 0x53, 0x53, 0x54, 0x54, 0x55, 0x55, 0x56, 0x57, 0x57, 0x58, 0x58, 0x60, 0x60, 0x61, 0x61, 0x62, 0x63,
	0x63, 0x64, 0x64, 0x65, 0x65, 0x66, 0x67, 0x67, 0x68, 0x68, 0x69, 0x69, 0x6a, 0x6b, 0x6b, 0x6c, 0x6c, 0x6d, 0x6e, 0x6e, 0x6f, 0x6f, 0x70, 0x70, 0x71, 0x72, 0x80, 0x80, 0x81, 0x81, 0x82, 0x83, 0x83, 0x84, 0x84, 0x85, 0x85, 0x86, 0x87, 0x87,
	0x88, 0x88, 0x64, 0x64, 0x65, 0x65, 0x90, 0x91, 0x91, 0x91, 0x91, 0x92, 0x93, 0x93, 0x94, 0x94, 0x95, 0x96, 0xa0, 0xa0, 0xa1, 0xa1, 0xa2, 0xa2, 0xa3, 0xa3, 0xa4, 0xa5, 0xa5, 0xa6, 0xa6, 0xa7, 0xa7, 0xa8, 0xa8, 0xa9, 0xa9, 0xaa, 0xab, 0xab,
	0xac, 0xac, 0xad, 0xad, 0xae, 0xae, 0xaf, 0xaf, 0xb0, 0xb1, 0xc0, 0xc0, 0xc0, 0xc1, 0xc1, 0xc2, 0xc2, 0xc3, 0xc3, 0xc4, 0xc4, 0xc4, 0xc5, 0xc5, 0xca, 0xcb, 0x89, 0x89, 0x8a, 0x8b, 0x8b, 0x8c, 0x8c, 0x8d, 0x8e, 0x8e, 0x8f, 0x8f, 0xd0, 0xd0,
	0xd1, 0xd2, 0x51, 0x51, 0x52, 0x53, 0x53, 0x54, 0xe4, 0xe4, 0xe5, 0xe6, 0xe6, 0xe6, 0x85, 0x85, 0x85, 0x86, 0xf0, 0xf1, 0xf2, 0xf3, 0xf4, 0xf5, 0xf6, 0xf7, 0xf8, 0xf9, 0xfa, 0xfb, 0xfc, 0xfd, 0xfe, 0xff, 0x00, 0x00, 0x01, 0x01, 0x02, 0x02,
	0x03, 0x03, 0x04, 0x05, 0x05, 0x06, 0x06, 0x07, 0x07, 0x08, 0x08, 0x09, 0x09, 0x0a, 0x0b, 0x0b, 0x0c, 0x0c, 0x0d, 0x0d, 0x0e, 0x0e, 0x0f, 0x0f, 0x10, 0x11, 0x20, 0x20, 0x21, 0x21, 0x22, 0x22, 0x23, 0x23, 0x24, 0x24, 0x25, 0x25, 0x26, 0x26,
	0x27, 0x27, 0x28, 0x28, 0x29, 0x29, 0x2a, 0x2a, 0x2b, 0x2b, 0x2c, 0x2c, 0x2d, 0x2d, 0x2e, 0x2e, 0x2f, 0x30, 0x58, 0x59, 0x59, 0x5a, 0x5b, 0x5b, 0x5c, 0x5c, 0x5d, 0x5d, 0x5e, 0x5e, 0x5f, 0x5f, 0x40, 0x41, 0x50, 0x50, 0x51, 0x51, 0x52, 0x52,
	0x53, 0x53, 0x54, 0x55, 0x55, 0x56, 0x56, 0x57, 0x57, 0x58, 0x60, 0x60, 0x61, 0x61, 0x62, 0x62, 0x63, 0x63, 0x64, 0x65, 0x65, 0x66, 0x66, 0x67, 0x67, 0x68, 0x68, 0x69, 0x69, 0x6a, 0x6b, 0x6b, 0x6c, 0x6c, 0x6d, 0x6d, 0x6e, 0x6e, 0x6f, 0x6f,
	0x70, 0x71, 0x80, 0x80, 0x81, 0x81, 0x82, 0x82, 0x83, 0x83, 0x84, 0x85, 0x85, 0x86, 0x86, 0x87, 0x87, 0x88, 0x64, 0x64, 0x65, 0x65, 0x66, 0x91, 0x91, 0x91, 0x91, 0x91, 0x92, 0x93, 0x93, 0x94, 0x95, 0x95, 0xa0, 0xa0, 0xa1, 0xa1, 0xa2, 0xa2,
	0xa3, 0xa3, 0xa4, 0xa4, 0xa5, 0xa5, 0xa6, 0xa6, 0xa7, 0xa7, 0xa8, 0xa8, 0xa9, 0xa9, 0xaa, 0xaa, 0xab, 0xab, 0xac, 0xac, 0xad, 0xad, 0xae, 0xae, 0xaf, 0xb0, 0xc0, 0xc0, 0xc0, 0xc0, 0xc1, 0xc2, 0xc2, 0xc3, 0xc3, 0xc3, 0xc4, 0xc4, 0xc4, 0xc5,
	0xc5, 0xcb, 0x88, 0x89, 0x89, 0x8a, 0x8b, 0x8b, 0x8c, 0x8c, 0x8d, 0x8d, 0x8e, 0x8e, 0x8f, 0x8f, 0xd0, 0xd1, 0x50, 0x51, 0x52, 0x52, 0x53, 0x54, 0x54, 0xe4, 0xe5, 0xe5, 0xe6, 0xe6, 0x85, 0x85, 0x85, 0x85, 0xf0, 0xf1, 0xf2, 0xf3, 0xf4, 0xf5,
	0xf6, 0xf7, 0xf8, 0xf9, 0xfa, 0xfb, 0xfc, 0xfd, 0xfe, 0xff, 0x00, 0x00, 0x01, 0x01, 0x02, 0x02, 0x03, 0x03, 0x04, 0x04, 0x05, 0x05, 0x06, 0x06, 0x07, 0x07, 0x08, 0x08, 0x09, 0x09, 0x0a, 0x0a, 0x0b, 0x0b, 0x0c, 0x0c, 0x0d, 0x0d, 0x0e, 0x0e,
	0x0f, 0x10, 0x00, 0x20, 0x20, 0x21, 0x21, 0x22, 0x22, 0x23, 0x23, 0x24, 0x24, 0x25, 0x25, 0x26, 0x26, 0x27, 0x27, 0x28, 0x28, 0x29, 0x29, 0x2a, 0x2a, 0x2b, 0x2b, 0x2c, 0x2c, 0x2d, 0x2d, 0x2e, 0x2e, 0x2e, 0x58, 0x58, 0x59, 0x59, 0x5a, 0x5a,
	0x5b, 0x5b, 0x5c, 0x5c, 0x5d, 0x5d, 0x5e, 0x5e, 0x5f, 0x40, 0x50, 0x50, 0x51, 0x51, 0x52, 0x52, 0x53, 0x53, 0x54, 0x54, 0x55, 0x55, 0x56, 0x56, 0x57, 0x57, 0x60, 0x60, 0x61, 0x61, 0x62, 0x62, 0x63, 0x63, 0x64, 0x64, 0x65, 0x65, 0x66, 0x66,
	0x67, 0x67, 0x68, 0x68, 0x69, 0x69, 0x6a, 0x6a, 0x6b, 0x6b, 0x6c, 0x6c, 0x6d, 0x6d, 0x6e, 0x6e, 0x6f, 0x70, 0x80, 0x80, 0x81, 0x81, 0x82, 0x82, 0x83, 0x83, 0x84, 0x84, 0x85, 0x85, 0x86, 0x86, 0x87, 0x87, 0x63, 0x64, 0x64, 0x65, 0x65, 0x67,
	0x91, 0x91, 0x91, 0x91, 0x92, 0x92, 0x93, 0x93, 0x94, 0x94, 0x00, 0xa0, 0xa0, 0xa1, 0xa1, 0xa2, 0xa2, 0xa3, 0xa3, 0xa4, 0xa4, 0xa5, 0xa5, 0xa6, 0xa6, 0xa6, 0xa7, 0xa7, 0xa8, 0xa8, 0xa9, 0xa9, 0xaa, 0xaa, 0xab, 0xab, 0xac, 0xac, 0xad, 0xad,
	0xae, 0xae, 0xc0, 0xc0, 0xc0, 0xc0, 0xc1, 0xc1, 0xc2, 0xc2, 0xc3, 0xc3, 0xc3, 0xc4, 0xc4, 0xc4, 0xc5, 0xca, 0x88, 0x88, 0x89, 0x89, 0x8a, 0x8a, 0x8b, 0x8b, 0x8c, 0x8c, 0x8d, 0x8d, 0x8e, 0x8e, 0x8f, 0xd0, 0x50, 0x51, 0x52, 0x52, 0x53, 0x54,
	0x54, 0xe4, 0xe4, 0xe5, 0xe5, 0x83, 0x83, 0x85, 0x85, 0x85, 0xf0, 0xf1, 0xf2, 0xf3, 0xf4, 0xf5, 0xf6, 0xf7, 0xf8, 0xf9, 0xfa, 0xfb, 0xfc, 0xfd, 0xfe, 0xff, 0x00, 0x00, 0x00, 0x01, 0x01, 0x02, 0x02, 0x03, 0x03, 0x04, 0x04, 0x05, 0x05, 0x06,
	0x06, 0x07, 0x07, 0x08, 0x08, 0x09, 0x09, 0x0a, 0x0a, 0x0b, 0x0b, 0x0c, 0x0c, 0x0d, 0x0d, 0x0e, 0x0e, 0x0e, 0x00, 0x20, 0x20, 0x21, 0x21, 0x22, 0x22, 0x23, 0x23, 0x23, 0x24, 0x24, 0x25, 0x25, 0x26, 0x26, 0x27, 0x27, 0x28, 0x28, 0x28, 0x29,
	0x29, 0x2a, 0x2a, 0x2b, 0x2b, 0x2c, 0x2c, 0x2d, 0x2d, 0x2d, 0x57, 0x58, 0x58, 0x59, 0x59, 0x5a, 0x5a, 0x5b, 0x5b, 0x5c, 0x5c, 0x5d, 0x5d, 0x5e, 0x5e, 0x5e, 0x00, 0x50, 0x50, 0x51, 0x51, 0x52, 0x52, 0x53, 0x53, 0x54, 0x54, 0x55, 0x55, 0x56,
	0x56, 0x57, 0x00, 0x60, 0x60, 0x61, 0x61, 0x62, 0x62, 0x63, 0x63, 0x64, 0x64, 0x65, 0x65, 0x66, 0x66, 0x67, 0x67, 0x68, 0x68, 0x69, 0x69, 0x6a, 0x6a, 0x6b, 0x6b, 0x6c, 0x6c, 0x6d, 0x6d, 0x6e, 0x6e, 0x6e, 0x00, 0x80, 0x80, 0x81, 0x81, 0x82,
	0x82, 0x83, 0x83, 0x84, 0x84, 0x85, 0x85, 0x86, 0x86, 0x87, 0x63, 0x63, 0x64, 0x64, 0x65, 0x65, 0x90, 0x91, 0x91, 0x91, 0x91, 0x91, 0x92, 0x92, 0x93, 0x93, 0x00, 0xa0, 0xa0, 0xa1, 0xa1, 0xa2, 0xa2, 0xa2, 0xa3, 0xa3, 0xa4, 0xa4, 0xa5, 0xa5,
	0xa6, 0xa6, 0xa6, 0xa7, 0xa7, 0xa8, 0xa8, 0xa9, 0xa9, 0xa9, 0xaa, 0xaa, 0xab, 0xab, 0xac, 0xac, 0xad, 0xad, 0x00, 0xc0, 0xc0, 0xc0, 0xc1, 0xc1, 0xc2, 0xc2, 0xc2, 0xc3, 0xc3, 0xc3, 0xc3, 0xc4, 0xc4, 0xc4, 0x87, 0x88, 0x88, 0x89, 0x89, 0x8a,
	0x8a, 0x8b, 0x8b, 0x8c, 0x8c, 0x8d, 0x8d, 0x8e, 0x8e, 0x8e, 0x50, 0x51, 0x52, 0x52, 0x53, 0x53, 0x54, 0x54, 0xe4, 0xe4, 0xe5, 0x82, 0x83, 0x83, 0x85, 0x85, 0xf0, 0xf1, 0xf2, 0xf3, 0xf4, 0xf5, 0xf6, 0xf7, 0xf8, 0xf9, 0xfa, 0xfb, 0xfc, 0xfd,
	0xfe, 0xff, 0x00, 0x00, 0x00, 0x01, 0x01, 0x02, 0x02, 0x03, 0x03, 0x03, 0x04, 0x04, 0x05, 0x05, 0x06, 0x06, 0x07, 0x07, 0x08, 0x08, 0x08, 0x09, 0x09, 0x0a, 0x0a, 0x0b, 0x0b, 0x0c, 0x0c, 0x0d, 0x0d, 0x0d, 0x00, 0x20, 0x20, 0x21, 0x21, 0x21,
	0x22, 0x22, 0x23, 0x23, 0x23, 0x24, 0x24, 0x25, 0x25, 0x25, 0x26, 0x26, 0x27, 0x27, 0x27, 0x28, 0x28, 0x29, 0x29, 0x29, 0x2a, 0x2a, 0x2b, 0x2b, 0x2c, 0x2c, 0x57, 0x57, 0x58, 0x58, 0x58, 0x59, 0x59, 0x5a, 0x5a, 0x5b, 0x5b, 0x5c, 0x5c, 0x5d,
	0x5d, 0x5d, 0x00, 0x50, 0x50, 0x51, 0x51, 0x52, 0x52, 0x53, 0x53, 0x53, 0x54, 0x54, 0x55, 0x55, 0x56, 0x56, 0x00, 0x60, 0x60, 0x61, 0x61, 0x62, 0x62, 0x63, 0x63, 0x63, 0x64, 0x64, 0x65, 0x65, 0x66, 0x66, 0x67, 0x67, 0x68, 0x68, 0x68, 0x69,
	0x69, 0x6a, 0x6a, 0x6b, 0x6b, 0x6c, 0x6c, 0x6d, 0x6d, 0x6d, 0x00, 0x80, 0x80, 0x81, 0x81, 0x82, 0x82, 0x83, 0x83, 0x83, 0x84, 0x84, 0x85, 0x85, 0x86, 0x86, 0x63, 0x63, 0x64, 0x64, 0x65, 0x65, 0x65, 0x91, 0x90, 0x91, 0x91, 0x91, 0x91, 0x92,
	0x92, 0x93, 0x00, 0xa0, 0xa0, 0xa1, 0xa1, 0xa1, 0xa2, 0xa2, 0xa3, 0xa3, 0xa3, 0xa4, 0xa4, 0xa5, 0xa5, 0xa5, 0xa6, 0xa6, 0xa7, 0xa7, 0xa7, 0xa8, 0xa8, 0xa9, 0xa9, 0xa9, 0xaa, 0xaa, 0xab, 0xab, 0xac, 0xac, 0x00, 0xc0, 0xc0, 0xc0, 0xc0, 0xc1,
	0xc1, 0xc2, 0xc2, 0xc2, 0xc3, 0xc3, 0xc3, 0xc3, 0xc4, 0xc4, 0x87, 0x87, 0x88, 0x88, 0x88, 0x89, 0x89, 0x8a, 0x8a, 0x8b, 0x8b, 0x8c, 0x8c, 0x8d, 0x8d, 0x8d, 0x50, 0x50, 0x51, 0x52, 0x52, 0x53, 0x53, 0x54, 0xe4, 0xe4, 0xe4, 0x81, 0x82, 0x83,
	0x83, 0x84, 0xf0, 0xf1, 0xf2, 0xf3, 0xf4, 0xf5, 0xf6, 0xf7, 0xf8, 0xf9, 0xfa, 0xfb, 0xfc, 0xfd, 0xfe, 0xff, 0x00, 0x00, 0x00, 0x01, 0x01, 0x01, 0x02, 0x02, 0x03, 0x03, 0x04, 0x04, 0x04, 0x05, 0x05, 0x06, 0x06, 0x07, 0x07, 0x07, 0x08, 0x08,
	0x09, 0x09, 0x09, 0x0a, 0x0a, 0x0b, 0x0b, 0x0c, 0x0c, 0x0c, 0x00, 0x20, 0x20, 0x20, 0x21, 0x21, 0x22, 0x22, 0x22, 0x23, 0x23, 0x23, 0x24, 0x24, 0x25, 0x25, 0x25, 0x26, 0x26, 0x26, 0x27, 0x27, 0x28, 0x28, 0x28, 0x29, 0x29, 0x29, 0x2a, 0x2a,
	0x2b, 0x2b, 0x56, 0x57, 0x57, 0x57, 0x58, 0x58, 0x59, 0x59, 0x59, 0x5a, 0x5a, 0x5b, 0x5b, 0x5c, 0x5c, 0x5c, 0x00, 0x50, 0x50, 0x51, 0x51, 0x51, 0x52, 0x52, 0x53, 0x53, 0x54, 0x54, 0x54, 0x55, 0x55, 0x56, 0x00, 0x60, 0x60, 0x61, 0x61, 0x61,
	0x62, 0x62, 0x63, 0x63, 0x64, 0x64, 0x64, 0x65, 0x65, 0x66, 0x66, 0x67, 0x67, 0x67, 0x68, 0x68, 0x69, 0x69, 0x69, 0x6a, 0x6a, 0x6b, 0x6b, 0x6c, 0x6c, 0x6c, 0x00, 0x80, 0x80, 0x81, 0x81, 0x81, 0x82, 0x82, 0x83, 0x83, 0x84, 0x84, 0x84, 0x85,
	0x85, 0x86, 0x63, 0x63, 0x63, 0x64, 0x64, 0x65, 0x65, 0x65, 0x67, 0x91, 0x91, 0x91, 0x91, 0x91, 0x92, 0x92, 0x00, 0xa0, 0xa0, 0xa0, 0xa1, 0xa1, 0xa2, 0xa2, 0xa2, 0xa3, 0xa3, 0xa3, 0xa4, 0xa4, 0xa5, 0xa5, 0xa5, 0xa6, 0xa6, 0xa6, 0xa7, 0xa7,
	0xa8, 0xa8, 0xa8, 0xa9, 0xa9, 0xa9, 0xaa, 0xaa, 0xab, 0xab, 0x00, 0xc0, 0xc0, 0xc0, 0xc0, 0xc1, 0xc1, 0xc1, 0xc2, 0xc2, 0xc2, 0xc2, 0xc3, 0xc3, 0xc3, 0xc3, 0x86, 0x87, 0x87, 0x87, 0x88, 0x88, 0x89, 0x89, 0x89, 0x8a, 0x8a, 0x8b, 0x8b, 0x8c,
	0x8c, 0x8c, 0x50, 0x50, 0x51, 0x52, 0x52, 0x53, 0x53, 0x54, 0x54, 0x54, 0x54, 0x81, 0x81, 0x82, 0x83, 0x83, 0xf0, 0xf1, 0xf2, 0xf3, 0xf4, 0xf5, 0xf6, 0xf7, 0xf8, 0xf9, 0xfa, 0xfb, 0xfc, 0xfd, 0xfe, 0xff, 0x00, 0x00, 0x00, 0x00, 0x01, 0x01,
	0x02, 0x02, 0x02, 0x03, 0x03, 0x04, 0x04, 0x04, 0x05, 0x05, 0x06, 0x06, 0x06, 0x07, 0x07, 0x07, 0x08, 0x08, 0x09, 0x09, 0x09, 0x0a, 0x0a, 0x0b, 0x0b, 0x0b, 0x00, 0x20, 0x20, 0x20, 0x21, 0x21, 0x21, 0x22, 0x22, 0x22, 0x23, 0x23, 0x23, 0x24,
	0x24, 0x24, 0x25, 0x25, 0x25, 0x26, 0x26, 0x26, 0x27, 0x27, 0x27, 0x28, 0x28, 0x28, 0x29, 0x29, 0x2a, 0x2a, 0x56, 0x56, 0x56, 0x57, 0x57, 0x57, 0x58, 0x58, 0x59, 0x59, 0x59, 0x5a, 0x5a, 0x5b, 0x5b, 0x5b, 0x00, 0x50, 0x50, 0x50, 0x51, 0x51,
	0x52, 0x52, 0x52, 0x53, 0x53, 0x54, 0x54, 0x54, 0x55, 0x55, 0x00, 0x60, 0x60, 0x60, 0x61, 0x61, 0x62, 0x62, 0x62, 0x63, 0x63, 0x64, 0x64, 0x64, 0x65, 0x65, 0x66, 0x66, 0x66, 0x67, 0x67, 0x67, 0x68, 0x68, 0x69, 0x69, 0x69, 0x6a, 0x6a, 0x6b,
	0x6b, 0x6b, 0x00, 0x80, 0x80, 0x80, 0x81, 0x81, 0x82, 0x82, 0x82, 0x83, 0x83, 0x84, 0x84, 0x84, 0x85, 0x85, 0x63, 0x62, 0x63, 0x64, 0x64, 0x64, 0x65, 0x65, 0x65, 0x67, 0x91, 0x91, 0x91, 0x91, 0x91, 0x91, 0x00, 0xa0, 0xa0, 0xa0, 0xa1, 0xa1,
	0xa1, 0xa2, 0xa2, 0xa2, 0xa3, 0xa3, 0xa3, 0xa4, 0xa4, 0xa4, 0xa5, 0xa5, 0xa5, 0xa6, 0xa6, 0xa6, 0xa7, 0xa7, 0xa7, 0xa8, 0xa8, 0xa8, 0xa9, 0xa9, 0xaa, 0xaa, 0x00, 0xc0, 0xc0, 0xc0, 0xc0, 0xc0, 0xc1, 0xc1, 0xc2, 0xc2, 0xc2, 0xc2, 0xc2, 0xc3,
	0xc3, 0xc3, 0x86, 0x86, 0x86, 0x87, 0x87, 0x87, 0x88, 0x88, 0x89, 0x89, 0x89, 0x8a, 0x8a, 0x8b, 0x8b, 0x8b, 0x50, 0x50, 0x51, 0x51, 0x52, 0x53, 0x53, 0x53, 0x54, 0x54, 0x54, 0x80, 0x81, 0x81, 0x82, 0x83, 0xf0, 0xf1, 0xf2, 0xf3, 0xf4, 0xf5,
	0xf6, 0xf7, 0xf8, 0xf9, 0xfa, 0xfb, 0xfc, 0xfd, 0xfe, 0xff, 0x00, 0x00, 0x00, 0x00, 0x01, 0x01, 0x01, 0x02, 0x02, 0x02, 0x03, 0x03, 0x04, 0x04, 0x04, 0x05, 0x05, 0x05, 0x06, 0x06, 0x06, 0x07, 0x07, 0x07, 0x08, 0x08, 0x09, 0x09, 0x09, 0x0a,
	0x0a, 0x0a, 0x00, 0x00, 0x20, 0x20, 0x20, 0x21, 0x21, 0x21, 0x22, 0x22, 0x22, 0x23, 0x23, 0x23, 0x24, 0x24, 0x24, 0x24, 0x25, 0x25, 0x25, 0x26, 0x26, 0x26, 0x27, 0x27, 0x27, 0x28, 0x28, 0x28, 0x29, 0x29, 0x55, 0x55, 0x56, 0x56, 0x56, 0x57,
	0x57, 0x57, 0x58, 0x58, 0x59, 0x59, 0x59, 0x5a, 0x5a, 0x5a, 0x00, 0x50, 0x50, 0x50, 0x51, 0x51, 0x51, 0x52, 0x52, 0x52, 0x53, 0x53, 0x54, 0x54, 0x54, 0x55, 0x00, 0x60, 0x60, 0x60, 0x61, 0x61, 0x61, 0x62, 0x62, 0x62, 0x63, 0x63, 0x64, 0x64,
	0x64, 0x65, 0x65, 0x65, 0x66, 0x66, 0x66, 0x67, 0x67, 0x67, 0x68, 0x68, 0x69, 0x69, 0x69, 0x6a, 0x6a, 0x6a, 0x00, 0x80, 0x80, 0x80, 0x81, 0x81, 0x81, 0x82, 0x82, 0x82, 0x83, 0x83, 0x84, 0x84, 0x84, 0x85, 0x62, 0x62, 0x63, 0x63, 0x64, 0x64,
	0x64, 0x65, 0x65, 0x65, 0x66, 0x67, 0x91, 0x91, 0x91, 0x91, 0x00, 0x00, 0xa0, 0xa0, 0xa0, 0xa1, 0xa1, 0xa1, 0xa1, 0xa2, 0xa2, 0xa2, 0xa3, 0xa3, 0xa3, 0xa4, 0xa4, 0xa4, 0xa4, 0xa5, 0xa5, 0xa5, 0xa6, 0xa6, 0xa6, 0xa7, 0xa7, 0xa7, 0xa7, 0xa8,
	0xa8, 0xa8, 0x00, 0xc0, 0xc0, 0xc0, 0xc0, 0xc0, 0xc0, 0xc1, 0xc1, 0xc1, 0xc2, 0xc2, 0xc2, 0xc2, 0xc2, 0xc3, 0x85, 0x85, 0x86, 0x86, 0x86, 0x87, 0x87, 0x87, 0x88, 0x88, 0x89, 0x89, 0x89, 0x8a, 0x8a, 0x8a, 0x50, 0x50, 0x50, 0x51, 0x51, 0x52,
	0x53, 0x53, 0x53, 0x54, 0x54, 0x80, 0x80, 0x81, 0x81, 0x82, 0xf0, 0xf1, 0xf2, 0xf3, 0xf4, 0xf5, 0xf6, 0xf7, 0xf8, 0xf9, 0xfa, 0xfb, 0xfc, 0xfd, 0xfe, 0xff, 0x00, 0x00, 0x00, 0x00, 0x00, 0x01, 0x01, 0x01, 0x02, 0x02, 0x02, 0x03, 0x03, 0x03,
	0x04, 0x04, 0x04, 0x05, 0x05, 0x05, 0x06, 0x06, 0x06, 0x07, 0x07, 0x07, 0x08, 0x08, 0x08, 0x09, 0x09, 0x09, 0x00, 0x00, 0x20, 0x20, 0x20, 0x20, 0x21, 0x21, 0x21, 0x21, 0x22, 0x22, 0x22, 0x22, 0x23, 0x23, 0x23, 0x24, 0x24, 0x24, 0x24, 0x25,
	0x25, 0x25, 0x25, 0x26, 0x26, 0x26, 0x26, 0x27, 0x27, 0x27, 0x54, 0x55, 0x55, 0x55, 0x56, 0x56, 0x56, 0x57, 0x57, 0x57, 0x58, 0x58, 0x58, 0x59, 0x59, 0x59, 0x00, 0x00, 0x50, 0x50, 0x50, 0x51, 0x51, 0x51, 0x52, 0x52, 0x52, 0x53, 0x53, 0x53,
	0x54, 0x54, 0x00, 0x00, 0x60, 0x60, 0x60, 0x61, 0x61, 0x61, 0x62, 0x62, 0x62, 0x63, 0x63, 0x63, 0x64, 0x64, 0x64, 0x65, 0x65, 0x65, 0x66, 0x66, 0x66, 0x67, 0x67, 0x67, 0x68, 0x68, 0x68, 0x69, 0x69, 0x69, 0x00, 0x00, 0x80, 0x80, 0x80, 0x81,
	0x81, 0x81, 0x82, 0x82, 0x82, 0x83, 0x83, 0x83, 0x84, 0x84, 0x62, 0x62, 0x62, 0x62, 0x63, 0x63, 0x64, 0x64, 0x64, 0x65, 0x65, 0x65, 0x67, 0x67, 0x91, 0x91, 0x00, 0x00, 0xa0, 0xa0, 0xa0, 0xa0, 0xa1, 0xa1, 0xa1, 0xa1, 0xa2, 0xa2, 0xa2, 0xa2,
	0xa3, 0xa3, 0xa3, 0xa4, 0xa4, 0xa4, 0xa4, 0xa5, 0xa5, 0xa5, 0xa5, 0xa6, 0xa6, 0xa6, 0xa6, 0xa7, 0xa7, 0xa7, 0x00, 0x00, 0xc0, 0xc0, 0xc0, 0xc0, 0xc0, 0xc0, 0xc1, 0xc1, 0xc1, 0xc1, 0xc2, 0xc2, 0xc2, 0xc2, 0x84, 0x85, 0x85, 0x85, 0x86, 0x86,
	0x86, 0x87, 0x87, 0x87, 0x88, 0x88, 0x88, 0x89, 0x89, 0x89, 0x50, 0x50, 0x50, 0x50, 0x51, 0x52, 0x52, 0x53, 0x53, 0x53, 0x53, 0x80, 0x80, 0x80, 0x81, 0x81, 0xf0, 0xf1, 0xf2, 0xf3, 0xf4, 0xf5, 0xf6, 0xf7, 0xf8, 0xf9, 0xfa, 0xfb, 0xfc, 0xfd,
	0xfe, 0xff, 0x00, 0x00, 0x00, 0x00, 0x00, 0x01, 0x01, 0x01, 0x01, 0x02, 0x02, 0x02, 0x03, 0x03, 0x03, 0x04, 0x04, 0x04, 0x04, 0x05, 0x05, 0x05, 0x06, 0x06, 0x06, 0x07, 0x07, 0x07, 0x07, 0x08, 0x08, 0x08, 0x00, 0x00, 0x00, 0x20, 0x20, 0x20,
	0x20, 0x21, 0x21, 0x21, 0x21, 0x22, 0x22, 0x22, 0x22, 0x22, 0x23, 0x23, 0x23, 0x23, 0x24, 0x24, 0x24, 0x24, 0x25, 0x25, 0x25, 0x25, 0x26, 0x26, 0x26, 0x26, 0x54, 0x54, 0x54, 0x55, 0x55, 0x55, 0x56, 0x56, 0x56, 0x57, 0x57, 0x57, 0x57, 0x58,
	0x58, 0x58, 0x00, 0x00, 0x50, 0x50, 0x50, 0x51, 0x51, 0x51, 0x51, 0x52, 0x52, 0x52, 0x53, 0x53, 0x53, 0x54, 0x00, 0x00, 0x60, 0x60, 0x60, 0x61, 0x61, 0x61, 0x61, 0x62, 0x62, 0x62, 0x63, 0x63, 0x63, 0x64, 0x64, 0x64, 0x64, 0x65, 0x65, 0x65,
	0x66, 0x66, 0x66, 0x67, 0x67, 0x67, 0x67, 0x68, 0x68, 0x68, 0x00, 0x00, 0x80, 0x80, 0x80, 0x81, 0x81, 0x81, 0x81, 0x82, 0x82, 0x82, 0x83, 0x83, 0x83, 0x84, 0x62, 0x62, 0x62, 0x62, 0x63, 0x63, 0x63, 0x64, 0x64, 0x64, 0x65, 0x65, 0x65, 0x65,
	0x67, 0x67, 0x00, 0x00, 0x00, 0xa0, 0xa0, 0xa0, 0xa0, 0xa1, 0xa1, 0xa1, 0xa1, 0xa2, 0xa2, 0xa2, 0xa2, 0xa2, 0xa3, 0xa3, 0xa3, 0xa3, 0xa4, 0xa4, 0xa4, 0xa4, 0xa5, 0xa5, 0xa5, 0xa5, 0xa6, 0xa6, 0xa6, 0xa6, 0x00, 0x00, 0xc0, 0xc0, 0xc0, 0xc0,
	0xc0, 0xc0, 0xc0, 0xc1, 0xc1, 0xc1, 0xc1, 0xc1, 0xc1, 0xc2, 0x84, 0x84, 0x84, 0x85, 0x85, 0x85, 0x86, 0x86, 0x86, 0x87, 0x87, 0x87, 0x87, 0x88, 0x88, 0x88, 0x50, 0x50, 0x50, 0x50, 0x50, 0x51, 0x52, 0x53, 0x53, 0x53, 0x53, 0x80, 0x80, 0x80,
	0x80, 0x80, 0xf0, 0xf1, 0xf2, 0xf3, 0xf4, 0xf5, 0xf6, 0xf7, 0xf8, 0xf9, 0xfa, 0xfb, 0xfc, 0xfd, 0xfe, 0xff, 0x00, 0x00, 0x00, 0x00, 0x00, 0x00, 0x01, 0x01, 0x01, 0x01, 0x02, 0x02, 0x02, 0x02, 0x03, 0x03, 0x03, 0x04, 0x04, 0x04, 0x04, 0x05,
	0x05, 0x05, 0x05, 0x06, 0x06, 0x06, 0x06, 0x07, 0x07, 0x07, 0x00, 0x00, 0x00, 0x20, 0x20, 0x20, 0x20, 0x20, 0x21, 0x21, 0x21, 0x21, 0x21, 0x22, 0x22, 0x22, 0x22, 0x22, 0x23, 0x23, 0x23, 0x23, 0x23, 0x24, 0x24, 0x24, 0x24, 0x24, 0x25, 0x25,
	0x25, 0x25, 0x53, 0x54, 0x54, 0x54, 0x54, 0x55, 0x55, 0x55, 0x55, 0x56, 0x56, 0x56, 0x56, 0x57, 0x57, 0x57, 0x00, 0x00, 0x50, 0x50, 0x50, 0x50, 0x51, 0x51, 0x51, 0x51, 0x52, 0x52, 0x52, 0x52, 0x53, 0x53, 0x00, 0x00, 0x60, 0x60, 0x60, 0x60,
	0x61, 0x61, 0x61, 0x61, 0x62, 0x62, 0x62, 0x62, 0x63, 0x63, 0x63, 0x64, 0x64, 0x64, 0x64, 0x65, 0x65, 0x65, 0x65, 0x66, 0x66, 0x66, 0x66, 0x67, 0x67, 0x67, 0x00, 0x00, 0x80, 0x80, 0x80, 0x80, 0x81, 0x81, 0x81, 0x81, 0x82, 0x82, 0x82, 0x82,
	0x83, 0x83, 0x61, 0x61, 0x62, 0x62, 0x62, 0x62, 0x63, 0x63, 0x64, 0x64, 0x64, 0x64, 0x65, 0x65, 0x65, 0x65, 0x00, 0x00, 0x00, 0xa0, 0xa0, 0xa0, 0xa0, 0xa0, 0xa1, 0xa1, 0xa1, 0xa1, 0xa1, 0xa2, 0xa2, 0xa2, 0xa2, 0xa2, 0xa3, 0xa3, 0xa3, 0xa3,
	0xa3, 0xa4, 0xa4, 0xa4, 0xa4, 0xa4, 0xa5, 0xa5, 0xa5, 0xa5, 0x00, 0x00, 0x00, 0xc0, 0xc0, 0xc0, 0xc0, 0xc0, 0xc0, 0xc0, 0xc0, 0xc1, 0xc1, 0xc1, 0xc1, 0xc1, 0x83, 0x84, 0x84, 0x84, 0x84, 0x85, 0x85, 0x85, 0x85, 0x86, 0x86, 0x86, 0x86, 0x87,
	0x87, 0x87, 0x50, 0x50, 0x50, 0x50, 0x50, 0x50, 0x50, 0x52, 0x53, 0x53, 0x53, 0x80, 0x80, 0x80, 0x80, 0x80, 0xf0, 0xf1, 0xf2, 0xf3, 0xf4, 0xf5, 0xf6, 0xf7, 0xf8, 0xf9, 0xfa, 0xfb, 0xfc, 0xfd, 0xfe, 0xff, 0x00, 0x00, 0x00, 0x00, 0x00, 0x00,
	0x00, 0x01, 0x01, 0x01, 0x01, 0x02, 0x02, 0x02, 0x02, 0x02, 0x03, 0x03, 0x03, 0x03, 0x04, 0x04, 0x04, 0x04, 0x05, 0x05, 0x05, 0x05, 0x06, 0x06, 0x06, 0x06, 0x00, 0x00, 0x00, 0x00, 0x20, 0x20, 0x20, 0x20, 0x20, 0x20, 0x21, 0x21, 0x21, 0x21,
	0x21, 0x21, 0x22, 0x22, 0x22, 0x22, 0x22, 0x22, 0x23, 0x23, 0x23, 0x23, 0x23, 0x23, 0x24, 0x24, 0x24, 0x24, 0x53, 0x53, 0x53, 0x53, 0x54, 0x54, 0x54, 0x54, 0x55, 0x55, 0x55, 0x55, 0x56, 0x56, 0x56, 0x56, 0x00, 0x00, 0x00, 0x50, 0x50, 0x50,
	0x50, 0x51, 0x51, 0x51, 0x51, 0x52, 0x52, 0x52, 0x52, 0x52, 0x00, 0x00, 0x00, 0x60, 0x60, 0x60, 0x60, 0x61, 0x61, 0x61, 0x61, 0x62, 0x62, 0x62, 0x62, 0x62, 0x63, 0x63, 0x63, 0x63, 0x64, 0x64, 0x64, 0x64, 0x65, 0x65, 0x65, 0x65, 0x66, 0x66,
	0x66, 0x66, 0x00, 0x00, 0x00, 0x80, 0x80, 0x80, 0x80, 0x81, 0x81, 0x81, 0x81, 0x82, 0x82, 0x82, 0x82, 0x82, 0x61, 0x61, 0x61, 0x62, 0x62, 0x62, 0x62, 0x62, 0x63, 0x63, 0x64, 0x64, 0x64, 0x64, 0x65, 0x65, 0x00, 0x00, 0x00, 0x00, 0xa0, 0xa0,
	0xa0, 0xa0, 0xa0, 0xa0, 0xa1, 0xa1, 0xa1, 0xa1, 0xa1, 0xa1, 0xa2, 0xa2, 0xa2, 0xa2, 0xa2, 0xa2, 0xa3, 0xa3, 0xa3, 0xa3, 0xa3, 0xa3, 0xa4, 0xa4, 0xa4, 0xa4, 0x00, 0x00, 0x00, 0xc0, 0xc0, 0xc0, 0xc0, 0xc0, 0xc0, 0xc0, 0xc0, 0xc0, 0xc0, 0xc1,
	0xc1, 0xc1, 0x83, 0x83, 0x83, 0x83, 0x84, 0x84, 0x84, 0x84, 0x85, 0x85, 0x85, 0x85, 0x86, 0x86, 0x86, 0x86, 0x00, 0x50, 0x50, 0x50, 0x50, 0x50, 0x50, 0x50, 0x52, 0x52, 0x50, 0x80, 0x80, 0x80, 0x80, 0x80, 0xf0, 0xf1, 0xf2, 0xf3, 0xf4, 0xf5,
	0xf6, 0xf7, 0xf8, 0xf9, 0xfa, 0xfb, 0xfc, 0xfd, 0xfe, 0xff, 0x00, 0x00, 0x00, 0x00, 0x00, 0x00, 0x00, 0x00, 0x01, 0x01, 0x01, 0x01, 0x01, 0x02, 0x02, 0x02, 0x02, 0x02, 0x03, 0x03, 0x03, 0x03, 0x03, 0x04, 0x04, 0x04, 0x04, 0x04, 0x05, 0x05,
	0x05, 0x05, 0x00, 0x00, 0x00, 0x00, 0x00, 0x00, 0x00, 0x20, 0x20, 0x20, 0x20, 0x20, 0x20, 0x20, 0x21, 0x21, 0x21, 0x21, 0x21, 0x21, 0x21, 0x21, 0x22, 0x22, 0x22, 0x22, 0x22, 0x22, 0x22, 0x22, 0x23, 0x23, 0x52, 0x52, 0x53, 0x53, 0x53, 0x53,
	0x53, 0x54, 0x54, 0x54, 0x54, 0x54, 0x55, 0x55, 0x55, 0x55, 0x00, 0x00, 0x00, 0x50, 0x50, 0x50, 0x50, 0x50, 0x51, 0x51, 0x51, 0x51, 0x51, 0x52, 0x52, 0x52, 0x00, 0x00, 0x00, 0x60, 0x60, 0x60, 0x60, 0x60, 0x61, 0x61, 0x61, 0x61, 0x61, 0x62,
	0x62, 0x62, 0x62, 0x62, 0x63, 0x63, 0x63, 0x63, 0x63, 0x64, 0x64, 0x64, 0x64, 0x64, 0x65, 0x65, 0x65, 0x65, 0x00, 0x00, 0x00, 0x80, 0x80, 0x80, 0x80, 0x80, 0x81, 0x81, 0x81, 0x81, 0x81, 0x82, 0x82, 0x82, 0x60, 0x61, 0x61, 0x61, 0x62, 0x62,
	0x62, 0x62, 0x62, 0x62, 0x63, 0x63, 0x63, 0x64, 0x64, 0x64, 0x00, 0x00, 0x00, 0x00, 0x00, 0x00, 0x00, 0xa0, 0xa0, 0xa0, 0xa0, 0xa0, 0xa0, 0xa0, 0xa1, 0xa1, 0xa1, 0xa1, 0xa1, 0xa1, 0xa1, 0xa1, 0xa2, 0xa2, 0xa2, 0xa2, 0xa2, 0xa2, 0xa2, 0xa2,
	0xa3, 0xa3, 0x00, 0x00, 0x00, 0x00, 0xc0, 0xc0, 0xc0, 0xc0, 0xc0, 0xc0, 0xc0, 0xc0, 0xc0, 0xc0, 0xc0, 0xc0, 0x82, 0x82, 0x83, 0x83, 0x83, 0x83, 0x83, 0x84, 0x84, 0x84, 0x84, 0x84, 0x85, 0x85, 0x85, 0x85, 0x00, 0x00, 0x50, 0x50, 0x50, 0x50,
	0x50, 0x50, 0x50, 0x50, 0x50, 0x50, 0x80, 0x80, 0x80, 0x80, 0xf0, 0xf1, 0xf2, 0xf3, 0xf4, 0xf5, 0xf6, 0xf7, 0xf8, 0xf9, 0xfa, 0xfb, 0xfc, 0xfd, 0xfe, 0xff, 0x00, 0x00, 0x00, 0x00, 0x00, 0x00, 0x00, 0x00, 0x00, 0x00, 0x01, 0x01, 0x01, 0x01,
	0x01, 0x01, 0x02, 0x02, 0x02, 0x02, 0x02, 0x02, 0x03, 0x03, 0x03, 0x03, 0x03, 0x03, 0x04, 0x04, 0x04, 0x04, 0x00, 0x00, 0x00, 0x00, 0x00, 0x00, 0x00, 0x00, 0x00, 0x20, 0x20, 0x20, 0x20, 0x20, 0x20, 0x20, 0x20, 0x20, 0x20, 0x20, 0x21, 0x21,
	0x21, 0x21, 0x21, 0x21, 0x21, 0x21, 0x21, 0x21, 0x22, 0x22, 0x52, 0x52, 0x52, 0x52, 0x52, 0x52, 0x53, 0x53, 0x53, 0x53, 0x53, 0x53, 0x54, 0x54, 0x54, 0x54, 0x00, 0x00, 0x00, 0x00, 0x50, 0x50, 0x50, 0x50, 0x50, 0x50, 0x51, 0x51, 0x51, 0x51,
	0x51, 0x51, 0x00, 0x00, 0x00, 0x00, 0x60, 0x60, 0x60, 0x60, 0x60, 0x60, 0x61, 0x61, 0x61, 0x61, 0x61, 0x61, 0x62, 0x62, 0x62, 0x62, 0x62, 0x62, 0x63, 0x63, 0x63, 0x63, 0x63, 0x63, 0x64, 0x64, 0x64, 0x64, 0x00, 0x00, 0x00, 0x00, 0x80, 0x80,
	0x80, 0x80, 0x80, 0x80, 0x81, 0x81, 0x81, 0x81, 0x81, 0x81, 0x60, 0x60, 0x60, 0x61, 0x61, 0x61, 0x61, 0x62, 0x62, 0x62, 0x62, 0x62, 0x62, 0x63, 0x63, 0x63, 0x00, 0x00, 0x00, 0x00, 0x00, 0x00, 0x00, 0x00, 0x00, 0xa0, 0xa0, 0xa0, 0xa0, 0xa0,
	0xa0, 0xa0, 0xa0, 0xa0, 0xa0, 0xa0, 0xa1, 0xa1, 0xa1, 0xa1, 0xa1, 0xa1, 0xa1, 0xa1, 0xa1, 0xa1, 0xa2, 0xa2, 0x00, 0x00, 0x00, 0x00, 0x00, 0xc0, 0xc0, 0xc0, 0xc0, 0xc0, 0xc0, 0xc0, 0xc0, 0xc0, 0xc0, 0xc0, 0x82, 0x82, 0x82, 0x82, 0x82, 0x82,
	0x83, 0x83, 0x83, 0x83, 0x83, 0x83, 0x84, 0x84, 0x84, 0x84, 0x00, 0x00, 0x50, 0x50, 0x50, 0x50, 0x50, 0x50, 0x50, 0x50, 0x50, 0x50, 0x50, 0x80, 0x80, 0x80, 0xf0, 0xf1, 0xf2, 0xf3, 0xf4, 0xf5, 0xf6, 0xf7, 0xf8, 0xf9, 0xfa, 0xfb, 0xfc, 0xfd,
	0xfe, 0xff, 0x00, 0x00, 0x00, 0x00, 0x00, 0x00, 0x00, 0x00, 0x00, 0x00, 0x00, 0x00, 0x00, 0x01, 0x01, 0x01, 0x01, 0x01, 0x01, 0x01, 0x02, 0x02, 0x02, 0x02, 0x02, 0x02, 0x02, 0x03, 0x03, 0x03, 0x03, 0x03, 0x00, 0x00, 0x00, 0x00, 0x00, 0x00,
	0x00, 0x00, 0x00, 0x00, 0x00, 0x00, 0x00, 0x00, 0x00, 0x20, 0x20, 0x20, 0x20, 0x20, 0x20, 0x20, 0x20, 0x20, 0x20, 0x20, 0x20, 0x20, 0x20, 0x20, 0x21, 0x21, 0x51, 0x51, 0x51, 0x51, 0x52, 0x52, 0x52, 0x52, 0x52, 0x52, 0x52, 0x53, 0x53, 0x53,
	0x53, 0x53, 0x00, 0x00, 0x00, 0x00, 0x00, 0x00, 0x50, 0x50, 0x50, 0x50, 0x50, 0x50, 0x50, 0x51, 0x51, 0x51, 0x00, 0x00, 0x00, 0x00, 0x00, 0x00, 0x60, 0x60, 0x60, 0x60, 0x60, 0x60, 0x60, 0x61, 0x61, 0x61, 0x61, 0x61, 0x61, 0x61, 0x62, 0x62,
	0x62, 0x62, 0x62, 0x62, 0x62, 0x63, 0x63, 0x63, 0x63, 0x63, 0x00, 0x00, 0x00, 0x00, 0x00, 0x00, 0x80, 0x80, 0x80, 0x80, 0x80, 0x80, 0x80, 0x81, 0x81, 0x81, 0x60, 0x60, 0x60, 0x60, 0x60, 0x61, 0x61, 0x61, 0x61, 0x62, 0x62, 0x62, 0x62, 0x62,
	0x62, 0x62, 0x00, 0x00, 0x00, 0x00, 0x00, 0x00, 0x00, 0x00, 0x00, 0x00, 0x00, 0x00, 0x00, 0x00, 0x00, 0xa0, 0xa0, 0xa0, 0xa0, 0xa0, 0xa0, 0xa0, 0xa0, 0xa0, 0xa0, 0xa0, 0xa0, 0xa0, 0xa0, 0xa0, 0xa1, 0xa1, 0x00, 0x00, 0x00, 0x00, 0x00, 0x00,
	0x00, 0xc0, 0xc0, 0xc0, 0xc0, 0xc0, 0xc0, 0xc0, 0xc0, 0xc0, 0x81, 0x81, 0x81, 0x81, 0x82, 0x82, 0x82, 0x82, 0x82, 0x82, 0x82, 0x83, 0x83, 0x83, 0x83, 0x83, 0x00, 0x00, 0x00, 0x50, 0x50, 0x50, 0x50, 0x50, 0x50, 0x50, 0x50, 0x50, 0x50, 0x00,
	0x00, 0x80, 0xf0, 0xf1, 0xf2, 0xf3, 0xf4, 0xf5, 0xf6, 0xf7, 0xf8, 0xf9, 0xfa, 0xfb, 0xfc, 0xfd, 0xfe, 0xff, 0x00, 0x00, 0x00, 0x00, 0x00, 0x00, 0x00, 0x00, 0x00, 0x00, 0x00, 0x00, 0x00, 0x00, 0x00, 0x00, 0x00, 0x01, 0x01, 0x01, 0x01, 0x01,
	0x01, 0x01, 0x01, 0x01, 0x02, 0x02, 0x02, 0x02, 0x02, 0x02, 0x00, 0x00, 0x00, 0x00, 0x00, 0x00, 0x00, 0x00, 0x00, 0x00, 0x00, 0x00, 0x00, 0x00, 0x00, 0x00, 0x00, 0x00, 0x00, 0x00, 0x00, 0x00, 0x00, 0x00, 0x00, 0x00, 0x00, 0x00, 0x00, 0x00,
	0x00, 0x20, 0x50, 0x51, 0x51, 0x51, 0x51, 0x51, 0x51, 0x51, 0x51, 0x51, 0x52, 0x52, 0x52, 0x52, 0x52, 0x52, 0x00, 0x00, 0x00, 0x00, 0x00, 0x00, 0x00, 0x00, 0x50, 0x50, 0x50, 0x50, 0x50, 0x50, 0x50, 0x50, 0x00, 0x00, 0x00, 0x00, 0x00, 0x00,
	0x00, 0x00, 0x60, 0x60, 0x60, 0x60, 0x60, 0x60, 0x60, 0x60, 0x60, 0x61, 0x61, 0x61, 0x61, 0x61, 0x61, 0x61, 0x61, 0x61, 0x62, 0x62, 0x62, 0x62, 0x62, 0x62, 0x00, 0x00, 0x00, 0x00, 0x00, 0x00, 0x00, 0x00, 0x80, 0x80, 0x80, 0x80, 0x80, 0x80,
	0x80, 0x80, 0x60, 0x60, 0x60, 0x60, 0x60, 0x60, 0x60, 0x60, 0x61, 0x61, 0x61, 0x61, 0x61, 0x62, 0x62, 0x62, 0x00, 0x00, 0x00, 0x00, 0x00, 0x00, 0x00, 0x00, 0x00, 0x00, 0x00, 0x00, 0x00, 0x00, 0x00, 0x00, 0x00, 0x00, 0x00, 0x00, 0x00, 0x00,
	0x00, 0x00, 0x00, 0x00, 0x00, 0x00, 0x00, 0x00, 0x00, 0xa0, 0x00, 0x00, 0x00, 0x00, 0x00, 0x00, 0x00, 0x00, 0x00, 0x00, 0xc0, 0xc0, 0xc0, 0xc0, 0xc0, 0xc0, 0x80, 0x81, 0x81, 0x81, 0x81, 0x81, 0x81, 0x81, 0x81, 0x81, 0x82, 0x82, 0x82, 0x82,
	0x82, 0x82, 0x00, 0x00, 0x00, 0x00, 0x00, 0x00, 0x50, 0x50, 0x50, 0x50, 0x50, 0x50, 0x00, 0x00, 0x00, 0x00, 0xf0, 0xf1, 0xf2, 0xf3, 0xf4, 0xf5, 0xf6, 0xf7, 0xf8, 0xf9, 0xfa, 0xfb, 0xfc, 0xfd, 0xfe, 0xff, 0x00, 0x00, 0x00, 0x00, 0x00, 0x00,
	0x00, 0x00, 0x00, 0x00, 0x00, 0x00, 0x00, 0x00, 0x00, 0x00, 0x00, 0x00, 0x00, 0x00, 0x00, 0x00, 0x00, 0x00, 0x01, 0x01, 0x01, 0x01, 0x01, 0x01, 0x01, 0x01, 0x00, 0x00, 0x00, 0x00, 0x00, 0x00, 0x00, 0x00, 0x00, 0x00, 0x00, 0x00, 0x00, 0x00,
	0x00, 0x00, 0x00, 0x00, 0x00, 0x00, 0x00, 0x00, 0x00, 0x00, 0x00, 0x00, 0x00, 0x00, 0x00, 0x00, 0x00, 0x00, 0x50, 0x50, 0x50, 0x50, 0x50, 0x50, 0x50, 0x50, 0x51, 0x51, 0x51, 0x51, 0x51, 0x51, 0x51, 0x51, 0x00, 0x00, 0x00, 0x00, 0x00, 0x00,
	0x00, 0x00, 0x00, 0x00, 0x00, 0x50, 0x50, 0x50, 0x50, 0x50, 0x00, 0x00, 0x00, 0x00, 0x00, 0x00, 0x00, 0x00, 0x00, 0x00, 0x00, 0x60, 0x60, 0x60, 0x60, 0x60, 0x60, 0x60, 0x60, 0x60, 0x60, 0x60, 0x60, 0x60, 0x61, 0x61, 0x61, 0x61, 0x61, 0x61,
	0x61, 0x61, 0x00, 0x00, 0x00, 0x00, 0x00, 0x00, 0x00, 0x00, 0x00, 0x00, 0x00, 0x80, 0x80, 0x80, 0x80, 0x80, 0x60, 0x60, 0x60, 0x60, 0x60, 0x60, 0x60, 0x60, 0x60, 0x60, 0x60, 0x60, 0x60, 0x60, 0x61, 0x61, 0x00, 0x00, 0x00, 0x00, 0x00, 0x00,
	0x00, 0x00, 0x00, 0x00, 0x00, 0x00, 0x00, 0x00, 0x00, 0x00, 0x00, 0x00, 0x00, 0x00, 0x00, 0x00, 0x00, 0x00, 0x00, 0x00, 0x00, 0x00, 0x00, 0x00, 0x00, 0x00, 0x00, 0x00, 0x00, 0x00, 0x00, 0x00, 0x00, 0x00, 0x00, 0x00, 0x00, 0x00, 0x00, 0x00,
	0x00, 0x00, 0x80, 0x80, 0x80, 0x80, 0x80, 0x80, 0x80, 0x80, 0x81, 0x81, 0x81, 0x81, 0x81, 0x81, 0x81, 0x81, 0x00, 0x00, 0x00, 0x00, 0x00, 0x00, 0x00, 0x00, 0x00, 0x00, 0x00, 0x00, 0x00, 0x00, 0x00, 0x00, 0xf0, 0xf1, 0xf2, 0xf3, 0xf4, 0xf5,
	0xf6, 0xf7, 0xf8, 0xf9, 0xfa, 0xfb, 0xfc, 0xfd, 0xfe, 0xff, 0x00, 0x00, 0x00, 0x00, 0x00, 0x00, 0x00, 0x00, 0x00, 0x00, 0x00, 0x00, 0x00, 0x00, 0x00, 0x00, 0x00, 0x00, 0x00, 0x00, 0x00, 0x00, 0x00, 0x00, 0x00, 0x00, 0x00, 0x00, 0x00, 0x00,
	0x00, 0x00, 0x00, 0x00, 0x00, 0x00, 0x00, 0x00, 0x00, 0x00, 0x00, 0x00, 0x00, 0x00, 0x00, 0x00, 0x00, 0x00, 0x00, 0x00, 0x00, 0x00, 0x00, 0x00, 0x00, 0x00, 0x00, 0x00, 0x00, 0x00, 0x00, 0x00, 0x00, 0x00, 0x00, 0x00, 0x00, 0x00, 0x50, 0x50,
	0x50, 0x50, 0x50, 0x50, 0x50, 0x50, 0x50, 0x50, 0x50, 0x50, 0x00, 0x00, 0x00, 0x00, 0x00, 0x00, 0x00, 0x00, 0x00, 0x00, 0x00, 0x00, 0x00, 0x00, 0x00, 0x00, 0x00, 0x00, 0x00, 0x00, 0x00, 0x00, 0x00, 0x00, 0x00, 0x00, 0x00, 0x00, 0x00, 0x00,
	0x00, 0x00, 0x00, 0x00, 0x00, 0x00, 0x60, 0x60, 0x60, 0x60, 0x60, 0x60, 0x60, 0x60, 0x60, 0x60, 0x60, 0x60, 0x00, 0x00, 0x00, 0x00, 0x00, 0x00, 0x00, 0x00, 0x00, 0x00, 0x00, 0x00, 0x00, 0x00, 0x00, 0x00, 0x60, 0x60, 0x60, 0x60, 0x60, 0x60,
	0x60, 0x60, 0x60, 0x60, 0x60, 0x60, 0x60, 0x60, 0x60, 0x60, 0x00, 0x00, 0x00, 0x00, 0x00, 0x00, 0x00, 0x00, 0x00, 0x00, 0x00, 0x00, 0x00, 0x00, 0x00, 0x00, 0x00, 0x00, 0x00, 0x00, 0x00, 0x00, 0x00, 0x00, 0x00, 0x00, 0x00, 0x00, 0x00, 0x00,
	0x00, 0x00, 0x00, 0x00, 0x00, 0x00, 0x00, 0x00, 0x00, 0x00, 0x00, 0x00, 0x00, 0x00, 0x00, 0x00, 0x00, 0x00, 0x00, 0x00, 0x00, 0x00, 0x80, 0x80, 0x80, 0x80, 0x80, 0x80, 0x80, 0x80, 0x80, 0x80, 0x80, 0x80, 0x00, 0x00, 0x00, 0x00, 0x00, 0x00,
	0x00, 0x00, 0x00, 0x00, 0x00, 0x00, 0x00, 0x00, 0x00, 0x00, 0xf0, 0xf1, 0xf2, 0xf3, 0xf4, 0xf5, 0xf6, 0xf7, 0xf8, 0xf9, 0xfa, 0xfb, 0xfc, 0xfd, 0xfe, 0xff, 0x00, 0x00, 0x00, 0x00, 0x00, 0x00, 0x00, 0x00, 0x00, 0x00, 0x00, 0x00, 0x00, 0x00,
	0x00, 0x00, 0x00, 0x00, 0x00, 0x00, 0x00, 0x00, 0x00, 0x00, 0x00, 0x00, 0x00, 0x00, 0x00, 0x00, 0x00, 0x00, 0x00, 0x00, 0x00, 0x00, 0x00, 0x00, 0x00, 0x00, 0x00, 0x00, 0x00, 0x00, 0x00, 0x00, 0x00, 0x00, 0x00, 0x00, 0x00, 0x00, 0x00, 0x00,
	0x00, 0x00, 0x00, 0x00, 0x00, 0x00, 0x00, 0x00, 0x00, 0x00, 0x00, 0x00, 0x00, 0x00, 0x00, 0x00, 0x00, 0x00, 0x00, 0x00, 0x00, 0x00, 0x00, 0x00, 0x00, 0x00, 0x00, 0x00, 0x00, 0x00, 0x00, 0x00, 0x00, 0x00, 0x00, 0x00, 0x00, 0x00, 0x00, 0x00,
	0x00, 0x00, 0x00, 0x00, 0x00, 0x00, 0x00, 0x00, 0x00, 0x00, 0x00, 0x00, 0x00, 0x00, 0x00, 0x00, 0x00, 0x00, 0x00, 0x00, 0x00, 0x00, 0x00, 0x00, 0x00, 0x00, 0x00, 0x00, 0x00, 0x00, 0x00, 0x00, 0x00, 0x00, 0x00, 0x00, 0x00, 0x00, 0x00, 0x00,
	0x00, 0x00, 0x00, 0x00, 0x00, 0x00, 0x00, 0x00, 0x00, 0x00, 0x60, 0x60, 0x60, 0x60, 0x60, 0x60, 0x60, 0x60, 0x60, 0x60, 0x60, 0x60, 0x60, 0x60, 0x60, 0x60, 0x00, 0x00, 0x00, 0x00, 0x00, 0x00, 0x00, 0x00, 0x00, 0x00, 0x00, 0x00, 0x00, 0x00,
	0x00, 0x00, 0x00, 0x00, 0x00, 0x00, 0x00, 0x00, 0x00, 0x00, 0x00, 0x00, 0x00, 0x00, 0x00, 0x00, 0x00, 0x00, 0x00, 0x00, 0x00, 0x00, 0x00, 0x00, 0x00, 0x00, 0x00, 0x00, 0x00, 0x00, 0x00, 0x00, 0x00, 0x00, 0x00, 0x00, 0x00, 0x00, 0x00, 0x00,
	0x00, 0x00, 0x00, 0x00, 0x00, 0x00, 0x00, 0x00, 0x00, 0x00, 0x00, 0x00, 0x00, 0x00, 0x00, 0x00, 0x00, 0x00, 0x00, 0x00, 0x00, 0x00, 0x00, 0x00, 0x00, 0x00, 0xf0, 0xf1, 0xf2, 0xf3, 0xf4, 0xf5, 0xf6, 0xf7, 0xf8, 0xf9, 0xfa, 0xfb, 0xfc, 0xfd,
	0xfe, 0xff, 0xa0, 0xa0, 0x61, 0x62, 0xa4, 0x03, 0x04, 0x04, 0xa9, 0x06, 0x07, 0x07, 0x08, 0x09, 0x09, 0x0a, 0x0a, 0x0b, 0x0b, 0x0c, 0x0c, 0x0d, 0x0d, 0x0e, 0x0e, 0x0f, 0x0f, 0x10, 0x10, 0x11, 0x12, 0x13, 0xa0, 0xa0, 0xa0, 0x22, 0x23, 0x23,
	0x24, 0x25, 0x25, 0x26, 0x26, 0x27, 0x28, 0x29, 0x29, 0x2a, 0x2b, 0x2c, 0x2c, 0x2d, 0x2e, 0xb0, 0xb1, 0xb1, 0xb2, 0xb2, 0xb3, 0xb4, 0xb4, 0xb5, 0xb6, 0xb6, 0x5b, 0x5b, 0x5c, 0x5d, 0x5e, 0x5f, 0x5f, 0x40, 0x41, 0x42, 0x42, 0x43, 0x44, 0x44,
	0x45, 0x46, 0xa0, 0xa0, 0x61, 0x61, 0x53, 0x53, 0x54, 0x55, 0x55, 0x56, 0x57, 0x57, 0x58, 0x58, 0x59, 0x5a, 0xa0, 0xa0, 0x61, 0x62, 0x63, 0x63, 0xa6, 0x65, 0x65, 0x66, 0x66, 0x67, 0x68, 0x68, 0x69, 0x6a, 0x6b, 0x6b, 0x6c, 0x6c, 0x6d, 0x6d,
	0x6e, 0x6e, 0x6f, 0x6f, 0x6f, 0x70, 0x70, 0x71, 0x71, 0x72, 0xa0, 0xa0, 0x81, 0x82, 0x83, 0x83, 0x84, 0x85, 0x85, 0x86, 0x87, 0x87, 0x88, 0x89, 0x89, 0x8a, 0xc1, 0xc1, 0xc2, 0xf0, 0x90, 0x91, 0x91, 0x92, 0x92, 0x93, 0x94, 0x95, 0x95, 0x96,
	0x97, 0x98, 0xa0, 0xa0, 0xa1, 0x61, 0xa2, 0xa3, 0xa4, 0x63, 0xa5, 0xa6, 0xa6, 0xa7, 0xa8, 0xa8, 0xa9, 0xaa, 0xab, 0xac, 0xad, 0xae, 0xaf, 0xb0, 0xb0, 0xb1, 0xb1, 0xb2, 0xb3, 0xb3, 0xb4, 0xb4, 0xb5, 0xb6, 0x24, 0xc0, 0xc0, 0xc1, 0xc2, 0xc2,
	0xc3, 0xc3, 0xc4, 0xc4, 0x2f, 0x30, 0x31, 0x32, 0x33, 0xb5, 0x8a, 0x8a, 0xc5, 0xc5, 0x2f, 0x30, 0x31, 0x32, 0x33, 0x34, 0x35, 0x36, 0x36, 0x72, 0xb8, 0xb8, 0x52, 0x52, 0xe1, 0xe1, 0xe2, 0xe4, 0xe4, 0xf3, 0xe6, 0xe6, 0xe6, 0xe7, 0x88, 0x89,
	0x89, 0x8a, 0x65, 0x93, 0xf1, 0x83, 0xe7, 0xf4, 0x84, 0xf6, 0xf7, 0xf9, 0xf9, 0xfa, 0xfc, 0xfc, 0xfd, 0xf4, 0xa0, 0x61, 0xa2, 0xa4, 0xa5, 0x03, 0x04, 0x05, 0xa9, 0x06, 0x07, 0xad, 0x08, 0x09, 0x09, 0x0a, 0x0a, 0x0b, 0x0c, 0x0c, 0x0c, 0x0d,
	0x0d, 0x0e, 0x0e, 0x0f, 0x0f, 0x10, 0x11, 0x11, 0x12, 0x13, 0xa0, 0xa1, 0x61, 0xa3, 0x23, 0x23, 0x24, 0x25, 0x26, 0x26, 0x27, 0x27, 0x28, 0x29, 0x29, 0x2a, 0x2b, 0x2c, 0x2c, 0x2d, 0x2e, 0xb0, 0xb1, 0xb2, 0xb2, 0xb2, 0xb3, 0xb4, 0xb4, 0xb5,
	0xb6, 0xb7, 0x5b, 0x5c, 0x5c, 0x5d, 0x5e, 0x5f, 0x40, 0x40, 0x41, 0x42, 0x42, 0x43, 0x44, 0x45, 0x45, 0x46, 0xa0, 0x61, 0x61, 0x52, 0x53, 0x53, 0x54, 0x55, 0x56, 0x56, 0x57, 0x57, 0x58, 0x59, 0x59, 0x5a, 0xa0, 0x61, 0xa2, 0xa3, 0x63, 0x03,
	0x64, 0x65, 0x65, 0x66, 0x67, 0x67, 0x68, 0x69, 0x69, 0x6a, 0x6b, 0x6b, 0x6c, 0x6d, 0x6d, 0x6d, 0x6e, 0x6e, 0x6f, 0x6f, 0x70, 0x70, 0x71, 0x71, 0x71, 0x72, 0xa0, 0x81, 0x22, 0x82, 0x83, 0x83, 0x84, 0x85, 0x85, 0x86, 0x87, 0x88, 0x88, 0x89,
	0x89, 0x8a, 0xc1, 0xc1, 0xc2, 0xf0, 0x90, 0x91, 0x91, 0x92, 0x92, 0x93, 0x94, 0x95, 0x95, 0x96, 0x97, 0x98, 0xa0, 0xa1, 0x61, 0xa2, 0xa2, 0xa3, 0xa4, 0x63, 0xa6, 0xa6, 0xa7, 0xa7, 0xa8, 0xa8, 0xa9, 0xaa, 0xab, 0xac, 0xad, 0xae, 0xaf, 0xb0,
	0xb1, 0xb1, 0x0b, 0xb2, 0xb3, 0xb3, 0xb4, 0xb5, 0xb5, 0xb6, 0x24, 0xc0, 0xc0, 0xc1, 0xc2, 0xc2, 0xc3, 0xc3, 0xc4, 0xc5, 0x2f, 0x30, 0x31, 0x32, 0x33, 0xb6, 0x8a, 0x8b, 0xc5, 0xc5, 0x30, 0x31, 0x32, 0x33, 0x33, 0x34, 0x35, 0x36, 0x71, 0x72,
	0xb8, 0x73, 0x52, 0x52, 0xe1, 0xe1, 0xe2, 0xe4, 0xe4, 0xe5, 0xe6, 0xe6, 0xe6, 0xe7, 0x88, 0x89, 0x8a, 0x8a, 0x65, 0x93, 0xf1, 0x83, 0xe7, 0xf4, 0x84, 0xf6, 0xf7, 0xf9, 0xf9, 0xfa, 0xfc, 0xfc, 0xfd, 0xf4, 0x61, 0x61, 0x02, 0xa4, 0x03, 0xa6,
	0x04, 0x05, 0x06, 0x07, 0x07, 0xad, 0x08, 0x09, 0x0a, 0x0a, 0x0b, 0x0b, 0x0c, 0x0c, 0x0d, 0x0d, 0x0e, 0x0e, 0x0f, 0x0f, 0x10, 0x10, 0x11, 0x12, 0x12, 0x13, 0x61, 0x61, 0x22, 0xa3, 0x23, 0x24, 0x25, 0x26, 0x26, 0x26, 0x27, 0x28, 0x29, 0x29,
	0x2a, 0x2b, 0x2b, 0x2c, 0x2d, 0x2d, 0x2f, 0xb1, 0xb1, 0xb2, 0xb2, 0xb3, 0xb4, 0xb4, 0xb5, 0xb6, 0xb6, 0xb7, 0x5b, 0x5c, 0x5d, 0x5e, 0x5f, 0x5f, 0x40, 0x41, 0x42, 0x42, 0x43, 0x44, 0x44, 0x45, 0x46, 0x46, 0x61, 0x61, 0x52, 0x53, 0xa4, 0x54,
	0x55, 0x55, 0x56, 0x56, 0x57, 0x58, 0x59, 0x59, 0x5a, 0x5b, 0x61, 0x61, 0x62, 0xa4, 0x03, 0xa6, 0x64, 0x65, 0x66, 0x66, 0x67, 0x68, 0x68, 0x69, 0x6a, 0x6b, 0x6b, 0x6c, 0x6c, 0x6d, 0x6d, 0x6e, 0x6e, 0x6f, 0x6f, 0x6f, 0x70, 0x70, 0x71, 0x71,
	0x72, 0x72, 0x61, 0x22, 0x82, 0x82, 0x83, 0x84, 0x85, 0x85, 0x86, 0x86, 0x87, 0x88, 0x88, 0x89, 0x8a, 0x8b, 0x29, 0xf0, 0xf0, 0x90, 0x90, 0x91, 0x92, 0x92, 0x93, 0x94, 0x94, 0x95, 0x95, 0x96, 0x97, 0x98, 0x61, 0x61, 0xa2, 0xa3, 0x02, 0xa4,
	0xa5, 0x03, 0xa6, 0x04, 0xa7, 0xa8, 0xa9, 0xa9, 0xaa, 0xab, 0xac, 0xad, 0xae, 0xaf, 0xb0, 0xb0, 0xb1, 0xb2, 0xb2, 0xb3, 0xb3, 0xb4, 0xb5, 0xb5, 0xb6, 0xb6, 0x25, 0xc0, 0x27, 0xc1, 0xc2, 0xc2, 0xc3, 0xc4, 0xc4, 0xc5, 0x30, 0x31, 0x31, 0x33,
	0x34, 0xb6, 0x8b, 0x8b, 0xc5, 0x2f, 0x30, 0x31, 0x32, 0x33, 0x34, 0x34, 0x35, 0x36, 0x37, 0x72, 0xb8, 0xb9, 0x53, 0xe1, 0xe1, 0xe2, 0xe3, 0xe4, 0xe5, 0xe5, 0xe6, 0xe6, 0xe7, 0xe7, 0x89, 0x89, 0x8a, 0x8b, 0x66, 0x93, 0xf1, 0xf3, 0xe7, 0xf4,
	0x84, 0x88, 0xf7, 0xf9, 0xf9, 0xfa, 0xe1, 0xfc, 0xfd, 0xf4, 0xa2, 0xa2, 0xa4, 0x03, 0xa6, 0x04, 0x05, 0xa9, 0x06, 0x07, 0x07, 0x08, 0x09, 0x09, 0x0a, 0x0b, 0x0b, 0x0c, 0x0c, 0x0d, 0x0d, 0x0e, 0x0e, 0x0f, 0x0f, 0x10, 0x10, 0x11, 0x11, 0x12,
	0x13, 0x14, 0xa2, 0xa2, 0xa3, 0x63, 0x24, 0xa5, 0x25, 0x26, 0x26, 0x27, 0x27, 0x28, 0x29, 0x2a, 0x2a, 0x2b, 0x2c, 0x90, 0x2d, 0x2e, 0xb1, 0xb1, 0xb2, 0xb2, 0xb3, 0xb3, 0xb4, 0xb5, 0xb5, 0xb6, 0xb6, 0xb8, 0x5c, 0x5d, 0x5e, 0x5e, 0x5f, 0x40,
	0x40, 0x41, 0x42, 0x43, 0x43, 0x44, 0x45, 0x45, 0x46, 0x47, 0xa2, 0xa2, 0x62, 0xa4, 0x54, 0x55, 0x55, 0x56, 0x56, 0x57, 0x58, 0x58, 0x59, 0x5a, 0x5a, 0x5b, 0xa2, 0xa2, 0xa4, 0x63, 0xa6, 0x64, 0x65, 0x66, 0x66, 0x67, 0x67, 0x68, 0x69, 0x69,
	0x6a, 0x6b, 0x6c, 0x6c, 0x6d, 0x6d, 0x6e, 0x6e, 0x6f, 0x6f, 0x6f, 0x70, 0x70, 0x71, 0x71, 0x72, 0x72, 0x73, 0xa2, 0xa3, 0x23, 0x23, 0x24, 0x84, 0x85, 0x85, 0x86, 0x87, 0x87, 0x88, 0x89, 0x89, 0x8a, 0x8b, 0x29, 0xf0, 0xf0, 0x90, 0x91, 0x91,
	0x92, 0x93, 0x93, 0x94, 0x95, 0x95, 0x96, 0x97, 0x98, 0x98, 0xa2, 0xa2, 0x62, 0xa4, 0xa4, 0xa5, 0x03, 0xa6, 0xa6, 0xa7, 0xa8, 0xa8, 0xa9, 0xaa, 0xab, 0xac, 0xac, 0xad, 0xae, 0xaf, 0xb0, 0xb1, 0xb1, 0xb2, 0xb2, 0xb3, 0xb4, 0xb4, 0xb5, 0xb5,
	0xb6, 0xb7, 0x25, 0xc0, 0xc1, 0x29, 0xc2, 0xc3, 0xc3, 0xc4, 0xc5, 0xc5, 0x30, 0x31, 0x32, 0x33, 0x35, 0x36, 0x8b, 0xc5, 0xc5, 0x30, 0x30, 0x31, 0x32, 0x33, 0x34, 0x35, 0x36, 0x37, 0x37, 0x38, 0xb9, 0xb9, 0xe0, 0xe0, 0xe2, 0xe2, 0xe3, 0xe4,
	0xe5, 0xe6, 0xe6, 0xe7, 0xe7, 0xe7, 0x89, 0x8a, 0x8a, 0x8b, 0x66, 0x93, 0xf1, 0xf3, 0xe8, 0xf4, 0x85, 0x88, 0xf7, 0xf9, 0xfa, 0xfa, 0xe1, 0xe3, 0xfd, 0xf4, 0xa2, 0x62, 0xa4, 0x03, 0x04, 0x04, 0xa9, 0x06, 0x07, 0x07, 0x08, 0x08, 0x09, 0x0a,
	0x0a, 0x0b, 0x0b, 0x0c, 0x0c, 0x0d, 0x0e, 0x0e, 0x0e, 0x0f, 0x0f, 0x10, 0x11, 0x11, 0x12, 0x13, 0x13, 0x14, 0xa2, 0x62, 0xa3, 0x24, 0xa5, 0x25, 0xa7, 0xa8, 0x27, 0x27, 0x28, 0x29, 0x2a, 0x2a, 0x2b, 0x2c, 0x2c, 0x2d, 0x2e, 0x2f, 0x2f, 0xb2,
	0xb2, 0xb3, 0xb3, 0xb4, 0xb5, 0xb5, 0xb6, 0xb6, 0xb7, 0xb8, 0x5c, 0x5d, 0x5e, 0x5f, 0x5f, 0x40, 0x41, 0x41, 0x42, 0x43, 0x44, 0x44, 0x45, 0x46, 0x46, 0x47, 0xa2, 0x62, 0x53, 0xa4, 0x03, 0x55, 0x56, 0x57, 0x57, 0x58, 0x58, 0x59, 0x59, 0x5a,
	0x5b, 0x5c, 0xa2, 0x62, 0xa4, 0xa5, 0x64, 0x65, 0x65, 0x66, 0x67, 0x67, 0x68, 0x68, 0x69, 0x6a, 0x6a, 0x6b, 0x6c, 0x6d, 0x6d, 0x6e, 0x6e, 0x6e, 0x6f, 0x6f, 0x70, 0x70, 0x71, 0x71, 0x72, 0x72, 0x73, 0x73, 0xa2, 0xa3, 0x23, 0x24, 0x25, 0x84,
	0x85, 0x86, 0x86, 0x87, 0x88, 0x88, 0x89, 0x8a, 0x8a, 0x8b, 0x2a, 0xf0, 0x90, 0x91, 0x91, 0x92, 0x92, 0x93, 0x94, 0x94, 0x95, 0x96, 0x96, 0x97, 0x98, 0x98, 0xa2, 0x62, 0xa4, 0xa4, 0xa5, 0x03, 0xa6, 0x04, 0xa7, 0xa8, 0xa8, 0xa9, 0xaa, 0xab,
	0xab, 0xac, 0xad, 0xae, 0xaf, 0xb0, 0xb0, 0xb1, 0x0b, 0xb2, 0xb3, 0xb3, 0xb4, 0xb5, 0xb5, 0xb6, 0xb7, 0xb8, 0x26, 0x27, 0xc1, 0x29, 0xc2, 0xc3, 0xc4, 0xc4, 0xc5, 0xc5, 0x30, 0x31, 0x32, 0x34, 0x35, 0xb7, 0x8b, 0xc5, 0xc5, 0x30, 0x31, 0x32,
	0x33, 0x34, 0x35, 0x35, 0x36, 0x37, 0x37, 0x38, 0xb9, 0xb9, 0x55, 0xe0, 0xe2, 0xe2, 0xe4, 0xe5, 0xe5, 0xe6, 0xe6, 0xe7, 0xe7, 0xe7, 0x8a, 0x8a, 0x8a, 0x8b, 0x66, 0x94, 0xf1, 0xf3, 0xe8, 0xf4, 0x85, 0x88, 0xf7, 0xf9, 0xfa, 0xfa, 0xe1, 0xe3,
	0xfd, 0xf4, 0x62, 0xa4, 0xa5, 0xa6, 0x04, 0x05, 0xa9, 0x06, 0x07, 0xad, 0x08, 0x09, 0x09, 0x0a, 0x0b, 0x0b, 0x0c, 0x0c, 0x0d, 0x0d, 0x0e, 0x0e, 0x0f, 0x0f, 0x10, 0x11, 0x11, 0x12, 0x12, 0x13, 0x14, 0x15, 0x62, 0xa4, 0xa4, 0xa5, 0xa6, 0x25,
	0xa7, 0xa8, 0xa8, 0x28, 0x29, 0x29, 0x2a, 0x2b, 0x2b, 0x2c, 0x2d, 0x2d, 0x2e, 0x2f, 0x30, 0xb2, 0xb2, 0xb3, 0xb3, 0xb4, 0xb5, 0xb5, 0xb6, 0xb7, 0xb8, 0xb8, 0x5d, 0x5e, 0x5e, 0x5f, 0x40, 0x40, 0x41, 0x42, 0x43, 0x44, 0x44, 0x45, 0x45, 0x46,
	0x47, 0x47, 0x62, 0xa4, 0xa4, 0x54, 0x55, 0x56, 0x56, 0x57, 0x57, 0x58, 0x59, 0x59, 0x5a, 0x5b, 0x5b, 0x5c, 0x62, 0xa4, 0xa4, 0x03, 0xa7, 0x65, 0x66, 0xa9, 0x06, 0x68, 0x68, 0x69, 0x69, 0x6a, 0x6b, 0x6c, 0x6c, 0x6d, 0x6e, 0x6e, 0x6e, 0x6f,
	0x6f, 0x70, 0x70, 0x71, 0x71, 0x71, 0x72, 0x73, 0x73, 0x74, 0x62, 0xa3, 0x24, 0x25, 0x25, 0x26, 0x27, 0x86, 0x87, 0x87, 0x88, 0x89, 0x8a, 0x8a, 0x8b, 0x8b, 0x2a, 0xf0, 0x90, 0x91, 0x91, 0x92, 0x93, 0x93, 0x94, 0x94, 0x95, 0x96, 0x97, 0x98,
	0x98, 0x99, 0x62, 0xa4, 0xa4, 0xa5, 0x03, 0xa6, 0x04, 0xa7, 0xa8, 0x05, 0xa9, 0xa9, 0xab, 0xab, 0xac, 0xac, 0xae, 0xae, 0xaf, 0xb0, 0xb1, 0xb1, 0xb2, 0xb3, 0xb3, 0xb4, 0xb4, 0xb5, 0xb6, 0xb6, 0xb7, 0xb8, 0x26, 0x27, 0x29, 0xc2, 0x2b, 0xc3,
	0xc4, 0xc4, 0xc5, 0x30, 0x31, 0x32, 0x33, 0x34, 0x35, 0xb7, 0x8b, 0xc5, 0xc6, 0x30, 0x32, 0x33, 0x33, 0x34, 0x35, 0x36, 0x36, 0x37, 0x38, 0x38, 0xb9, 0xba, 0x55, 0xe0, 0xe2, 0xe3, 0xe4, 0xe5, 0xe5, 0xe6, 0xe7, 0xe7, 0xe7, 0xe8, 0xe9, 0x8a,
	0x8b, 0x8b, 0x67, 0x94, 0x9a, 0xf3, 0xe8, 0xf4, 0x85, 0x89, 0xf7, 0xf9, 0xfa, 0xfa, 0xe0, 0xe3, 0xfd, 0xf4, 0xa4, 0xa4, 0x03, 0x04, 0x04, 0xa9, 0x06, 0x07, 0x07, 0x08, 0x08, 0x09, 0x0a, 0x0a, 0x0b, 0x0c, 0x0c, 0x0d, 0x0d, 0x0e, 0x0e, 0x0f,
	0x0f, 0x10, 0x10, 0x11, 0x12, 0x12, 0x13, 0x13, 0x15, 0x16, 0xa4, 0x63, 0xa5, 0xa6, 0xa7, 0x26, 0xa8, 0xa8, 0xa9, 0x29, 0x29, 0x2a, 0x2a, 0x2b, 0x2c, 0x2c, 0x2d, 0x2e, 0x2f, 0x30, 0x31, 0x31, 0xb3, 0xb4, 0xb4, 0xb4, 0xb5, 0xb6, 0xb6, 0xb7,
	0xb8, 0xb9, 0x5e, 0x5e, 0x5f, 0x40, 0x40, 0x41, 0x42, 0x42, 0x44, 0x44, 0x45, 0x45, 0x46, 0x47, 0x47, 0x48, 0xa4, 0xa4, 0x54, 0x03, 0xa6, 0x04, 0x57, 0x05, 0x58, 0x59, 0x59, 0x5a, 0x5b, 0x5b, 0x5c, 0x5c, 0xa4, 0xa4, 0x03, 0xa6, 0xa7, 0x66,
	0x66, 0x06, 0x67, 0x68, 0x69, 0x69, 0x6a, 0x6b, 0x6b, 0x6c, 0x6d, 0x6e, 0x6e, 0x6e, 0x6f, 0x6f, 0x6f, 0x70, 0x71, 0x71, 0x72, 0x72, 0x73, 0x73, 0x74, 0x74, 0xa4, 0xa4, 0xa5, 0x25, 0x26, 0x27, 0x28, 0x28, 0x87, 0x88, 0x88, 0x89, 0x8a, 0x8a,
	0x8b, 0x8c, 0x2b, 0x90, 0x90, 0x91, 0x92, 0x92, 0x93, 0x94, 0x94, 0x95, 0x95, 0x96, 0x97, 0x98, 0x99, 0x99, 0xa4, 0x63, 0xa5, 0x03, 0xa6, 0xa6, 0xa7, 0xa8, 0xa8, 0xa9, 0xaa, 0xab, 0xab, 0xac, 0xac, 0xad, 0xae, 0xaf, 0xb0, 0xb0, 0xb1, 0xb2,
	0xb2, 0xb3, 0xb3, 0xb4, 0xb5, 0xb5, 0xb6, 0xb6, 0xb7, 0xb8, 0x27, 0xc1, 0x29, 0x2a, 0x2b, 0x90, 0xc4, 0xc5, 0xc5, 0x30, 0x31, 0x33, 0x33, 0x35, 0x36, 0x37, 0x8c, 0xc5, 0xc6, 0x31, 0x32, 0x33, 0x34, 0x34, 0x35, 0x36, 0x37, 0x38, 0x38, 0x39,
	0xb9, 0x3a, 0x56, 0x55, 0x55, 0xe3, 0xe4, 0xe5, 0xe6, 0xe6, 0xe7, 0xe7, 0xe7, 0xe9, 0xe9, 0x8a, 0x8b, 0x8c, 0x67, 0x95, 0x9a, 0xf3, 0xe8, 0xf4, 0x86, 0x89, 0xf7, 0xf9, 0xfa, 0xfa, 0xe0, 0xe3, 0xfd, 0xf4, 0xa4, 0xa5, 0xa6, 0x04, 0x05, 0xa9,
	0x06, 0x07, 0x07, 0x08, 0x09, 0x09, 0x0a, 0x0b, 0x0b, 0x0c, 0x0c, 0x0d, 0x0e, 0x0e, 0x0e, 0x0f, 0x10, 0x10, 0x11, 0x11, 0x12, 0x12, 0x13, 0x14, 0x15, 0x16, 0xa4, 0xa5, 0xa5, 0xa6, 0xa7, 0xa8, 0xa8, 0xa9, 0xaa, 0xaa, 0x2a, 0x2a, 0xad, 0x2c,
	0x2c, 0x2d, 0x2e, 0x2f, 0xb1, 0x30, 0x31, 0xb2, 0xb3, 0xb4, 0xb4, 0xb5, 0xb6, 0xb6, 0xb7, 0xb8, 0xb8, 0xb9, 0x5e, 0x5f, 0x5f, 0x40, 0x41, 0x41, 0x42, 0x43, 0x44, 0x44, 0x45, 0x46, 0x46, 0x47, 0x48, 0x48, 0xa4, 0xa5, 0x03, 0xa6, 0x04, 0x56,
	0x57, 0x58, 0x58, 0x59, 0x5a, 0x5b, 0x5b, 0x5c, 0x5c, 0x5d, 0xa4, 0xa5, 0xa6, 0x04, 0x65, 0xa9, 0x66, 0x67, 0x68, 0x68, 0x69, 0x6a, 0x6a, 0x6b, 0x6c, 0x6d, 0x6d, 0x6e, 0x6e, 0x6f, 0x6f, 0x6f, 0x70, 0x70, 0x71, 0x71, 0x72, 0x72, 0x73, 0x74,
	0x74, 0x74, 0xa4, 0xa5, 0x25, 0x25, 0x26, 0x27, 0x28, 0x28, 0x2a, 0x88, 0x2b, 0x8a, 0x8a, 0x8a, 0x8b, 0x8c, 0xad, 0x90, 0x90, 0x91, 0x92, 0x92, 0x93, 0x94, 0x94, 0x95, 0x96, 0x96, 0x98, 0x98, 0x99, 0x99, 0xa4, 0xa5, 0x03, 0xa6, 0xa6, 0xa7,
	0x04, 0xa8, 0xa9, 0xaa, 0xab, 0xab, 0xac, 0xac, 0xad, 0xae, 0xae, 0xaf, 0xb0, 0xb1, 0x0b, 0xb2, 0xb3, 0xb3, 0xb4, 0xb4, 0xb5, 0xb6, 0xb6, 0xb7, 0xb8, 0xb9, 0x27, 0x28, 0x2a, 0x2b, 0x2c, 0x2d, 0xc4, 0xc5, 0xc6, 0x31, 0x32, 0x33, 0x34, 0x35,
	0x36, 0xb8, 0x8d, 0xc6, 0x30, 0x31, 0x32, 0x33, 0x34, 0x35, 0x36, 0x37, 0x37, 0x38, 0x38, 0x39, 0xba, 0x3a, 0x56, 0x55, 0x56, 0x56, 0xe5, 0xe5, 0xe6, 0xe6, 0xe7, 0xe7, 0xe9, 0xe9, 0xea, 0x8b, 0x8b, 0x8c, 0x68, 0x95, 0x9a, 0xe5, 0xe8, 0xf4,
	0x86, 0x89, 0x8c, 0xf9, 0xfa, 0xfa, 0x55, 0xe3, 0xfd, 0xf4, 0x03, 0x03, 0x04, 0x05, 0xa9, 0x06, 0x07, 0x07, 0x08, 0x08, 0x09, 0x0a, 0x0a, 0x0b, 0x0c, 0x0c, 0x0d, 0x0d, 0x0e, 0x0e, 0x0f, 0x0f, 0x10, 0x11, 0x11, 0x12, 0x13, 0x13, 0x14, 0x15,
	0x15, 0x16, 0x03, 0x03, 0xa6, 0xa7, 0xa7, 0xa8, 0xa9, 0xaa, 0xaa, 0x2a, 0xac, 0x2b, 0xae, 0x2c, 0x2d, 0x2e, 0x2e, 0xb1, 0xb1, 0xb2, 0x32, 0xb3, 0xb3, 0xb4, 0xb5, 0xb5, 0xb6, 0xb7, 0xb7, 0xb8, 0xb9, 0xb9, 0x5f, 0x5f, 0x40, 0x40, 0x41, 0x42,
	0x42, 0x44, 0x44, 0x45, 0x45, 0x46, 0x47, 0x47, 0x48, 0x49, 0x03, 0x03, 0xa6, 0x04, 0x04, 0x57, 0x05, 0x58, 0x59, 0x5a, 0x5a, 0x5b, 0x5c, 0x5c, 0x5d, 0x5e, 0x03, 0x03, 0x04, 0xa7, 0x66, 0xa9, 0x67, 0x07, 0x68, 0x69, 0x69, 0x6a, 0x6b, 0x6b,
	0x6c, 0x6d, 0x6e, 0x6e, 0x6f, 0x6f, 0x70, 0x70, 0x70, 0x71, 0x72, 0x72, 0x73, 0x73, 0x73, 0x74, 0x74, 0x76, 0x03, 0xa6, 0x25, 0x26, 0x27, 0x28, 0x28, 0x29, 0x2a, 0x2b, 0x2b, 0x2d, 0x8a, 0x8b, 0x8c, 0x8d, 0xae, 0x90, 0x91, 0x92, 0x92, 0x93,
	0x94, 0x94, 0x95, 0x95, 0x96, 0x97, 0x98, 0x98, 0x99, 0x9a, 0x03, 0x03, 0xa6, 0x04, 0x04, 0xa8, 0x05, 0xa9, 0xaa, 0xab, 0xab, 0xac, 0xad, 0xad, 0xae, 0xae, 0xaf, 0xb0, 0xb1, 0xb1, 0xb2, 0xb2, 0xb3, 0xb4, 0xb4, 0xb5, 0xb6, 0xb6, 0xb7, 0xb8,
	0xb8, 0xb9, 0x28, 0x29, 0x2a, 0x2c, 0x90, 0x2e, 0x2f, 0xc5, 0xc6, 0x31, 0x32, 0x33, 0x34, 0x36, 0x36, 0x38, 0xc6, 0xc6, 0x31, 0x32, 0x33, 0x33, 0x34, 0x35, 0x36, 0x37, 0x38, 0x38, 0x39, 0x3a, 0x3a, 0x3a, 0x56, 0x56, 0x56, 0x57, 0xe5, 0xe5,
	0xe6, 0xe7, 0xe7, 0xe7, 0xe9, 0xe9, 0xea, 0xec, 0x8c, 0x8d, 0x68, 0x95, 0x9b, 0xe5, 0xe8, 0xf4, 0x86, 0x89, 0x8d, 0xf9, 0xfa, 0xfa, 0x56, 0xe3, 0xfd, 0xf4, 0x03, 0xa6, 0x04, 0x05, 0x06, 0x06, 0x07, 0xad, 0x08, 0x09, 0x09, 0x0a, 0x0b, 0x0b,
	0x0c, 0x0d, 0x0d, 0x0e, 0x0e, 0x0f, 0x0f, 0x10, 0x11, 0x11, 0x12, 0x12, 0x13, 0x14, 0x14, 0x15, 0x16, 0x17, 0x03, 0xa6, 0xa6, 0xa7, 0xa8, 0xa9, 0xaa, 0xaa, 0xab, 0xac, 0xac, 0x2c, 0x2c, 0x2d, 0x2e, 0x2e, 0x2f, 0x30, 0xb2, 0x31, 0x32, 0xb3,
	0xb4, 0xb4, 0xb5, 0xb6, 0xb7, 0xb7, 0xb8, 0xb9, 0xb9, 0xba, 0x5f, 0x40, 0x40, 0x41, 0x42, 0x42, 0x43, 0x44, 0x45, 0x45, 0x46, 0x46, 0x47, 0x48, 0x49, 0x49, 0x03, 0xa6, 0x04, 0x04, 0x05, 0x05, 0x58, 0x59, 0x06, 0x5b, 0x5b, 0x5c, 0x5c, 0x5d,
	0x5e, 0x5e, 0x03, 0xa6, 0x04, 0x65, 0x66, 0x06, 0x67, 0x68, 0xad, 0x69, 0x6a, 0xb0, 0x6b, 0x6c, 0x6c, 0x6d, 0x6e, 0x6f, 0x6f, 0x6f, 0x70, 0x70, 0x71, 0x71, 0x72, 0x73, 0x73, 0x74, 0x74, 0x74, 0x76, 0x76, 0x03, 0xa6, 0x26, 0x27, 0x27, 0x28,
	0x29, 0x2a, 0x2b, 0x2b, 0x2c, 0x8a, 0xc4, 0xc5, 0x8c, 0xed, 0x90, 0x91, 0x91, 0x92, 0x93, 0x93, 0x94, 0x95, 0x95, 0x96, 0x97, 0x98, 0x98, 0x99, 0x99, 0x9a, 0x03, 0xa6, 0x04, 0xa7, 0x04, 0x05, 0xa9, 0xaa, 0xaa, 0xab, 0xac, 0xac, 0xad, 0xae,
	0xae, 0xaf, 0x09, 0xb0, 0xb1, 0x0b, 0xb2, 0xb3, 0xb3, 0xb4, 0xb5, 0xb5, 0xb6, 0xb7, 0xb7, 0xb8, 0xb9, 0xb9, 0x28, 0x29, 0x2b, 0x90, 0x2d, 0x2e, 0x2f, 0x30, 0xc6, 0x31, 0x33, 0x34, 0x35, 0x36, 0x37, 0xb9, 0xc6, 0xc7, 0xc7, 0x32, 0x33, 0x34,
	0x35, 0x36, 0x37, 0x37, 0x38, 0x39, 0x39, 0x3a, 0x3a, 0x3b, 0x57, 0x57, 0x57, 0x58, 0xe5, 0xe6, 0xe6, 0xe7, 0xe7, 0xe9, 0xe9, 0xe9, 0xea, 0xec, 0x8c, 0xed, 0x69, 0x95, 0x9c, 0xe5, 0xe8, 0xf4, 0x87, 0x8a, 0x8d, 0xf9, 0xfa, 0xfa, 0x56, 0xe3,
	0xfd, 0xf4, 0xa6, 0x04, 0x05, 0xa9, 0x06, 0x07, 0x07, 0x08, 0x08, 0x09, 0x0a, 0x0a, 0x0b, 0x0c, 0x0c, 0x0d, 0x0e, 0x0e, 0x0f, 0x0f, 0x10, 0x10, 0x11, 0x12, 0x12, 0x13, 0x13, 0x14, 0x15, 0x16, 0x16, 0x18, 0xa6, 0x04, 0xa7, 0xa8, 0xa9, 0xa9,
	0xaa, 0xab, 0xab, 0xac, 0xad, 0x2c, 0x2d, 0xaf, 0x2e, 0x2f, 0x30, 0xb1, 0x31, 0x32, 0xb3, 0xb4, 0xb4, 0xb5, 0xb5, 0xb6, 0xb7, 0xb7, 0xb8, 0xb9, 0xb9, 0xba, 0x40, 0x40, 0x41, 0x42, 0x42, 0x42, 0x44, 0x44, 0x45, 0x46, 0x46, 0x46, 0x47, 0x48,
	0x49, 0x4a, 0xa6, 0x04, 0x04, 0x05, 0x05, 0x58, 0x06, 0x06, 0x07, 0x5b, 0x5b, 0x5c, 0x5c, 0x5e, 0x5e, 0x5f, 0xa6, 0x04, 0x04, 0xa8, 0xa9, 0x67, 0x07, 0xad, 0x69, 0x6a, 0x6a, 0xb0, 0xb1, 0x6c, 0x6d, 0x6e, 0x6e, 0x6f, 0x6f, 0x70, 0x70, 0x71,
	0x71, 0x72, 0x72, 0x73, 0x74, 0x74, 0x74, 0x75, 0x76, 0x78, 0xa6, 0xa7, 0xa8, 0x27, 0x27, 0x28, 0x2a, 0x2a, 0x2b, 0x2c, 0x2d, 0x2e, 0xc4, 0x8b, 0x8d, 0xed, 0x90, 0x91, 0x92, 0x92, 0x93, 0x94, 0x94, 0x95, 0x95, 0x96, 0x97, 0x98, 0x98, 0x99,
	0x9a, 0x9a, 0xa6, 0x04, 0x04, 0x04, 0x05, 0x05, 0xa9, 0xaa, 0xab, 0x07, 0xac, 0xad, 0xae, 0x08, 0xaf, 0x09, 0xb0, 0x0a, 0xb1, 0xb2, 0xb3, 0xb3, 0x0d, 0xb4, 0xb5, 0xb6, 0xb6, 0xb7, 0xb8, 0xb8, 0xb9, 0xba, 0xaa, 0x2a, 0x2b, 0x90, 0x2e, 0x2f,
	0x2f, 0x30, 0xc6, 0x32, 0x33, 0x34, 0x35, 0x36, 0x37, 0x39, 0xc6, 0xc7, 0x32, 0x33, 0x34, 0x34, 0x35, 0x36, 0x37, 0x37, 0x38, 0x39, 0x3a, 0x3a, 0x3a, 0x3c, 0x57, 0x57, 0x57, 0x58, 0xe5, 0xe6, 0xe6, 0xe7, 0xe7, 0xe9, 0xe9, 0xe9, 0xec, 0xec,
	0xed, 0xed, 0x69, 0x96, 0x9c, 0xe6, 0xe9, 0xf4, 0x87, 0x8a, 0x8d, 0x67, 0xfa, 0xfa, 0x56, 0xe3, 0xfd, 0xf4, 0x04, 0x04, 0x05, 0x06, 0x06, 0x07, 0xad, 0x08, 0x09, 0x09, 0x0a, 0x0b, 0x0b, 0x0c, 0x0d, 0x0e, 0x0e, 0x0e, 0x0f, 0x10, 0x10, 0x11,
	0x11, 0x12, 0x12, 0x13, 0x14, 0x15, 0x15, 0x16, 0x17, 0x18, 0x04, 0x04, 0xa7, 0xa9, 0xa9, 0xaa, 0xab, 0xab, 0xac, 0xad, 0xae, 0x2c, 0xaf, 0x2e, 0x2e, 0x2f, 0x30, 0xb2, 0x31, 0x32, 0x32, 0xb4, 0xb4, 0xb5, 0xb6, 0xb7, 0xb7, 0xb8, 0xb8, 0xb9,
	0xba, 0xbb, 0x40, 0x41, 0x41, 0x42, 0x42, 0x43, 0x44, 0x45, 0x45, 0x46, 0x46, 0x47, 0x48, 0x49, 0x49, 0x4a, 0x04, 0x04, 0x04, 0x05, 0x05, 0x06, 0x06, 0x07, 0x07, 0x5b, 0x5c, 0x5c, 0x5d, 0x5e, 0x5e, 0x5f, 0x04, 0x04, 0x05, 0xa9, 0x06, 0xab,
	0xac, 0xad, 0xae, 0x6a, 0x6b, 0x6b, 0xb1, 0x6c, 0x6d, 0x6e, 0x6f, 0x6f, 0x70, 0x70, 0x71, 0x71, 0x71, 0x72, 0x73, 0x73, 0x74, 0x74, 0x75, 0x76, 0x76, 0x78, 0x04, 0xa7, 0xa8, 0x27, 0x28, 0x29, 0x2a, 0x2b, 0x2b, 0x2c, 0x2d, 0x2e, 0x2f, 0x2f,
	0xc6, 0xed, 0xaf, 0x6b, 0x92, 0x93, 0x93, 0x94, 0x95, 0x95, 0x96, 0x96, 0x98, 0x98, 0x98, 0x99, 0x9a, 0x9b, 0x04, 0x04, 0x04, 0x05, 0x05, 0xa9, 0xaa, 0x06, 0xac, 0x07, 0xad, 0xad, 0xae, 0xae, 0xaf, 0xb0, 0x0a, 0xb1, 0x0b, 0xb2, 0xb3, 0xb3,
	0xb4, 0xb5, 0xb5, 0xb6, 0xb7, 0xb8, 0xb8, 0xb9, 0xb9, 0xba, 0xaa, 0x2a, 0x90, 0x2d, 0x2e, 0x2f, 0x30, 0x31, 0xc7, 0x33, 0x33, 0x34, 0x35, 0x36, 0x37, 0x39, 0xc7, 0xc7, 0x32, 0x33, 0x34, 0x34, 0x35, 0x37, 0x37, 0x38, 0x39, 0x39, 0x3a, 0x3a,
	0x3b, 0x3c, 0x58, 0x58, 0x58, 0x58, 0xe6, 0xe6, 0xe7, 0xe7, 0xe9, 0xe9, 0xe9, 0xea, 0xec, 0xec, 0xed, 0xed, 0x69, 0x96, 0x9c, 0xe6, 0xe9, 0xf4, 0x29, 0x8a, 0xee, 0x68, 0xfa, 0xfa, 0x57, 0xe5, 0xfd, 0xf4, 0x04, 0x05, 0xa9, 0x06, 0x07, 0x07,
	0x08, 0x08, 0x09, 0x0a, 0x0a, 0x0b, 0x0c, 0x0c, 0x0d, 0x0e, 0x0e, 0x0f, 0x0f, 0x10, 0x11, 0x11, 0x12, 0x12, 0x13, 0x14, 0x15, 0x15, 0x16, 0x16, 0x17, 0x18, 0x04, 0x04, 0x05, 0xa9, 0xaa, 0xaa, 0xab, 0xac, 0xad, 0xae, 0xae, 0xaf, 0xaf, 0xb0,
	0xb0, 0x30, 0xb2, 0xb2, 0xb2, 0x32, 0xb4, 0xb4, 0xb5, 0xb6, 0xb6, 0xb7, 0xb8, 0xb8, 0xb9, 0xba, 0xba, 0xbb, 0x41, 0x41, 0x42, 0x42, 0x43, 0x44, 0x44, 0x45, 0x46, 0x46, 0x47, 0x47, 0x48, 0x49, 0x4a, 0x4b, 0x04, 0x05, 0x05, 0x05, 0x06, 0x06,
	0x06, 0x07, 0x5b, 0x5c, 0x5c, 0x5d, 0x5e, 0x5e, 0x5f, 0x40, 0x04, 0x05, 0x05, 0xa9, 0xab, 0x07, 0xad, 0x08, 0xaf, 0x6a, 0x6b, 0x6c, 0x6c, 0x6d, 0x6e, 0x6e, 0x6f, 0x70, 0x70, 0x71, 0x71, 0x71, 0x72, 0x73, 0x73, 0x74, 0x74, 0x75, 0x76, 0x77,
	0x78, 0x78, 0x04, 0xa8, 0xa8, 0x28, 0x29, 0x2a, 0x2a, 0x2b, 0x2c, 0x2d, 0x2e, 0x2e, 0x2f, 0x2f, 0xc6, 0xc7, 0xb0, 0x6b, 0x6c, 0x6c, 0x94, 0x94, 0x95, 0x96, 0x70, 0x97, 0x98, 0x98, 0x99, 0x99, 0x9a, 0x9b, 0x04, 0x04, 0x05, 0xa9, 0xa9, 0xaa,
	0x06, 0x07, 0xac, 0xad, 0xad, 0xae, 0xaf, 0xaf, 0x09, 0xb0, 0xb1, 0x0b, 0xb2, 0x0c, 0xb3, 0xb4, 0xb4, 0xb5, 0xb6, 0xb6, 0xb7, 0xb8, 0xb9, 0xb9, 0xba, 0xba, 0xab, 0xac, 0x90, 0x2d, 0x2e, 0x2f, 0x30, 0x31, 0x32, 0x33, 0x34, 0x35, 0x36, 0x37,
	0x38, 0xba, 0xc7, 0xc7, 0x33, 0x34, 0x34, 0x35, 0x36, 0x37, 0x38, 0x38, 0x39, 0x3a, 0x3a, 0x3b, 0x3c, 0x3c, 0x58, 0x58, 0x58, 0x59, 0xe6, 0xe6, 0xe7, 0xe7, 0xe9, 0xe9, 0xe9, 0xea, 0xec, 0x2f, 0xc6, 0xc7, 0x69, 0x71, 0x9c, 0xe6, 0xe9, 0xf4,
	0x2a, 0x8b, 0xee, 0x68, 0xfa, 0xfa, 0x57, 0x5a, 0xfd, 0xf4, 0x05, 0x05, 0xa9, 0x06, 0x07, 0xad, 0x08, 0x09, 0x0a, 0x0a, 0x0b, 0x0b, 0x0c, 0x0d, 0x0e, 0x0e, 0x0e, 0x0f, 0x10, 0x11, 0x11, 0x12, 0x12, 0x13, 0x14, 0x14, 0x15, 0x16, 0x16, 0x17,
	0x18, 0x19, 0x05, 0x05, 0x05, 0xa9, 0xaa, 0xab, 0xac, 0xad, 0xae, 0xae, 0xae, 0xaf, 0xb0, 0xb0, 0xb1, 0x30, 0x31, 0xb2, 0xb3, 0x33, 0xb4, 0xb5, 0xb5, 0xb6, 0xb7, 0xb7, 0xb8, 0xb9, 0xb9, 0xba, 0xbb, 0xbb, 0x41, 0x42, 0x42, 0x42, 0x44, 0x44,
	0x45, 0x45, 0x46, 0x47, 0x47, 0x48, 0x49, 0x4a, 0x4a, 0x4b, 0x05, 0x05, 0x05, 0x05, 0x06, 0x06, 0x07, 0x07, 0x5c, 0x08, 0x5d, 0x5e, 0x5e, 0x5f, 0x40, 0x40, 0x05, 0x05, 0xa9, 0x06, 0x07, 0xac, 0xad, 0x08, 0xaf, 0x6b, 0x6b, 0x6c, 0x6d, 0x6d,
	0x6e, 0x6f, 0x6f, 0x70, 0x70, 0x71, 0x72, 0x72, 0x73, 0x73, 0x74, 0x74, 0x75, 0x76, 0x76, 0x77, 0x78, 0x79, 0x05, 0xa8, 0xa9, 0x28, 0x29, 0x2a, 0x2b, 0x2b, 0x2c, 0x2e, 0x2e, 0x2f, 0x2f, 0x30, 0xc6, 0xc7, 0xb0, 0x6b, 0x6c, 0x93, 0x94, 0x95,
	0x95, 0x96, 0x96, 0x98, 0x98, 0x99, 0x99, 0x9a, 0x9b, 0x9b, 0x05, 0x05, 0xa9, 0xa9, 0xaa, 0x06, 0x07, 0xac, 0xac, 0xad, 0xae, 0xae, 0xaf, 0x09, 0xb0, 0xb1, 0xb1, 0xb2, 0xb2, 0xb3, 0x0d, 0xb4, 0xb5, 0xb6, 0xb6, 0xb7, 0xb8, 0xb8, 0xb9, 0xb9,
	0xba, 0xbb, 0xac, 0xad, 0x90, 0x2e, 0x2f, 0x30, 0x31, 0x31, 0x33, 0x33, 0x34, 0x35, 0x36, 0x37, 0x39, 0xba, 0xc7, 0xc7, 0xc9, 0x34, 0x35, 0xcb, 0x36, 0x37, 0x38, 0x39, 0x3a, 0x3a, 0x3b, 0x3b, 0x3c, 0x3d, 0x59, 0x58, 0x59, 0x5a, 0x5a, 0xae,
	0xae, 0xe9, 0xe9, 0xe9, 0xe9, 0xea, 0x30, 0x30, 0xed, 0xc7, 0x6a, 0x71, 0x9c, 0xe6, 0xe9, 0xf4, 0x2b, 0x8b, 0xee, 0x69, 0xfa, 0xfa, 0x58, 0x5a, 0xfd, 0xf4, 0x05, 0xa9, 0x06, 0x07, 0x07, 0x08, 0x08, 0x09, 0x0a, 0x0b, 0x0b, 0x0c, 0x0c, 0x0d,
	0x0e, 0x0e, 0x0f, 0x0f, 0x11, 0x11, 0x11, 0x12, 0x13, 0x13, 0x14, 0x15, 0x16, 0x16, 0x17, 0x17, 0x18, 0x19, 0x05, 0xa9, 0xa9, 0xaa, 0xab, 0xab, 0xac, 0xad, 0xae, 0xae, 0xaf, 0xb0, 0xb0, 0xb1, 0x30, 0x31, 0x31, 0x32, 0xb4, 0xb4, 0x34, 0xb5,
	0xb6, 0xb7, 0xb7, 0xb7, 0xb9, 0xb9, 0xba, 0xba, 0xbb, 0x3c, 0x41, 0x42, 0x42, 0x43, 0x44, 0x44, 0x45, 0x46, 0x46, 0x47, 0x48, 0x48, 0x49, 0x4a, 0x4b, 0x4b, 0x05, 0xa9, 0xa9, 0x06, 0x06, 0x07, 0x07, 0x08, 0x08, 0x08, 0x5d, 0x0a, 0x5e, 0x5f,
	0x40, 0x41, 0x05, 0xa9, 0x06, 0xab, 0x07, 0xad, 0x08, 0xaf, 0x09, 0x6b, 0x6c, 0x6c, 0x6d, 0xb3, 0x6e, 0x6f, 0x6f, 0x70, 0x71, 0x71, 0x72, 0x72, 0x73, 0x74, 0x74, 0x74, 0x76, 0x76, 0x77, 0x78, 0x78, 0x79, 0x05, 0xa9, 0xaa, 0x29, 0x2a, 0x2a,
	0x2b, 0x2c, 0x2d, 0x2e, 0x2e, 0x2f, 0x2f, 0x30, 0xc7, 0xd1, 0xb0, 0x6b, 0x6d, 0x6d, 0x6e, 0x6f, 0x95, 0x96, 0x70, 0x98, 0x98, 0x99, 0x99, 0x9a, 0x9b, 0x9c, 0x05, 0xa9, 0xa9, 0xaa, 0x06, 0xab, 0x07, 0xac, 0xad, 0xae, 0xae, 0xaf, 0x09, 0xb0,
	0xb0, 0xb1, 0x0b, 0xb2, 0xb3, 0xb3, 0xb4, 0x0e, 0xb5, 0xb6, 0xb6, 0xb7, 0xb8, 0xb9, 0xb9, 0xba, 0xba, 0xbb, 0xac, 0xae, 0x90, 0x2e, 0x2f, 0x30, 0x31, 0x32, 0x33, 0x34, 0x34, 0x36, 0x37, 0x38, 0x39, 0xbb, 0xc7, 0xc9, 0x33, 0x34, 0x35, 0x36,
	0xcb, 0xcc, 0x38, 0x39, 0x3a, 0x3a, 0x3c, 0x3c, 0x3c, 0x3d, 0x59, 0x59, 0x5a, 0x5a, 0xe6, 0xae, 0xe7, 0xe9, 0xe9, 0xe9, 0xea, 0xea, 0x30, 0x30, 0xc7, 0xd1, 0x6a, 0x71, 0x9d, 0xe6, 0xea, 0xff, 0x2b, 0x8b, 0xee, 0x69, 0xfa, 0xfb, 0x58, 0x5a,
	0x5c, 0xff, 0xa9, 0x06, 0x06, 0x07, 0xad, 0x08, 0x09, 0x09, 0x0a, 0x0b, 0x0c, 0x0c, 0x0d, 0x0e, 0x0e, 0x0f, 0x0f, 0x10, 0x11, 0x11, 0x12, 0x12, 0x13, 0x14, 0x15, 0x16, 0x16, 0x17, 0x17, 0x18, 0x19, 0x1a, 0xa9, 0xa9, 0xaa, 0xab, 0xac, 0xac,
	0xad, 0xae, 0xae, 0xaf, 0xaf, 0xb0, 0xb1, 0xb1, 0x30, 0x31, 0x32, 0x32, 0xb4, 0xb4, 0xb5, 0xb6, 0xb6, 0xb7, 0xb7, 0xb8, 0xb9, 0xba, 0xba, 0xbb, 0xbb, 0xbd, 0x42, 0x42, 0x43, 0x44, 0x44, 0x45, 0x46, 0x46, 0x47, 0x48, 0x48, 0x49, 0x4a, 0x4b,
	0x4b, 0x4c, 0xa9, 0x06, 0x06, 0x06, 0x07, 0x07, 0x07, 0x08, 0x08, 0x09, 0x5e, 0x0a, 0x5f, 0x40, 0x40, 0x41, 0xa9, 0x06, 0x06, 0xab, 0xac, 0x08, 0x08, 0xaf, 0xb0, 0x6c, 0x6c, 0xb2, 0x6e, 0xb3, 0x6f, 0x6f, 0x70, 0x70, 0x71, 0x72, 0x72, 0x73,
	0x73, 0x74, 0x75, 0x76, 0x76, 0x77, 0x78, 0x78, 0x79, 0x79, 0xa9, 0xa9, 0xaa, 0x2a, 0x2a, 0x2b, 0x2c, 0x2c, 0x2e, 0x2e, 0x2f, 0x2f, 0x30, 0x30, 0xc7, 0xd1, 0xb1, 0x6c, 0x6d, 0x6e, 0x6e, 0x6f, 0x70, 0x70, 0x71, 0x98, 0x99, 0x99, 0x9a, 0x9a,
	0x9c, 0x9c, 0xa9, 0xa9, 0x06, 0x06, 0x07, 0x07, 0x07, 0xad, 0xae, 0xae, 0x09, 0x09, 0xb0, 0x0a, 0x0a, 0x0b, 0xb2, 0xb2, 0xb3, 0x0d, 0xb4, 0xb5, 0xb6, 0xb6, 0xb7, 0xb8, 0xb9, 0xb9, 0xba, 0xba, 0xbb, 0xbc, 0xad, 0xae, 0x2e, 0x2f, 0x30, 0x31,
	0x32, 0x33, 0x33, 0x34, 0x35, 0x36, 0x37, 0x38, 0x39, 0xbb, 0xd2, 0xc9, 0x34, 0xca, 0xcb, 0xcb, 0xcc, 0xcc, 0x39, 0x39, 0x3a, 0x3b, 0x3c, 0x3c, 0x3d, 0x3d, 0x5a, 0x5a, 0x5a, 0x5a, 0x5b, 0xae, 0xae, 0xe9, 0xe9, 0xe9, 0xea, 0xea, 0x30, 0x30,
	0xc7, 0xd1, 0x6b, 0x71, 0x9d, 0xe7, 0xea, 0xff, 0x2b, 0x8b, 0xee, 0x69, 0xfa, 0xfb, 0x59, 0x5a, 0x5c, 0xff, 0xa9, 0x06, 0x06, 0x07, 0x08, 0x08, 0x09, 0x0a, 0x0a, 0x0b, 0x0c, 0x0c, 0x0d, 0x0e, 0x0e, 0x0f, 0x10, 0x11, 0x11, 0x12, 0x12, 0x13,
	0x14, 0x14, 0x15, 0x16, 0x16, 0x17, 0x17, 0x18, 0x19, 0x1a, 0xa9, 0x06, 0xaa, 0xab, 0xac, 0xac, 0xad, 0xae, 0xae, 0xaf, 0xaf, 0xb0, 0xb1, 0xb1, 0xb2, 0x31, 0x32, 0xb4, 0xb4, 0x34, 0xb5, 0xb6, 0xb6, 0xb7, 0xb7, 0xb9, 0xb9, 0xba, 0xba, 0xbb,
	0xbb, 0xbd, 0x42, 0x42, 0x44, 0x44, 0x45, 0x45, 0x46, 0x46, 0x47, 0x48, 0x48, 0x49, 0x4a, 0x4b, 0x4b, 0x4c, 0xa9, 0x06, 0x06, 0x06, 0x07, 0x07, 0x08, 0x08, 0x08, 0x09, 0x0a, 0x0a, 0x40, 0x40, 0x41, 0x41, 0xa9, 0x06, 0x06, 0x07, 0xad, 0x08,
	0x08, 0x09, 0xb0, 0x6c, 0x6c, 0x6d, 0xb3, 0xb3, 0x6f, 0x70, 0x70, 0x71, 0x71, 0x72, 0x73, 0x73, 0x74, 0x74, 0x75, 0x76, 0x77, 0x77, 0x78, 0x78, 0x79, 0x79, 0xa9, 0xa9, 0xaa, 0xab, 0x2a, 0x2b, 0x2c, 0x2d, 0x2e, 0x2f, 0x2f, 0x2f, 0x30, 0x30,
	0xc7, 0xd1, 0xb1, 0x6d, 0x6d, 0x6e, 0x33, 0x6f, 0x70, 0x98, 0x71, 0x98, 0x99, 0x99, 0x9a, 0x9a, 0x9c, 0x9c, 0xa9, 0x06, 0x06, 0x06, 0x07, 0x07, 0xad, 0xad, 0xae, 0xaf, 0x09, 0x09, 0xb0, 0x0a, 0xb1, 0x0b, 0xb2, 0x0c, 0xb3, 0xb4, 0xb5, 0xb5,
	0xb6, 0xb7, 0xb7, 0xb8, 0xb9, 0xb9, 0xba, 0xba, 0xbb, 0xbc, 0xad, 0xaf, 0x2e, 0x2f, 0x30, 0x31, 0x32, 0x33, 0x33, 0x34, 0x35, 0x36, 0x37, 0x39, 0x39, 0xbc, 0xd2, 0xc9, 0xca, 0xca, 0xcb, 0xcb, 0xcc, 0xcc, 0x39, 0x3a, 0x3b, 0x3c, 0x3c, 0x3c,
	0x3d, 0x3d, 0x5a, 0x5a, 0x5b, 0x5b, 0x5c, 0xae, 0xaf, 0xe9, 0xe9, 0x30, 0x30, 0xea, 0x30, 0x30, 0xc7, 0xd1, 0x6b, 0x71, 0x9d, 0xe7, 0xea, 0xff, 0x2b, 0xec, 0xee, 0x69, 0xfa, 0xfb, 0x59, 0x5a, 0x5c, 0xff, 0x06, 0x06, 0x07, 0x07, 0x08, 0x08,
	0x09, 0x0a, 0x0b, 0x0b, 0x0c, 0x0d, 0x0d, 0x0e, 0x0f, 0x10, 0x10, 0x11, 0x12, 0x12, 0x12, 0x13, 0x14, 0x15, 0x15, 0x16, 0x17, 0x17, 0x18, 0x19, 0x19, 0x1b, 0x06, 0x06, 0x06, 0xac, 0xac, 0xad, 0xae, 0xae, 0xaf, 0xaf, 0xb0, 0xb1, 0xb1, 0xb2,
	0x31, 0x32, 0x32, 0x33, 0xb4, 0x34, 0x35, 0xb6, 0xb7, 0xb7, 0xb8, 0xb9, 0xba, 0xba, 0xba, 0xbb, 0xbc, 0x3d, 0x42, 0x43, 0x44, 0x44, 0x45, 0x46, 0x46, 0x47, 0x48, 0x48, 0x49, 0x4a, 0x4a, 0x4b, 0x4c, 0x4c, 0x06, 0x06, 0x06, 0x07, 0x07, 0x07,
	0x08, 0x08, 0x08, 0x09, 0x5e, 0x0a, 0x40, 0x41, 0x41, 0x42, 0x06, 0x06, 0x07, 0xac, 0xad, 0x08, 0x09, 0xb0, 0x0a, 0x6c, 0x6d, 0xb2, 0x6e, 0xb4, 0x6f, 0x70, 0x70, 0x71, 0x72, 0x72, 0x73, 0x73, 0x74, 0x75, 0x76, 0x76, 0x77, 0x77, 0x78, 0x79,
	0x79, 0x7b, 0x06, 0xaa, 0xab, 0x2a, 0x2b, 0x2b, 0x2d, 0x2d, 0x2e, 0x2f, 0x2f, 0x30, 0x30, 0x30, 0xc7, 0xd2, 0xb1, 0x6d, 0x6e, 0x6e, 0x6f, 0x70, 0x35, 0x71, 0x71, 0x98, 0x99, 0x9a, 0x9a, 0x9b, 0x9c, 0x9c, 0x06, 0x06, 0x06, 0x07, 0x07, 0xac,
	0xad, 0xae, 0xae, 0x09, 0x09, 0xb0, 0x0a, 0xb1, 0xb1, 0x0b, 0xb2, 0xb3, 0x0d, 0xb4, 0xb5, 0xb6, 0xb6, 0xb7, 0xb8, 0xb8, 0xb9, 0xb9, 0xba, 0xbb, 0xbb, 0xbd, 0xae, 0xaf, 0x2e, 0x2f, 0x31, 0x31, 0x32, 0x33, 0x34, 0x34, 0x35, 0x37, 0x37, 0x39,
	0x39, 0xbc, 0xd2, 0xc9, 0xca, 0xca, 0xcb, 0xcb, 0xcc, 0xcc, 0xcd, 0x3a, 0x3b, 0x3c, 0x3d, 0x3d, 0x3d, 0x3e, 0x5b, 0x5a, 0x5b, 0x5b, 0x5c, 0xae, 0xaf, 0xb0, 0xe9, 0x30, 0x30, 0xec, 0x30, 0x30, 0xd1, 0xd2, 0x6b, 0x72, 0x9e, 0xe7, 0xea, 0xff,
	0x2b, 0xec, 0xef, 0x69, 0xfa, 0xfb, 0x5a, 0x5c, 0x5d, 0xff, 0x06, 0x06, 0x07, 0x08, 0x08, 0x09, 0x0a, 0x0a, 0x0b, 0x0c, 0x0c, 0x0d, 0x0e, 0x0e, 0x0f, 0x10, 0x11, 0x11, 0x12, 0x12, 0x13, 0x14, 0x14, 0x15, 0x16, 0x16, 0x17, 0x18, 0x18, 0x19,
	0x1a, 0x1b, 0x06, 0x06, 0xab, 0xac, 0xac, 0xad, 0xae, 0xaf, 0xaf, 0xb0, 0xb0, 0xb1, 0xb2, 0xb2, 0x31, 0x32, 0x33, 0xb4, 0x34, 0xb5, 0x36, 0x36, 0xb7, 0xb8, 0xb9, 0xb9, 0xba, 0xba, 0xbb, 0xbb, 0xbd, 0xbd, 0x43, 0x44, 0x44, 0x45, 0x45, 0x46,
	0x47, 0x47, 0x48, 0x49, 0x49, 0x4a, 0x4b, 0x4b, 0x4c, 0x4c, 0x06, 0x06, 0x06, 0x07, 0x07, 0x08, 0x08, 0x08, 0x09, 0x09, 0x0a, 0x40, 0x40, 0x41, 0x41, 0x42, 0x06, 0x06, 0x07, 0xad, 0x08, 0x08, 0x09, 0xb0, 0xb1, 0x6c, 0x6d, 0xb3, 0xb3, 0x6f,
	0x6f, 0x70, 0xb6, 0x71, 0x72, 0x73, 0x73, 0x74, 0x75, 0x75, 0x76, 0x77, 0x77, 0x78, 0x78, 0x79, 0x79, 0x7b, 0x06, 0xab, 0xab, 0xac, 0xad, 0x2c, 0x2d, 0x2e, 0x2e, 0x2f, 0x2f, 0x30, 0x30, 0x31, 0xd2, 0xd2, 0xb2, 0x6d, 0x6e, 0x6e, 0x6f, 0x70,
	0x70, 0x98, 0x71, 0x37, 0x99, 0x9a, 0x9a, 0x9b, 0x9c, 0x9d, 0x06, 0x06, 0x07, 0x07, 0x07, 0xad, 0x08, 0x08, 0xaf, 0x09, 0xb0, 0xb0, 0xb1, 0xb1, 0x0b, 0xb2, 0x0c, 0xb3, 0xb4, 0x0e, 0xb5, 0xb6, 0xb7, 0xb8, 0xb8, 0xb9, 0xb9, 0xba, 0xbb, 0xbb,
	0xbc, 0xbd, 0xae, 0xaf, 0xb0, 0x30, 0x31, 0x32, 0x33, 0x33, 0xca, 0x35, 0x36, 0x37, 0x38, 0x39, 0x3a, 0xbc, 0xd2, 0xc9, 0xca, 0xcb, 0xcb, 0xcc, 0xcc, 0xcd, 0x3a, 0x3a, 0x3b, 0x3c, 0x3d, 0x3d, 0x3e, 0x3e, 0x5b, 0x5b, 0x5b, 0x5c, 0xae, 0xae,
	0xb0, 0x0a, 0x30, 0x30, 0x30, 0xec, 0x30, 0x32, 0xd2, 0xd2, 0x6b, 0x72, 0x9e, 0xae, 0xea, 0xff, 0x2c, 0xed, 0xef, 0x6a, 0xfa, 0xfb, 0x5a, 0x5c, 0x5e, 0xff, 0x06, 0x07, 0x07, 0x08, 0x08, 0x09, 0x0a, 0x0a, 0x0b, 0x0c, 0x0c, 0x0d, 0x0e, 0x0f,
	0x0f, 0x11, 0x11, 0x12, 0x12, 0x13, 0x13, 0x14, 0x15, 0x15, 0x16, 0x17, 0x17, 0x18, 0x19, 0x19, 0x1a, 0x1b, 0x06, 0x07, 0x07, 0xac, 0xad, 0xae, 0xae, 0xaf, 0xaf, 0xb0, 0xb0, 0xb1, 0xb2, 0xb2, 0xb3, 0x32, 0xb4, 0xb4, 0xb5, 0x35, 0x36, 0xb7,
	0xb7, 0xb8, 0xb9, 0xb9, 0xba, 0xba, 0xbb, 0x16, 0xbd, 0xbe, 0x43, 0x44, 0x44, 0x45, 0x46, 0x46, 0x47, 0x48, 0x48, 0x49, 0x4a, 0x4a, 0x4b, 0x4c, 0x4c, 0x4d, 0x06, 0x07, 0x07, 0x07, 0x08, 0x08, 0x08, 0x09, 0x09, 0x0a, 0x5f, 0x0b, 0x41, 0x41,
	0x42, 0x42, 0x06, 0x07, 0x07, 0xad, 0x08, 0x09, 0x09, 0x0a, 0xb1, 0x6d, 0x6d, 0x6e, 0x6e, 0x6f, 0x70, 0x70, 0x71, 0x72, 0x72, 0x73, 0x74, 0x74, 0x75, 0x76, 0x76, 0x77, 0x78, 0x78, 0x79, 0x79, 0x7b, 0x7b, 0x06, 0xab, 0xac, 0xac, 0xae, 0x2c,
	0x2d, 0x2e, 0x2f, 0x2f, 0x30, 0x30, 0x31, 0x32, 0xd2, 0xd2, 0xb2, 0x6d, 0x6e, 0x6f, 0x6f, 0x70, 0x71, 0x98, 0x72, 0x73, 0x99, 0x9a, 0x9b, 0x9b, 0x9c, 0x9d, 0x06, 0x07, 0x07, 0x07, 0x07, 0x08, 0x08, 0xaf, 0x09, 0x09, 0xb0, 0x0a, 0xb1, 0x0b,
	0x0b, 0x0c, 0xb3, 0x0d, 0xb4, 0x0e, 0xb6, 0xb6, 0x10, 0xb8, 0xb8, 0xb9, 0xba, 0xba, 0xbb, 0xbb, 0xbd, 0xbd, 0xaf, 0xaf, 0xb1, 0x31, 0x31, 0x32, 0x33, 0x33, 0xca, 0x35, 0x36, 0x37, 0x38, 0x39, 0x3b, 0xbc, 0xd2, 0xca, 0xca, 0xcb, 0xcb, 0xcc,
	0xcc, 0xcd, 0x3a, 0x3b, 0x3c, 0x3c, 0x3d, 0x3d, 0x3e, 0x3e, 0x5b, 0x5b, 0x5c, 0x5c, 0xae, 0x09, 0x0a, 0x0a, 0xe9, 0x30, 0x30, 0xec, 0x32, 0x32, 0xd2, 0xd2, 0x6c, 0x73, 0x9e, 0xae, 0xea, 0xff, 0x2d, 0xed, 0xef, 0x6a, 0xfa, 0xfb, 0x5a, 0x5c,
	0x5e, 0xff, 0x06, 0x07, 0x07, 0x08, 0x08, 0x09, 0x0a, 0x0b, 0x0c, 0x0c, 0x0d, 0x0d, 0x0e, 0x0f, 0x10, 0x11, 0x11, 0x12, 0x12, 0x13, 0x14, 0x14, 0x15, 0x16, 0x16, 0x17, 0x18, 0x18, 0x19, 0x19, 0x1b, 0x1c, 0x06, 0x07, 0x07, 0xad, 0xae, 0xae,
	0xaf, 0xaf, 0xb0, 0xb0, 0xb1, 0xb1, 0xb2, 0xb2, 0xb3, 0xb4, 0xb4, 0xb4, 0xb5, 0xb6, 0x36, 0xb7, 0xb8, 0x38, 0xb9, 0xba, 0xba, 0xbb, 0xbb, 0xbc, 0xbd, 0xbe, 0x44, 0x44, 0x45, 0x45, 0x46, 0x46, 0x47, 0x48, 0x48, 0x49, 0x4a, 0x4a, 0x4b, 0x4c,
	0x4c, 0x4d, 0x06, 0x07, 0x07, 0x07, 0x08, 0x08, 0x08, 0x09, 0x09, 0x0a, 0x0a, 0x41, 0x41, 0x42, 0x42, 0x42, 0x06, 0x07, 0x07, 0xad, 0x08, 0x09, 0x09, 0x0a, 0x0b, 0x6d, 0x0c, 0x6e, 0x6f, 0x6f, 0x70, 0x70, 0x71, 0x72, 0x73, 0x73, 0x74, 0x75,
	0x75, 0x76, 0x77, 0x77, 0x78, 0x78, 0x79, 0x7a, 0x7b, 0x7c, 0x06, 0x07, 0xac, 0xad, 0xae, 0x2d, 0x2e, 0x2e, 0x2f, 0x30, 0x30, 0x30, 0x32, 0x32, 0xd2, 0xd2, 0xb2, 0x6e, 0x6e, 0x6f, 0x70, 0x70, 0x71, 0x98, 0x72, 0x73, 0x75, 0x9a, 0x9b, 0x9c,
	0x9c, 0x9d, 0x06, 0x07, 0x07, 0x07, 0x08, 0x08, 0x08, 0x09, 0x09, 0x09, 0x0a, 0x0a, 0x0b, 0x0b, 0x0b, 0x0c, 0xb3, 0x0d, 0x0e, 0xb5, 0xb6, 0x10, 0x10, 0xb8, 0xb9, 0xb9, 0xba, 0xbb, 0xbb, 0xbb, 0xbd, 0xbd, 0xaf, 0xb0, 0xb1, 0x31, 0x32, 0x32,
	0x33, 0x34, 0x34, 0x35, 0x36, 0x37, 0x39, 0x3a, 0x3b, 0xbd, 0xd3, 0xca, 0xca, 0xcb, 0xcc, 0xcc, 0xcc, 0xcd, 0x3a, 0x3b, 0x3c, 0x3d, 0x3d, 0x3e, 0x3e, 0x3f, 0x5c, 0x5b, 0x5c, 0x5c, 0xae, 0x09, 0x0a, 0x0b, 0x30, 0x30, 0x30, 0x30, 0x32, 0x32,
	0xd2, 0xd2, 0x6c, 0x73, 0x9e, 0xae, 0xea, 0xff, 0x2d, 0xed, 0xd0, 0x6a, 0xfa, 0xfb, 0x5b, 0x5c, 0x5e, 0xff, 0x07, 0x07, 0xad, 0x08, 0x09, 0x09, 0x0a, 0x0b, 0x0c, 0x0c, 0x0d, 0x0e, 0x0e, 0x0f, 0x10, 0x11, 0x11, 0x12, 0x13, 0x14, 0x14, 0x15,
	0x15, 0x16, 0x17, 0x17, 0x18, 0x19, 0x19, 0x1a, 0x1b, 0x1c, 0x07, 0x07, 0x07, 0xad, 0xae, 0xaf, 0xaf, 0xb0, 0xb0, 0xb1, 0xb1, 0xb2, 0xb2, 0xb3, 0xb3, 0xb4, 0xb4, 0xb5, 0xb5, 0x36, 0xb7, 0xb7, 0xb8, 0xb9, 0xb9, 0xba, 0xbb, 0xbb, 0xbc, 0xbd,
	0xbd, 0xbe, 0x44, 0x44, 0x45, 0x45, 0x46, 0x47, 0x47, 0x48, 0x49, 0x4a, 0x4a, 0x4b, 0x4b, 0x4c, 0x4c, 0x4d, 0x07, 0x07, 0x07, 0x07, 0x08, 0x08, 0x09, 0x09, 0x0a, 0x0a, 0x40, 0x0b, 0x41, 0x42, 0x42, 0x43, 0x07, 0x07, 0x07, 0x08, 0x09, 0x09,
	0xb0, 0xb1, 0x0b, 0x6d, 0x0c, 0x6e, 0x6f, 0xb5, 0x70, 0x71, 0x71, 0x72, 0x73, 0x74, 0x75, 0x75, 0x76, 0x76, 0x77, 0x78, 0x78, 0x79, 0x79, 0x7a, 0x7b, 0x7c, 0x07, 0x07, 0xad, 0xae, 0xae, 0x2d, 0x2e, 0x2e, 0x2f, 0x30, 0x30, 0x30, 0x32, 0x32,
	0xd2, 0xd2, 0xb2, 0x6e, 0x6e, 0x6f, 0x70, 0x70, 0x71, 0x37, 0x72, 0x75, 0x9a, 0x9b, 0x9b, 0x9c, 0x9d, 0xda, 0x07, 0x07, 0x07, 0xad, 0x08, 0x08, 0x08, 0x09, 0x09, 0x0a, 0x0a, 0xb1, 0x0b, 0x0b, 0x0c, 0x0c, 0xb3, 0x0d, 0x0e, 0xb5, 0x0f, 0xb7,
	0x11, 0xb8, 0xb9, 0xb9, 0xba, 0xbb, 0xbb, 0xbc, 0xbd, 0xbe, 0xaf, 0xb0, 0xb1, 0x31, 0x32, 0x32, 0x33, 0x34, 0xca, 0xcb, 0x37, 0xcc, 0x39, 0x3a, 0x3b, 0xbd, 0xd3, 0xca, 0xcb, 0xcb, 0xcc, 0xcc, 0xcd, 0xcd, 0x3b, 0x3b, 0x3c, 0x3d, 0x3d, 0x3e,
	0x3e, 0x3f, 0x5c, 0x5c, 0x5c, 0x5c, 0x09, 0x0a, 0x0a, 0x0b, 0x30, 0x31, 0x32, 0x30, 0x32, 0x33, 0xd2, 0xd2, 0x6c, 0x73, 0x9e, 0xae, 0xea, 0xff, 0x2d, 0xed, 0xd0, 0x6a, 0xfa, 0xfb, 0x5b, 0x5c, 0x5e, 0xff, 0x07, 0x07, 0x08, 0x08, 0x09, 0x0a,
	0x0b, 0x0b, 0x0c, 0x0c, 0x0d, 0x0e, 0x0f, 0x0f, 0x10, 0x11, 0x12, 0x12, 0x13, 0x14, 0x15, 0x15, 0x16, 0x16, 0x17, 0x18, 0x18, 0x19, 0x19, 0x1a, 0x1b, 0x1c, 0x07, 0x07, 0xad, 0xae, 0xae, 0xaf, 0xb0, 0xb0, 0xb0, 0xb1, 0xb1, 0xb2, 0xb2, 0xb3,
	0x32, 0xb4, 0x34, 0xb5, 0xb6, 0x36, 0x36, 0xb8, 0xb8, 0xb9, 0xba, 0xba, 0xbb, 0xbb, 0xbc, 0xbd, 0xbe, 0x3e, 0x44, 0x44, 0x45, 0x46, 0x46, 0x47, 0x48, 0x48, 0x49, 0x4a, 0x4a, 0x4b, 0x4c, 0x4c, 0x4d, 0x4d, 0x07, 0x07, 0x07, 0x08, 0x08, 0x08,
	0x09, 0x0a, 0x0a, 0x0a, 0x0b, 0x41, 0x41, 0x42, 0x42, 0x44, 0x07, 0x07, 0xad, 0x08, 0x09, 0x09, 0x0a, 0xb1, 0xb2, 0x6d, 0xb3, 0xb4, 0x6f, 0x70, 0x70, 0xb6, 0x72, 0x73, 0x73, 0x74, 0x75, 0x75, 0x76, 0x77, 0x77, 0x78, 0x79, 0x79, 0x7a, 0x7b,
	0x7b, 0x7c, 0x07, 0xac, 0xad, 0xae, 0xae, 0x2d, 0x2e, 0x2f, 0x2f, 0x30, 0x30, 0x31, 0x32, 0x32, 0xd2, 0xd2, 0xb2, 0x6e, 0x6f, 0x70, 0x70, 0x71, 0x71, 0x37, 0x73, 0x75, 0x9a, 0x9b, 0x9c, 0x9c, 0x9d, 0xdb, 0x07, 0x07, 0x07, 0xad, 0x08, 0x08,
	0x09, 0x09, 0xb0, 0x0a, 0xb1, 0x0b, 0x0b, 0xb2, 0x0c, 0xb3, 0x0d, 0xb4, 0xb5, 0xb6, 0xb6, 0x10, 0xb8, 0xb9, 0xb9, 0xba, 0xba, 0xbb, 0xbc, 0x17, 0xbd, 0xbe, 0xaf, 0xb1, 0xb1, 0x31, 0x32, 0x33, 0x34, 0x34, 0xca, 0xcb, 0xcb, 0x38, 0x39, 0x3a,
	0xbc, 0xbd, 0xca, 0xca, 0xcb, 0xcb, 0xcc, 0xcc, 0xcd, 0xcd, 0x3b, 0x3c, 0x3c, 0x3d, 0x3e, 0x3e, 0x3f, 0x3f, 0x5c, 0x5c, 0x5c, 0x5c, 0x09, 0x0a, 0x0a, 0x0b, 0x0b, 0x31, 0x32, 0x32, 0x33, 0x33, 0xd2, 0xd2, 0x6c, 0x74, 0x9e, 0xaf, 0xea, 0xff,
	0x2e, 0xed, 0xd0, 0x6a, 0xfa, 0xfb, 0x5b, 0x5d, 0x5f, 0xff, 0x07, 0x07, 0x08, 0x08, 0x09, 0x0a, 0x0b, 0x0b, 0x0c, 0x0d, 0x0d, 0x0e, 0x0f, 0x10, 0x11, 0x12, 0x12, 0x13, 0x13, 0x14, 0x15, 0x16, 0x16, 0x17, 0x17, 0x18, 0x19, 0x19, 0x1a, 0x1b,
	0x1c, 0x1c, 0x07, 0x07, 0xad, 0xae, 0xaf, 0xaf, 0xb0, 0xb0, 0xb1, 0xb1, 0xb1, 0xb2, 0xb3, 0xb3, 0xb4, 0xb4, 0x34, 0xb5, 0x36, 0x36, 0xb7, 0x37, 0x38, 0xb9, 0xba, 0xba, 0xbb, 0xbc, 0xbd, 0xbd, 0xbe, 0x3e, 0x44, 0x45, 0x45, 0x46, 0x47, 0x47,
	0x48, 0x49, 0x4a, 0x4a, 0x4b, 0x4b, 0x4c, 0x4c, 0x4d, 0x4e, 0x07, 0x07, 0x08, 0x08, 0x08, 0x09, 0x09, 0x0a, 0x0a, 0x0b, 0x0b, 0x0c, 0x0c, 0x42, 0x43, 0x44, 0x07, 0x07, 0x08, 0x08, 0x09, 0x0a, 0x0a, 0x0b, 0xb2, 0x0c, 0xb3, 0x6f, 0xb5, 0xb5,
	0xb6, 0x71, 0xb8, 0x73, 0x74, 0x75, 0x76, 0x76, 0x76, 0x77, 0x77, 0x78, 0x79, 0x79, 0x7a, 0x7b, 0x7c, 0x7c, 0x07, 0xac, 0xad, 0xae, 0xaf, 0x2e, 0x2e, 0x2f, 0x30, 0x30, 0x31, 0x31, 0x32, 0x33, 0xd2, 0xd2, 0xb3, 0x6e, 0x6f, 0x70, 0x35, 0x71,
	0x37, 0x37, 0x38, 0x39, 0x9b, 0x3a, 0x9c, 0xd9, 0xda, 0xdb, 0x07, 0x07, 0xad, 0x08, 0x08, 0x09, 0x09, 0x09, 0xb0, 0x0a, 0xb1, 0x0b, 0x0b, 0x0c, 0x0c, 0xb3, 0x0d, 0x0e, 0xb5, 0xb6, 0xb7, 0xb7, 0xb8, 0xb9, 0xb9, 0xba, 0xbb, 0xbb, 0xbc, 0xbd,
	0xbd, 0xbe, 0xb0, 0xb1, 0xb1, 0x31, 0x32, 0x33, 0x34, 0x34, 0xca, 0xcb, 0xcc, 0xcc, 0x39, 0x3b, 0xbc, 0xbe, 0xd3, 0xca, 0xcb, 0xcb, 0xcc, 0xcc, 0xcd, 0xcd, 0xce, 0x3c, 0x3d, 0x3d, 0x3e, 0x3e, 0x3f, 0x3f, 0x08, 0x5c, 0x5d, 0x5d, 0x09, 0x0a,
	0x0b, 0x0b, 0x30, 0x32, 0x32, 0x32, 0x33, 0x33, 0xd2, 0xd2, 0x6d, 0x75, 0x9f, 0xaf, 0xea, 0xff, 0x2e, 0xed, 0xd0, 0x6b, 0xfa, 0xfb, 0x5c, 0x5e, 0x5f, 0xff, 0x07, 0x08, 0x08, 0x09, 0x0a, 0x0a, 0x0b, 0x0c, 0x0c, 0x0d, 0x0e, 0x0e, 0x0f, 0x10,
	0x11, 0x12, 0x12, 0x13, 0x14, 0x14, 0x15, 0x16, 0x17, 0x17, 0x18, 0x19, 0x19, 0x1a, 0x1a, 0x1b, 0x1c, 0x1d, 0x07, 0xad, 0x08, 0xae, 0xaf, 0xaf, 0xb0, 0xb0, 0xb1, 0xb1, 0xb2, 0xb2, 0xb3, 0xb3, 0xb4, 0x34, 0xb5, 0x35, 0x36, 0xb7, 0x37, 0xb8,
	0xb9, 0xba, 0xba, 0xbb, 0xbb, 0xbc, 0xbd, 0x3d, 0xbe, 0x3e, 0x44, 0x45, 0x46, 0x46, 0x47, 0x48, 0x48, 0x49, 0x4a, 0x4b, 0x4b, 0x4c, 0x4c, 0x4d, 0x4d, 0x4e, 0x07, 0x08, 0x08, 0x08, 0x08, 0x09, 0x09, 0x0a, 0x0a, 0x0b, 0x41, 0x42, 0x0c, 0x42,
	0x43, 0x44, 0x07, 0x08, 0x08, 0xaf, 0x09, 0x0a, 0xb1, 0x0b, 0x0c, 0x0c, 0x0d, 0xb4, 0x70, 0x70, 0xb6, 0xb7, 0xb8, 0x73, 0x74, 0x75, 0x76, 0x76, 0x77, 0x77, 0x78, 0x78, 0x79, 0x79, 0x7b, 0x7b, 0x7c, 0x7d, 0x07, 0xad, 0xae, 0xae, 0xaf, 0x2e,
	0x2f, 0x2f, 0x30, 0x30, 0x31, 0x32, 0x33, 0x33, 0xd2, 0xd3, 0xb3, 0x6e, 0x6f, 0x70, 0x70, 0x71, 0x37, 0x37, 0x38, 0x75, 0x3a, 0x3a, 0xd9, 0xd9, 0xdb, 0xdb, 0x07, 0xad, 0x08, 0x08, 0x08, 0x09, 0x09, 0x09, 0x0a, 0x0a, 0x0b, 0x0b, 0x0c, 0x0c,
	0xb3, 0x0d, 0x0d, 0x0e, 0xb6, 0x0f, 0x10, 0x11, 0xb8, 0xb9, 0xba, 0xba, 0xbb, 0xbb, 0xbc, 0x17, 0xbe, 0xbe, 0xb0, 0xb1, 0xb2, 0x31, 0x33, 0x33, 0x34, 0x35, 0xcb, 0xcb, 0xcc, 0x39, 0x39, 0x3b, 0x3c, 0xbe, 0xca, 0xca, 0xcb, 0xcb, 0xcc, 0xcd,
	0xcd, 0xce, 0x3b, 0x3c, 0x3d, 0x3d, 0x3e, 0x3f, 0x3f, 0x3f, 0x5d, 0x5c, 0x5d, 0x5e, 0x09, 0x0a, 0x0b, 0x0b, 0xb2, 0x32, 0x32, 0x32, 0x33, 0x33, 0xd2, 0xd3, 0x6d, 0x75, 0x9f, 0xaf, 0xea, 0xff, 0x2e, 0xed, 0xd0, 0x6b, 0xfa, 0xfb, 0x5c, 0x5e,
	0x5f, 0xff, 0x08, 0x08, 0x08, 0x09, 0x0a, 0x0a, 0x0b, 0x0c, 0x0d, 0x0d, 0x0e, 0x0f, 0x10, 0x11, 0x11, 0x12, 0x13, 0x13, 0x14, 0x15, 0x16, 0x16, 0x17, 0x18, 0x18, 0x19, 0x19, 0x1a, 0x1b, 0x1b, 0x1c, 0x1d, 0x08, 0x08, 0x08, 0xaf, 0xaf, 0xb0,
	0xb0, 0xb1, 0xb1, 0xb2, 0xb2, 0xb2, 0xb3, 0xb4, 0xb4, 0xb5, 0x35, 0xb6, 0x36, 0xb7, 0x37, 0x38, 0xb9, 0xba, 0xba, 0xbb, 0xbb, 0xbd, 0xbd, 0xbe, 0x3e, 0x3e, 0x45, 0x45, 0x46, 0x47, 0x47, 0x48, 0x49, 0x49, 0x4a, 0x4b, 0x4b, 0x4c, 0x4c, 0x4d,
	0x4e, 0x4e, 0x08, 0x08, 0x08, 0x08, 0x09, 0x09, 0x0a, 0x0a, 0x0b, 0x0b, 0x0c, 0x0c, 0x0c, 0x43, 0x44, 0x44, 0x08, 0x08, 0x08, 0x09, 0x0a, 0x0a, 0x0b, 0x0b, 0x0c, 0xb3, 0x0d, 0x6f, 0xb5, 0xb6, 0x10, 0xb8, 0xb8, 0xb9, 0x75, 0x76, 0x76, 0x77,
	0x77, 0x78, 0x78, 0x79, 0x79, 0x7b, 0x7b, 0x7c, 0x7c, 0x7d, 0x08, 0x08, 0xae, 0xaf, 0xaf, 0xb0, 0x2f, 0x30, 0x30, 0x31, 0x32, 0x32, 0x33, 0x33, 0xd3, 0xd3, 0xb3, 0x6f, 0x6f, 0x70, 0x71, 0x71, 0x37, 0x38, 0x38, 0x39, 0x3a, 0xd9, 0xd9, 0xd9,
	0xdb, 0xdb, 0x08, 0x08, 0x08, 0x08, 0x09, 0x09, 0x09, 0x0a, 0x0a, 0x0b, 0x0b, 0x0b, 0x0c, 0x0c, 0x0d, 0x0d, 0x0e, 0x0e, 0x0f, 0x10, 0xb7, 0xb8, 0x12, 0xb9, 0xba, 0xbb, 0xbb, 0xbc, 0xbd, 0xbd, 0xbe, 0xbf, 0xb0, 0xb1, 0xb2, 0x32, 0x33, 0x34,
	0x34, 0x35, 0xcb, 0xcb, 0xcc, 0xcd, 0xcd, 0x3b, 0xbd, 0xbe, 0xca, 0xca, 0xcb, 0xcc, 0xcc, 0xcd, 0xcd, 0xce, 0xce, 0x3c, 0x3d, 0x3e, 0x3e, 0x3f, 0x3f, 0x3f, 0x5d, 0x5d, 0x5e, 0x5e, 0x0a, 0x0a, 0x0b, 0x0b, 0xb3, 0x32, 0x32, 0x32, 0x34, 0x34,
	0xd3, 0xd3, 0x6d, 0x75, 0x9f, 0xb0, 0xea, 0xff, 0x2e, 0xed, 0xd1, 0x6c, 0xfa, 0xfb, 0x5c, 0x5e, 0x5f, 0xff, 0x08, 0x08, 0x08, 0x09, 0x0a, 0x0b, 0x0c, 0x0c, 0x0d, 0x0e, 0x0e, 0x0f, 0x10, 0x11, 0x11, 0x12, 0x13, 0x14, 0x15, 0x15, 0x16, 0x16,
	0x17, 0x18, 0x19, 0x19, 0x1a, 0x1a, 0x1b, 0x1c, 0x1d, 0x1d, 0x08, 0x08, 0x08, 0xaf, 0x09, 0xb0, 0xb1, 0xb1, 0xb1, 0xb2, 0xb2, 0xb3, 0xb3, 0xb4, 0xb4, 0xb5, 0x35, 0x36, 0xb7, 0xb7, 0x38, 0xb9, 0xb9, 0xba, 0xbb, 0xbb, 0x3c, 0xbd, 0x3d, 0xbe,
	0x3e, 0x3f, 0x45, 0x46, 0x46, 0x47, 0x48, 0x48, 0x49, 0x4a, 0x4b, 0x4b, 0x4b, 0x4c, 0x4d, 0x4d, 0x4e, 0x4f, 0x08, 0x08, 0x08, 0x09, 0x09, 0x09, 0x0a, 0x0a, 0x0b, 0x41, 0x42, 0x42, 0x42, 0x44, 0x44, 0x44, 0x08, 0x08, 0x08, 0x09, 0x0a, 0x0a,
	0x0b, 0x0c, 0x0c, 0x0d, 0x0d, 0x70, 0x70, 0x0f, 0x10, 0xb8, 0xb9, 0x74, 0x75, 0x76, 0x77, 0x77, 0x77, 0x78, 0x79, 0x79, 0x7b, 0x7b, 0x7b, 0x7c, 0x7d, 0x7d, 0x08, 0xae, 0xaf, 0xaf, 0xb0, 0xb0, 0x2f, 0x30, 0x30, 0x31, 0x32, 0x32, 0x33, 0x34,
	0xd3, 0xd3, 0xb4, 0x6f, 0x70, 0x70, 0x71, 0x71, 0x73, 0x38, 0x39, 0x3a, 0x3a, 0xd9, 0xd9, 0xda, 0xdb, 0xdb, 0x08, 0x08, 0x08, 0x08, 0x09, 0x09, 0x0a, 0x0a, 0xb1, 0x0b, 0x0b, 0x0c, 0x0c, 0x0c, 0x0d, 0x0d, 0x0e, 0x0f, 0x0f, 0x10, 0x11, 0xb8,
	0xb9, 0xba, 0xba, 0xbb, 0xbb, 0x17, 0xbd, 0xbe, 0xbe, 0xbf, 0xb0, 0xb1, 0xb2, 0x32, 0x33, 0x34, 0x35, 0x35, 0xcb, 0xcc, 0xcc, 0xcd, 0xcd, 0x3b, 0xbd, 0xbe, 0xca, 0xcb, 0xcb, 0xcc, 0xcc, 0xcd, 0xcd, 0xce, 0x3c, 0x3d, 0x3e, 0x3e, 0x3f, 0x3f,
	0x3f, 0x3f, 0x5e, 0x5e, 0x5e, 0x5f, 0x0a, 0x0b, 0x0b, 0x0b, 0xb3, 0xb4, 0x33, 0x32, 0x34, 0x34, 0xd3, 0xd3, 0x6e, 0x76, 0x9f, 0xb0, 0xea, 0xff, 0x2e, 0xed, 0xd1, 0x6c, 0xfa, 0xfb, 0x5d, 0x5e, 0x5f, 0xff, 0x08, 0x08, 0x09, 0x0a, 0x0a, 0x0b,
	0x0c, 0x0c, 0x0d, 0x0e, 0x0e, 0x0f, 0x10, 0x11, 0x12, 0x13, 0x13, 0x14, 0x15, 0x16, 0x16, 0x17, 0x17, 0x18, 0x19, 0x1a, 0x1a, 0x1b, 0x1b, 0x1c, 0x1d, 0x1e, 0x08, 0x08, 0x08, 0x09, 0xb0, 0xb0, 0xb1, 0xb1, 0xb2, 0xb2, 0xb3, 0xb3, 0xb4, 0xb4,
	0xb4, 0xb5, 0x36, 0x36, 0xb7, 0x37, 0x38, 0xb9, 0xba, 0xba, 0xbb, 0xbb, 0x3c, 0xbd, 0xbe, 0xbe, 0x3e, 0x3f, 0x45, 0x46, 0x46, 0x47, 0x48, 0x48, 0x49, 0x4a, 0x4b, 0x4b, 0x4c, 0x4c, 0x4d, 0x4e, 0x4e, 0x4f, 0x08, 0x08, 0x08, 0x09, 0x09, 0x0a,
	0x0a, 0x0b, 0x0b, 0x0c, 0x0c, 0x0c, 0x0d, 0x44, 0x44, 0x44, 0x08, 0x08, 0x09, 0x09, 0x0a, 0x0b, 0x0b, 0x0c, 0x0c, 0x0d, 0x0e, 0x70, 0xb6, 0x10, 0x10, 0xb8, 0xb9, 0xb9, 0x76, 0x76, 0x77, 0x77, 0x77, 0x78, 0x79, 0x79, 0x7b, 0x7b, 0x7b, 0x7c,
	0x7d, 0x7d, 0x08, 0x08, 0xaf, 0xaf, 0xb0, 0xb0, 0x30, 0x30, 0x31, 0x32, 0x32, 0x33, 0x33, 0xca, 0xd3, 0xd3, 0xb4, 0x6f, 0x70, 0x70, 0x71, 0x72, 0x38, 0x38, 0x39, 0x3a, 0x3a, 0xd9, 0xd9, 0xda, 0xdb, 0xdb, 0x08, 0x08, 0x08, 0x09, 0x09, 0x09,
	0x0a, 0x0a, 0x0b, 0x0b, 0x0c, 0x0c, 0x0c, 0xb3, 0x0d, 0x0e, 0x0e, 0x0f, 0x0f, 0x10, 0xb8, 0x12, 0xb9, 0xba, 0xba, 0xbb, 0x16, 0xbd, 0xbd, 0xbe, 0xbe, 0xbf, 0xb1, 0xb2, 0xb3, 0x32, 0x33, 0x34, 0x35, 0x36, 0xcb, 0xcc, 0xcc, 0xcd, 0x3b, 0x3b,
	0xbd, 0xbf, 0xca, 0xcb, 0xcc, 0xcc, 0xcd, 0xcd, 0xcd, 0xce, 0xce, 0x3d, 0x3e, 0x3e, 0x3f, 0x3f, 0x3f, 0xde, 0x09, 0x5e, 0x5e, 0x5f, 0x0a, 0x0b, 0x0b, 0xb3, 0xb4, 0xb4, 0x33, 0x33, 0x34, 0x34, 0xd3, 0xd3, 0x6e, 0x76, 0x9f, 0xb0, 0xec, 0xff,
	0x2f, 0xd1, 0xd1, 0x6c, 0xfa, 0xfb, 0x5d, 0x5f, 0x5f, 0xff, 0x08, 0x08, 0x09, 0x0a, 0x0b, 0x0b, 0x0c, 0x0c, 0x0d, 0x0e, 0x0f, 0x0f, 0x10, 0x11, 0x12, 0x13, 0x14, 0x14, 0x15, 0x16, 0x16, 0x17, 0x18, 0x19, 0x19, 0x1a, 0x1b, 0x1b, 0x1c, 0x1d,
	0x1d, 0x1e, 0x08, 0x08, 0x09, 0x09, 0xb0, 0x0a, 0xb1, 0xb2, 0xb2, 0xb3, 0xb3, 0xb3, 0xb4, 0xb4, 0xb5, 0x35, 0x36, 0xb7, 0xb7, 0xb8, 0x38, 0xb9, 0xba, 0xba, 0xbb, 0xbc, 0xbd, 0x3d, 0xbe, 0x3e, 0xbf, 0x3f, 0x45, 0x46, 0x47, 0x47, 0x48, 0x49,
	0x4a, 0x4a, 0x4b, 0x4b, 0x4c, 0x4c, 0x4d, 0x4e, 0x4f, 0x4f, 0x08, 0x08, 0x09, 0x09, 0x0a, 0x0a, 0x0a, 0x0b, 0x0c, 0x0c, 0x42, 0x42, 0x44, 0x44, 0x44, 0x45, 0x08, 0x08, 0x09, 0x0a, 0x0a, 0x0b, 0x0b, 0x0c, 0x0c, 0x0d, 0x0e, 0x70, 0x0f, 0x10,
	0xb8, 0xb9, 0xb9, 0x75, 0x76, 0x77, 0x77, 0x77, 0x78, 0x78, 0x79, 0x7b, 0x7b, 0x7b, 0x7c, 0x7c, 0x7d, 0x7e, 0x08, 0x08, 0xaf, 0xaf, 0xb0, 0xb0, 0x30, 0x31, 0x31, 0x32, 0x32, 0x33, 0x34, 0xca, 0xd3, 0xd3, 0xb4, 0x6f, 0x70, 0x71, 0x71, 0x72,
	0x38, 0x39, 0x39, 0x3a, 0xd9, 0xd9, 0xda, 0xdb, 0xdb, 0xdb, 0x08, 0x08, 0x09, 0x09, 0x09, 0x0a, 0x0a, 0x0b, 0x0b, 0x0b, 0x0c, 0x0c, 0xb3, 0x0d, 0x0d, 0x0e, 0x0e, 0x0f, 0x10, 0x11, 0xb8, 0x12, 0xb9, 0xba, 0x15, 0xbb, 0xbd, 0x17, 0xbe, 0xbe,
	0xbf, 0xbf, 0xb1, 0xb2, 0xb3, 0x33, 0x34, 0x34, 0x35, 0xcb, 0xcb, 0xcc, 0xcd, 0xcd, 0x3b, 0x3c, 0xcf, 0xbf, 0xd4, 0xcb, 0xcc, 0xcc, 0xcd, 0xcd, 0xce, 0xce, 0x3c, 0x3d, 0x3e, 0x3f, 0x3f, 0x3f, 0xde, 0xde, 0x0a, 0x5e, 0x5f, 0x5f, 0x0b, 0x0b,
	0x0b, 0xb3, 0xb4, 0xb4, 0x34, 0x33, 0x34, 0x34, 0xd3, 0xd3, 0x6e, 0x76, 0x9f, 0x0a, 0xea, 0xff, 0x2f, 0xd1, 0xd1, 0x6d, 0x73, 0xfb, 0x5d, 0x5f, 0x5f, 0xff, 0x08, 0x09, 0x09, 0x0a, 0x0b, 0x0c, 0x0c, 0x0d, 0x0e, 0x0e, 0x0f, 0x10, 0x11, 0x12,
	0x12, 0x14, 0x14, 0x15, 0x16, 0x16, 0x17, 0x17, 0x18, 0x19, 0x19, 0x1a, 0x1b, 0x1c, 0x1c, 0x1d, 0x1e, 0x1e, 0x08, 0x09, 0x09, 0x09, 0x0a, 0xb1, 0x0b, 0xb2, 0xb2, 0xb3, 0xb3, 0xb4, 0xb4, 0xb5, 0xb5, 0xb6, 0x36, 0xb7, 0xb8, 0x38, 0xb9, 0xba,
	0xba, 0xbb, 0xbb, 0x3c, 0x3d, 0xbe, 0xbe, 0x3e, 0x3f, 0x3f, 0x46, 0x46, 0x47, 0x48, 0x48, 0x49, 0x4a, 0x4a, 0x4b, 0x4c, 0x4c, 0x4d, 0x4e, 0x4e, 0x4f, 0x4f, 0x08, 0x09, 0x09, 0x09, 0x0a, 0x0a, 0x0a, 0x0c, 0x0c, 0x0c, 0x0c, 0x43, 0x0d, 0x44,
	0x44, 0x45, 0x08, 0x09, 0x09, 0x0a, 0x0b, 0x0b, 0x0c, 0x0c, 0x0d, 0x0e, 0x0e, 0x0f, 0x10, 0x10, 0xb8, 0xb9, 0xb9, 0x76, 0x14, 0x77, 0x77, 0x77, 0x78, 0x3d, 0x7a, 0x7b, 0x7b, 0x7c, 0x7c, 0x7d, 0x7d, 0x7e, 0x08, 0x09, 0x09, 0xb0, 0xb0, 0xb1,
	0x30, 0x31, 0x32, 0x32, 0x33, 0x33, 0x34, 0xca, 0xca, 0xd4, 0xb4, 0x70, 0x70, 0x71, 0x37, 0x38, 0x38, 0x39, 0x3a, 0x3a, 0xd9, 0xd9, 0xda, 0xdb, 0xdb, 0xdb, 0x08, 0x09, 0x09, 0x09, 0x0a, 0x0a, 0x0b, 0x0b, 0x0b, 0x0c, 0x0c, 0x0c, 0x0d, 0x0d,
	0x0d, 0x0e, 0x0f, 0x0f, 0x10, 0x11, 0x12, 0xb9, 0x13, 0xba, 0xbb, 0x16, 0x17, 0xbd, 0xbe, 0xbe, 0xbf, 0xbf, 0xb1, 0xb2, 0xb3, 0x33, 0x34, 0x35, 0x36, 0xcb, 0xcb, 0xcc, 0xcd, 0xcd, 0xce, 0x3c, 0xcf, 0xbf, 0xcb, 0xcb, 0xcc, 0xcc, 0xcd, 0xcd,
	0xce, 0xce, 0xcf, 0xcf, 0x3e, 0x3f, 0x3f, 0x3f, 0xde, 0xdf, 0x0a, 0x5f, 0x5f, 0x5f, 0x0b, 0x0b, 0x0c, 0x0d, 0xb4, 0xb4, 0x34, 0x34, 0x34, 0xca, 0xca, 0xd4, 0x6e, 0x76, 0x9f, 0x0b, 0xec, 0xff, 0x30, 0xd1, 0xd2, 0x6d, 0x73, 0xfb, 0x5e, 0x5f,
	0x40, 0xff, 0x09, 0x09, 0x0a, 0x0a, 0x0b, 0x0c, 0x0c, 0x0d, 0x0e, 0x0f, 0x0f, 0x10, 0x11, 0x12, 0x13, 0x14, 0x14, 0x15, 0x16, 0x17, 0x17, 0x18, 0x19, 0x19, 0x1a, 0x1b, 0x1b, 0x1c, 0x1d, 0x1d, 0x1e, 0x1e, 0x09, 0x09, 0x09, 0x0a, 0x0a, 0xb1,
	0x0b, 0xb2, 0xb3, 0xb3, 0xb4, 0xb4, 0xb5, 0xb5, 0xb5, 0x36, 0xb7, 0xb7, 0xb8, 0x38, 0x39, 0xba, 0xba, 0xbb, 0xbc, 0xbd, 0x3d, 0xbe, 0xbe, 0xbf, 0x3f, 0x3f, 0x46, 0x47, 0x47, 0x48, 0x49, 0x4a, 0x4a, 0x4b, 0x4b, 0x4c, 0x4d, 0x4d, 0x4e, 0x4f,
	0x4f, 0x4f, 0x09, 0x09, 0x09, 0x0a, 0x0a, 0x0a, 0x0b, 0x0c, 0x0c, 0x0c, 0x42, 0x0d, 0x44, 0x44, 0x45, 0x45, 0x09, 0x09, 0x0a, 0x0a, 0x0b, 0x0b, 0x0c, 0x0d, 0x0d, 0x0e, 0x0e, 0x0f, 0x10, 0xb8, 0xb8, 0xb9, 0xb9, 0xba, 0x77, 0x77, 0x16, 0x78,
	0x3d, 0x3d, 0x7b, 0x7b, 0x7c, 0x7c, 0x7d, 0x7d, 0x7e, 0x7e, 0x09, 0x09, 0xb0, 0xb0, 0xb1, 0xb1, 0x31, 0x31, 0x32, 0x32, 0x33, 0x34, 0x34, 0xca, 0xca, 0xd4, 0xb5, 0x70, 0x70, 0x71, 0x37, 0x38, 0x39, 0x39, 0x3a, 0x3a, 0xd9, 0xda, 0xdb, 0xdb,
	0xdb, 0xdc, 0x09, 0x09, 0x09, 0x0a, 0x0a, 0x0a, 0x0b, 0x0b, 0x0c, 0x0c, 0x0c, 0x0d, 0x0d, 0x0d, 0x0e, 0x0e, 0x0f, 0x10, 0x11, 0x11, 0x12, 0xb9, 0xba, 0xbb, 0xbb, 0x16, 0x17, 0x18, 0xbe, 0xbe, 0xbf, 0x1b, 0xb2, 0xb2, 0xb4, 0x33, 0x34, 0x35,
	0x36, 0xcb, 0xcc, 0xcc, 0xcd, 0xcd, 0xce, 0xcf, 0xcf, 0xbf, 0xd4, 0xcb, 0xcc, 0xcd, 0xcd, 0xce, 0xce, 0xce, 0xcf, 0xcf, 0xdc, 0x3f, 0xde, 0xde, 0xde, 0xdf, 0x5f, 0x5f, 0x5f, 0x40, 0x0b, 0x0b, 0x0c, 0x0d, 0xb4, 0xb5, 0x34, 0x34, 0x34, 0x35,
	0xd4, 0xd4, 0x6f, 0x77, 0x9f, 0x0b, 0x34, 0xff, 0x30, 0xd1, 0xd2, 0x6d, 0x73, 0xfb, 0x5e, 0x5f, 0x40, 0xff, 0x09, 0x09, 0x0a, 0x0b, 0x0c, 0x0c, 0x0d, 0x0d, 0x0e, 0x0f, 0x10, 0x11, 0x12, 0x12, 0x13, 0x14, 0x15, 0x16, 0x17, 0x17, 0x18, 0x18,
	0x19, 0x1a, 0x1a, 0x1b, 0x1c, 0x1c, 0x1d, 0x1e, 0x1e, 0x1f, 0x09, 0x09, 0x09, 0xb1, 0xb1, 0x0b, 0xb2, 0xb3, 0xb3, 0xb3, 0xb4, 0xb4, 0xb5, 0xb5, 0xb6, 0x36, 0xb7, 0xb8, 0x38, 0xb9, 0x39, 0xba, 0xbb, 0xbb, 0x3c, 0xbd, 0xbe, 0xbe, 0x3e, 0x3f,
	0x3f, 0x1c, 0x47, 0x47, 0x48, 0x49, 0x49, 0x4a, 0x4b, 0x4b, 0x4c, 0x4c, 0x4d, 0x4d, 0x4e, 0x4f, 0x4f, 0x4f, 0x09, 0x09, 0x0a, 0x0a, 0x0a, 0x0b, 0x0b, 0x0c, 0x0c, 0x0c, 0x43, 0x44, 0x44, 0x45, 0x45, 0x46, 0x09, 0x09, 0x0a, 0x0b, 0x0b, 0x0c,
	0x0c, 0x0d, 0x0d, 0x0e, 0x0f, 0x10, 0x10, 0x11, 0xb9, 0xb9, 0x14, 0x14, 0x77, 0x16, 0x16, 0x3d, 0x3d, 0x3d, 0x7b, 0x7b, 0x7c, 0x7c, 0x7d, 0x7e, 0x7e, 0x7f, 0x09, 0x09, 0xb0, 0xb0, 0xb1, 0xb2, 0x31, 0x32, 0x32, 0x33, 0x34, 0x34, 0x34, 0xca,
	0xd4, 0xd4, 0xb5, 0x70, 0x71, 0x72, 0x38, 0x74, 0x39, 0x3a, 0x3a, 0x3a, 0xd9, 0xda, 0xdb, 0xdb, 0xdc, 0xdd, 0x09, 0x09, 0x0a, 0x0a, 0x0a, 0x0b, 0x0b, 0x0b, 0x0c, 0x0c, 0x0d, 0x0d, 0x0e, 0x0e, 0x0e, 0x0f, 0x0f, 0x10, 0x11, 0x12, 0xb9, 0x13,
	0x15, 0xbb, 0x16, 0x17, 0xbd, 0xbe, 0xbe, 0xbf, 0xbf, 0x3f, 0xb2, 0xb3, 0xb4, 0x34, 0x35, 0x36, 0x37, 0xcc, 0xcc, 0xcc, 0xcd, 0xce, 0xce, 0xcf, 0xcf, 0x3f, 0xd5, 0xcc, 0xcc, 0xcd, 0xcd, 0xce, 0xce, 0xcf, 0xcf, 0xdb, 0x3f, 0xdd, 0xde, 0xde,
	0xdf, 0xdf, 0x0a, 0x5f, 0x40, 0x40, 0x0b, 0x0c, 0x0d, 0x0d, 0xb5, 0xb5, 0x35, 0x34, 0x35, 0xcb, 0xd4, 0xd4, 0x6f, 0x77, 0xf2, 0x0b, 0x34, 0xff, 0x30, 0xd2, 0xd2, 0x6e, 0x74, 0x7f, 0x5f, 0x40, 0x40, 0xff, 0xa0, 0xa0, 0x61, 0x62, 0xa4, 0x03,
	0x04, 0x04, 0xa9, 0x06, 0x07, 0x07, 0x08, 0x09, 0x09, 0x0a, 0x0a, 0x0b, 0x0b, 0x0c, 0x0c, 0x0d, 0x0d, 0x0e, 0x0e, 0x0f, 0x0f, 0x10, 0x10, 0x11, 0x12, 0x13, 0xa0, 0xa0, 0xa0, 0x22, 0x23, 0x23, 0x24, 0x25, 0x25, 0x26, 0x26, 0x27, 0x28, 0x29,
	0x29, 0x2a, 0x2b, 0x2c, 0x2c, 0x2d, 0x2e, 0xb0, 0xb1, 0xb1, 0xb2, 0xb2, 0xb3, 0xb4, 0xb4, 0xb5, 0xb6, 0xb6, 0x5b, 0x5b, 0x5c, 0x5d, 0x5e, 0x5f, 0x5f, 0x40, 0x41, 0x42, 0x42, 0x43, 0x44, 0x44, 0x45, 0x46, 0xa0, 0xa0, 0x61, 0x61, 0x53, 0x53,
	0x54, 0x55, 0x55, 0x56, 0x57, 0x57, 0x58, 0x58, 0x59, 0x5a, 0xa0, 0xa0, 0x61, 0x62, 0x63, 0x63, 0xa6, 0x65, 0x65, 0x66, 0x66, 0x67, 0x68, 0x68, 0x69, 0x6a, 0x6b, 0x6b, 0x6c, 0x6c, 0x6d, 0x6d, 0x6e, 0x6e, 0x6f, 0x6f, 0x6f, 0x70, 0x70, 0x71,
	0x71, 0x72, 0xa0, 0xa0, 0x81, 0x82, 0x83, 0x83, 0x84, 0x85, 0x85, 0x86, 0x87, 0x87, 0x88, 0x89, 0x89, 0x8a, 0xc1, 0xc1, 0xc2, 0xf0, 0x90, 0x91, 0x91, 0x92, 0x92, 0x93, 0x94, 0x95, 0x95, 0x96, 0x97, 0x98, 0xa0, 0xa0, 0xa1, 0x61, 0xa2, 0xa3,
	0xa4, 0x63, 0xa5, 0xa6, 0xa6, 0xa7, 0xa8, 0xa8, 0xa9, 0xaa, 0xab, 0xac, 0xad, 0xae, 0xaf, 0xb0, 0xb0, 0xb1, 0xb1, 0xb2, 0xb3, 0xb3, 0xb4, 0xb4, 0xb5, 0xb6, 0x24, 0xc0, 0xc0, 0xc1, 0xc2, 0xc2, 0xc3, 0xc3, 0xc4, 0xc4, 0x2f, 0x30, 0x31, 0x32,
	0x33, 0xb5, 0x8a, 0x8a, 0xc5, 0xc5, 0x2f, 0x30, 0x31, 0x32, 0x33, 0x34, 0x35, 0x36, 0x36, 0x72, 0xb8, 0xb8, 0x52, 0x52, 0xe1, 0xe1, 0xe2, 0xe4, 0xe4, 0xf3, 0xe6, 0xe6, 0xe6, 0xe7, 0x88, 0x89, 0x89, 0x8a, 0x65, 0x93, 0xf1, 0x83, 0xe7, 0xf4,
	0x84, 0xf6, 0xf7, 0xf9, 0xf9, 0xfa, 0xfc, 0xfc, 0xfd, 0xf4, 0xa0, 0xa1, 0xa2, 0xa4, 0xa5, 0x03, 0x04, 0x05, 0xa9, 0x06, 0x07, 0xad, 0x08, 0x09, 0x09, 0x0a, 0x0a, 0x0b, 0x0c, 0x0c, 0x0c, 0x0d, 0x0d, 0x0e, 0x0e, 0x0f, 0x0f, 0x10, 0x11, 0x11,
	0x12, 0x13, 0xa0, 0xa1, 0xa1, 0x22, 0x23, 0x23, 0x24, 0x25, 0x25, 0x26, 0x27, 0x27, 0x28, 0x29, 0x29, 0x2a, 0x2b, 0x2c, 0x2c, 0x90, 0x2e, 0xb0, 0xb1, 0xb2, 0xb2, 0xb2, 0xb3, 0xb4, 0xb4, 0xb5, 0xb6, 0xb7, 0x5b, 0x5c, 0x5c, 0x5d, 0x5e, 0x5f,
	0x40, 0x40, 0x41, 0x42, 0x42, 0x43, 0x44, 0x45, 0x45, 0x46, 0xa0, 0xa1, 0x61, 0x52, 0x53, 0x53, 0x54, 0x55, 0x55, 0x56, 0x57, 0x57, 0x58, 0x59, 0x59, 0x5a, 0xa0, 0xa1, 0xa2, 0xa3, 0x63, 0x63, 0x64, 0x65, 0x65, 0x66, 0x67, 0x67, 0x68, 0x69,
	0x69, 0x6a, 0x6b, 0x6b, 0x6c, 0x6d, 0x6d, 0x6d, 0x6e, 0x6e, 0x6f, 0x6f, 0x70, 0x70, 0x71, 0x71, 0x71, 0x72, 0xa0, 0x81, 0x22, 0x82, 0x83, 0x83, 0x84, 0x85, 0x85, 0x86, 0x87, 0x88, 0x88, 0x89, 0x89, 0x8a, 0xc1, 0xc1, 0xc2, 0xf0, 0x90, 0x91,
	0x91, 0x92, 0x92, 0x93, 0x94, 0x95, 0x95, 0x96, 0x97, 0x98, 0xa0, 0xa1, 0xa1, 0xa2, 0xa2, 0xa3, 0xa4, 0x63, 0xa6, 0xa6, 0xa7, 0xa7, 0xa8, 0xa8, 0xa9, 0xaa, 0xab, 0xac, 0xad, 0xae, 0xaf, 0xb0, 0xb0, 0xb1, 0xb1, 0xb2, 0xb3, 0xb3, 0xb4, 0xb5,
	0xb5, 0xb6, 0x24, 0xc0, 0xc0, 0xc1, 0xc2, 0xc2, 0xc3, 0xc3, 0xc4, 0xc5, 0x2f, 0x30, 0x31, 0x32, 0x33, 0xb6, 0x8a, 0x8b, 0xc5, 0xc5, 0x30, 0x31, 0x32, 0x33, 0x33, 0x34, 0x35, 0x36, 0x71, 0x72, 0xb8, 0x73, 0x52, 0x52, 0xe1, 0xe1, 0xe2, 0xe4,
	0xe4, 0xe5, 0xe6, 0xe6, 0xe6, 0xe7, 0x88, 0x89, 0x8a, 0x8a, 0x65, 0x93, 0xf1, 0x83, 0xe7, 0xf4, 0x84, 0xf6, 0xf7, 0xf9, 0xf9, 0xfa, 0xfc, 0xfc, 0xfd, 0xf4, 0xa0, 0x61, 0xa2, 0xa4, 0xa5, 0xa6, 0xa7, 0x05, 0x06, 0x06, 0x07, 0xad, 0x08, 0x09,
	0x09, 0x0a, 0x0b, 0x0b, 0x0c, 0x0c, 0x0c, 0x0d, 0x0d, 0x0e, 0x0e, 0x0f, 0x0f, 0x10, 0x11, 0x11, 0x12, 0x13, 0xa0, 0xa1, 0x22, 0xa3, 0x23, 0x23, 0x24, 0x25, 0x26, 0x26, 0x27, 0x27, 0x29, 0x29, 0x29, 0x2a, 0x2b, 0x2c, 0x2c, 0x2d, 0x2e, 0x2f,
	0xb1, 0xb2, 0xb2, 0xb3, 0xb3, 0xb4, 0xb4, 0xb5, 0xb6, 0xb7, 0x5b, 0x5c, 0x5c, 0x5d, 0x5e, 0x5f, 0x40, 0x40, 0x41, 0x42, 0x42, 0x43, 0x44, 0x45, 0x45, 0x46, 0xa0, 0x61, 0x61, 0x02, 0x53, 0x54, 0x54, 0x55, 0x56, 0x56, 0x57, 0x57, 0x58, 0x59,
	0x59, 0x5a, 0xa0, 0x61, 0xa2, 0xa3, 0x63, 0xa5, 0x64, 0x65, 0xa8, 0x66, 0x67, 0x67, 0x68, 0x69, 0x69, 0x6a, 0x6b, 0x6b, 0x6c, 0x6d, 0x6d, 0x6e, 0x6e, 0x6e, 0x6f, 0x6f, 0x70, 0x70, 0x71, 0x71, 0x71, 0x72, 0xa0, 0x81, 0x22, 0x82, 0x83, 0x84,
	0x84, 0x85, 0x86, 0x86, 0x87, 0x88, 0x88, 0x89, 0x8a, 0x8a, 0x29, 0x29, 0xc2, 0x90, 0x91, 0x91, 0x91, 0x92, 0x93, 0x93, 0x94, 0x95, 0x95, 0x96, 0x97, 0x98, 0xa0, 0xa1, 0x61, 0xa2, 0xa3, 0xa3, 0xa4, 0xa5, 0xa6, 0xa6, 0xa7, 0xa7, 0xa8, 0xa9,
	0xa9, 0xaa, 0xab, 0xac, 0xad, 0xae, 0xaf, 0xb0, 0xb1, 0xb1, 0xb2, 0xb2, 0xb3, 0xb4, 0xb4, 0xb5, 0xb6, 0xb6, 0x24, 0xc0, 0xc0, 0xc1, 0xc2, 0xc2, 0xc3, 0xc3, 0xc4, 0xc5, 0x2f, 0x30, 0x31, 0x32, 0x34, 0xb6, 0x8a, 0x8b, 0xc5, 0xc5, 0x30, 0x31,
	0x32, 0x33, 0x33, 0x34, 0x35, 0x36, 0x37, 0x37, 0xb8, 0x73, 0x53, 0x53, 0xe1, 0xe2, 0xe2, 0xe4, 0xe4, 0xe5, 0xe6, 0xe6, 0xe7, 0xe7, 0x88, 0x89, 0x8a, 0x8a, 0x65, 0x93, 0xf1, 0xf3, 0xe7, 0xf4, 0x84, 0xf6, 0xf7, 0xf9, 0xf9, 0xfa, 0xfc, 0xfc,
	0xfd, 0xf4, 0xa1, 0x61, 0xa3, 0xa4, 0x03, 0xa6, 0xa8, 0x05, 0xaa, 0xab, 0x07, 0xad, 0xae, 0x09, 0xb0, 0xb1, 0x0b, 0x0b, 0x0c, 0x0c, 0x0d, 0x0d, 0x0e, 0x0e, 0x0f, 0x0f, 0x10, 0x10, 0x11, 0x12, 0x12, 0x13, 0xa1, 0xa1, 0x22, 0x23, 0x23, 0x24,
	0x25, 0x25, 0x26, 0x27, 0x27, 0x28, 0x29, 0x29, 0x2a, 0x2b, 0x2c, 0x2c, 0x2d, 0x2e, 0x2f, 0x2f, 0x30, 0xb2, 0xb3, 0xb3, 0xb4, 0xb4, 0xb5, 0xb6, 0xb6, 0xb7, 0x5b, 0x5c, 0x5d, 0x5e, 0x5f, 0x5f, 0x40, 0x41, 0x42, 0x42, 0x43, 0x44, 0x44, 0x45,
	0x46, 0x46, 0xa1, 0x61, 0xa2, 0x02, 0xa4, 0xa4, 0x03, 0x56, 0x56, 0x57, 0x57, 0x58, 0x59, 0x59, 0x5a, 0x5b, 0xa1, 0x61, 0xa3, 0x63, 0x63, 0xa6, 0x64, 0x65, 0x66, 0x67, 0x67, 0x68, 0x68, 0x69, 0x6a, 0x6b, 0x6b, 0x6c, 0x6c, 0x6d, 0x6e, 0x6e,
	0x6e, 0x6f, 0x6f, 0x6f, 0x70, 0x70, 0x71, 0x72, 0x72, 0x72, 0xa1, 0x22, 0x82, 0x83, 0x83, 0x84, 0x85, 0x85, 0x86, 0x87, 0x87, 0x88, 0x89, 0x89, 0x8a, 0x8b, 0x29, 0xc2, 0xc2, 0x90, 0x91, 0x91, 0x92, 0x93, 0x93, 0x94, 0x95, 0x95, 0x95, 0x96,
	0x97, 0x98, 0xa1, 0xa1, 0xa2, 0xa3, 0xa3, 0xa4, 0xa5, 0xa5, 0xa6, 0xa7, 0xa7, 0xa8, 0xa8, 0xa9, 0xaa, 0xab, 0xac, 0xad, 0xae, 0xaf, 0xb0, 0xb0, 0xb1, 0xb2, 0xb2, 0xb3, 0xb3, 0xb4, 0xb5, 0xb5, 0xb6, 0xb7, 0x25, 0xc0, 0xc1, 0xc1, 0xc2, 0xc2,
	0xc3, 0xc4, 0xc5, 0xc5, 0x30, 0x31, 0x32, 0x33, 0x34, 0x36, 0x8b, 0x8b, 0xc5, 0xc5, 0x30, 0x31, 0x32, 0x33, 0x34, 0x34, 0x35, 0x36, 0x37, 0x37, 0x38, 0x38, 0x53, 0x53, 0xe1, 0xe2, 0xe2, 0xe4, 0xe5, 0xe5, 0xe6, 0xe6, 0xe7, 0xe7, 0x89, 0x8a,
	0x8a, 0x8b, 0x66, 0x93, 0xf1, 0xf3, 0xe8, 0xf4, 0x85, 0x88, 0xf7, 0xf9, 0xf9, 0xfa, 0xe1, 0xe2, 0xfd, 0xf4, 0xa1, 0xa2, 0xa3, 0x63, 0xa6, 0xa6, 0xa8, 0xa9, 0xab, 0xac, 0xac, 0xae, 0x09, 0x09, 0xb0, 0xb1, 0x0b, 0xb2, 0x0c, 0x0d, 0x0d, 0x0d,
	0x0e, 0x0e, 0x0f, 0x10, 0x10, 0x11, 0x11, 0x12, 0x13, 0x14, 0xa1, 0xa2, 0xa3, 0x23, 0x24, 0x24, 0x25, 0x26, 0x26, 0x27, 0x28, 0x28, 0x29, 0x2a, 0x2a, 0x2b, 0x2c, 0x2c, 0x2d, 0x2e, 0x2f, 0x2f, 0xb1, 0xb2, 0xb3, 0xb3, 0xb4, 0xb4, 0xb5, 0xb6,
	0xb7, 0xb8, 0x5c, 0x5c, 0x5d, 0x5e, 0x5f, 0x5f, 0x40, 0x41, 0x42, 0x42, 0x43, 0x44, 0x44, 0x45, 0x46, 0x46, 0xa1, 0xa2, 0x62, 0x02, 0xa4, 0x03, 0x55, 0x04, 0x56, 0x57, 0x57, 0x58, 0x59, 0x59, 0x5a, 0x5b, 0xa1, 0xa2, 0xa3, 0x63, 0xa5, 0xa6,
	0x65, 0xa8, 0x66, 0x67, 0x67, 0x68, 0xad, 0x69, 0x6a, 0x6b, 0x6b, 0x6c, 0x6d, 0x6d, 0x6e, 0x6e, 0x6e, 0x6f, 0x6f, 0x70, 0x70, 0x70, 0x71, 0x72, 0x72, 0x73, 0xa1, 0x22, 0x82, 0x83, 0x83, 0x84, 0x85, 0x85, 0x86, 0x87, 0x87, 0x88, 0x89, 0x89,
	0x8a, 0x8b, 0x29, 0xc2, 0xc2, 0x90, 0x91, 0x91, 0x92, 0x93, 0x93, 0x94, 0x95, 0x95, 0x96, 0x96, 0x98, 0x98, 0xa1, 0xa2, 0xa3, 0xa3, 0xa4, 0x24, 0xa5, 0xa6, 0xa7, 0xa7, 0xa8, 0xa8, 0xa9, 0xaa, 0xaa, 0xab, 0xac, 0xad, 0xae, 0xaf, 0xb0, 0xb0,
	0xb1, 0xb2, 0xb2, 0xb3, 0xb4, 0xb4, 0xb5, 0xb5, 0xb6, 0xb7, 0x25, 0xc0, 0xc1, 0xc1, 0xc2, 0xc3, 0xc3, 0xc4, 0xc5, 0xc5, 0x30, 0x31, 0x32, 0x33, 0x34, 0x36, 0x8b, 0x8b, 0xc5, 0xc5, 0xc6, 0x32, 0x32, 0x33, 0x34, 0x35, 0x36, 0x36, 0x37, 0x37,
	0x38, 0xb9, 0x54, 0x53, 0xe2, 0xe2, 0xe3, 0xe4, 0xe5, 0xe6, 0xe6, 0xe7, 0xe7, 0xe7, 0x89, 0x8a, 0x8a, 0x8b, 0x66, 0x93, 0xf1, 0xf3, 0xe8, 0xf4, 0x85, 0x88, 0xf7, 0xf9, 0xf9, 0xfa, 0xe1, 0xe2, 0xfd, 0xf4, 0x22, 0xa3, 0x23, 0xa5, 0xa6, 0xa7,
	0xa8, 0xa9, 0xab, 0xac, 0xad, 0xae, 0x09, 0xb0, 0x0a, 0x0b, 0x0b, 0x0c, 0xb3, 0x0d, 0x0d, 0x0d, 0x0e, 0x0e, 0x0f, 0x10, 0x10, 0x11, 0x11, 0x12, 0x13, 0x14, 0x22, 0xa3, 0x23, 0x23, 0x24, 0x25, 0x25, 0x26, 0x27, 0x27, 0x28, 0x29, 0x29, 0x2a,
	0x2b, 0x2b, 0x2c, 0x2d, 0x2e, 0x2e, 0x2f, 0x30, 0x31, 0xb2, 0xb3, 0xb4, 0xb4, 0xb5, 0xb5, 0xb6, 0xb7, 0xb8, 0x5c, 0x5c, 0x5e, 0x5e, 0x5f, 0x40, 0x41, 0x41, 0x42, 0x43, 0x43, 0x44, 0x45, 0x45, 0x46, 0x47, 0x22, 0xa3, 0xa3, 0x02, 0xa5, 0x03,
	0x03, 0x04, 0x04, 0x05, 0x57, 0x59, 0x59, 0x5a, 0x5a, 0x5b, 0x22, 0xa3, 0xa3, 0x63, 0xa5, 0xa7, 0x65, 0xa8, 0x66, 0x67, 0x68, 0x68, 0x69, 0x69, 0x6a, 0x6b, 0x6c, 0x6c, 0x6d, 0x6d, 0x6e, 0x6e, 0x6f, 0x6f, 0x6f, 0x70, 0x71, 0x71, 0x71, 0x72,
	0x73, 0x73, 0x22, 0x82, 0x23, 0x83, 0x84, 0x84, 0x85, 0x86, 0x86, 0x87, 0x88, 0x88, 0x89, 0x89, 0x8a, 0x8b, 0x29, 0xc2, 0x90, 0x91, 0x91, 0x91, 0x92, 0x93, 0x93, 0x94, 0x95, 0x95, 0x96, 0x97, 0x98, 0x98, 0x22, 0xa3, 0xa3, 0x23, 0xa4, 0xa5,
	0xa5, 0x25, 0x26, 0xa7, 0xa8, 0xa8, 0xaa, 0xaa, 0xab, 0xac, 0xac, 0xae, 0xaf, 0xaf, 0xb0, 0xb1, 0xb1, 0xb2, 0xb2, 0xb3, 0xb4, 0xb4, 0xb5, 0xb6, 0xb6, 0xb7, 0x25, 0xc0, 0xc1, 0xc2, 0xc2, 0xc3, 0xc3, 0xc4, 0xc5, 0xc5, 0x30, 0x31, 0x32, 0x34,
	0x35, 0x36, 0x8b, 0x8c, 0xc5, 0xc6, 0xc6, 0x32, 0x33, 0x34, 0x34, 0x35, 0x36, 0x37, 0x37, 0x37, 0x38, 0x39, 0x54, 0xe0, 0xe2, 0xe2, 0xe4, 0xe4, 0xe5, 0xe6, 0xe6, 0xe7, 0xe7, 0xe7, 0x8a, 0x8a, 0x8b, 0x8b, 0x66, 0x93, 0xf1, 0xf3, 0xe8, 0xf4,
	0x85, 0x88, 0xf7, 0xf9, 0xf9, 0xfa, 0xe1, 0xe3, 0xfd, 0xf4, 0xa3, 0xa3, 0xa4, 0xa6, 0xa7, 0xa7, 0xa9, 0xaa, 0xab, 0xac, 0xad, 0xae, 0x09, 0xb0, 0x0a, 0x0b, 0xb2, 0x0c, 0xb3, 0x0d, 0x0d, 0x0e, 0x0e, 0x0f, 0x0f, 0x10, 0x11, 0x11, 0x12, 0x12,
	0x13, 0x15, 0xa3, 0xa3, 0x23, 0x24, 0x25, 0x25, 0x26, 0x26, 0x27, 0x28, 0x28, 0x29, 0x2a, 0x2a, 0x2b, 0x2c, 0x2d, 0x2d, 0x2e, 0x2f, 0x2f, 0x30, 0x31, 0x32, 0xb3, 0xb4, 0xb4, 0xb5, 0xb5, 0xb6, 0xb7, 0xb8, 0x5c, 0x5d, 0x5e, 0x5f, 0x5f, 0x40,
	0x41, 0x41, 0x42, 0x43, 0x44, 0x44, 0x45, 0x46, 0x46, 0x47, 0xa3, 0xa3, 0x02, 0xa4, 0xa5, 0x03, 0xa6, 0x04, 0x05, 0x05, 0x58, 0x59, 0x59, 0x5a, 0x5b, 0x5b, 0xa3, 0xa3, 0x63, 0x24, 0xa6, 0xa7, 0x65, 0x66, 0xaa, 0x67, 0x68, 0x68, 0x69, 0x6a,
	0x6a, 0x6b, 0x6c, 0x6d, 0x6d, 0x6e, 0x6e, 0x6e, 0x6f, 0x6f, 0x70, 0x70, 0x71, 0x71, 0x72, 0x72, 0x73, 0x74, 0xa3, 0x23, 0x24, 0x24, 0x84, 0x85, 0x85, 0x86, 0x87, 0x87, 0x88, 0x88, 0x89, 0x8a, 0x8b, 0x8b, 0x2a, 0xc2, 0x90, 0x90, 0x91, 0x92,
	0x92, 0x93, 0x93, 0x94, 0x95, 0x96, 0x96, 0x97, 0x98, 0x99, 0xa3, 0xa3, 0xa3, 0x63, 0xa5, 0xa5, 0xa6, 0xa7, 0xa8, 0xa8, 0xa8, 0xa9, 0xaa, 0xaa, 0xab, 0xac, 0xad, 0xae, 0xaf, 0xb0, 0xb0, 0xb1, 0xb2, 0xb2, 0xb3, 0xb3, 0xb4, 0xb5, 0xb5, 0xb6,
	0xb7, 0xb7, 0xc0, 0x27, 0xc1, 0xc2, 0xc2, 0xc3, 0xc4, 0xc4, 0xc5, 0xc5, 0x30, 0x32, 0x33, 0x34, 0x35, 0x36, 0x8b, 0x8c, 0xc5, 0xc6, 0x31, 0x32, 0x33, 0x34, 0x34, 0x35, 0x36, 0x37, 0x38, 0x38, 0x38, 0x39, 0x54, 0x54, 0xe2, 0xe2, 0xe4, 0xe5,
	0xe5, 0xe6, 0xe6, 0xe7, 0xe7, 0xe8, 0x8a, 0x8a, 0x8b, 0x8b, 0xc1, 0x94, 0x9a, 0xf3, 0xe8, 0xf4, 0x85, 0x88, 0xf7, 0xf9, 0xfa, 0xfa, 0xe1, 0xe3, 0xfd, 0xf4, 0x23, 0xa3, 0xa5, 0xa6, 0xa7, 0xa8, 0xa9, 0xaa, 0xac, 0xac, 0xae, 0xaf, 0xb0, 0xb0,
	0xb1, 0xb2, 0xb2, 0xb3, 0x0d, 0x0d, 0x0e, 0x0e, 0x0f, 0xb6, 0x10, 0x11, 0x11, 0x12, 0x12, 0x13, 0x14, 0x15, 0x23, 0x23, 0x23, 0x24, 0x25, 0x25, 0x26, 0x27, 0x27, 0x28, 0x29, 0x29, 0x2a, 0x2b, 0x2b, 0x2c, 0x2d, 0x2d, 0x2e, 0x2f, 0x30, 0x31,
	0x31, 0x32, 0x32, 0xb4, 0xb5, 0x35, 0xb6, 0xb7, 0xb7, 0xb8, 0x5d, 0x5d, 0x5e, 0x5f, 0x40, 0x41, 0x41, 0x42, 0x42, 0x44, 0x44, 0x45, 0x46, 0x46, 0x46, 0x11, 0x23, 0xa3, 0xa4, 0xa5, 0x03, 0xa6, 0x04, 0x05, 0x05, 0x05, 0x58, 0x06, 0x06, 0x5b,
	0x5b, 0x5c, 0x23, 0xa3, 0x24, 0x25, 0xa7, 0x65, 0xa8, 0xa9, 0x67, 0x68, 0x68, 0xad, 0x6a, 0x6a, 0x6b, 0x6b, 0x6c, 0x6d, 0x6e, 0x6e, 0x6e, 0x6f, 0x6f, 0x70, 0x70, 0x71, 0x71, 0x71, 0x72, 0x72, 0x73, 0x74, 0x23, 0x23, 0x24, 0x84, 0x84, 0x85,
	0x85, 0x86, 0x87, 0x88, 0x88, 0x89, 0x8a, 0x8a, 0x8b, 0x8b, 0x2a, 0xc2, 0x90, 0x91, 0x91, 0x92, 0x92, 0x93, 0x94, 0x95, 0x95, 0x96, 0x96, 0x97, 0x98, 0x99, 0x23, 0x23, 0x63, 0x24, 0xa5, 0xa6, 0xa7, 0xa7, 0x27, 0xa8, 0xa9, 0xaa, 0xaa, 0xab,
	0xab, 0xac, 0xae, 0xae, 0xaf, 0xb0, 0xb0, 0xb1, 0xb2, 0xb2, 0xb3, 0xb4, 0xb4, 0xb5, 0xb5, 0xb6, 0xb7, 0xb8, 0xc0, 0xc1, 0xc1, 0xc2, 0xc3, 0xc3, 0xc4, 0xc4, 0xc5, 0xc5, 0xc6, 0x32, 0x33, 0x34, 0x35, 0x36, 0x8c, 0xc5, 0xc6, 0xc6, 0xc7, 0x32,
	0x33, 0x34, 0x35, 0x36, 0x36, 0x37, 0x38, 0x38, 0x39, 0x39, 0x55, 0x55, 0x55, 0xe3, 0xe4, 0xe5, 0xe5, 0xe6, 0xe7, 0xe7, 0xe9, 0xe8, 0x8a, 0x8a, 0x8b, 0x8b, 0xc1, 0x94, 0x9a, 0xf3, 0xe8, 0xf4, 0x85, 0x89, 0xf7, 0x65, 0xfa, 0xfa, 0xe1, 0xe3,
	0xfd, 0xf4, 0xa3, 0x23, 0xa5, 0xa6, 0xa7, 0xa8, 0xaa, 0xaa, 0xac, 0xad, 0xae, 0xaf, 0xb0, 0xb1, 0xb1, 0xb2, 0xb2, 0xb3, 0x0d, 0x0e, 0x0e, 0xb5, 0x0f, 0x0f, 0x10, 0x11, 0x11, 0x12, 0x12, 0x13, 0x14, 0x15, 0xa3, 0x23, 0x23, 0x25, 0x25, 0x26,
	0x26, 0x27, 0x28, 0x29, 0x29, 0x2a, 0x2a, 0x2b, 0x2c, 0x2c, 0x2d, 0x2e, 0x2e, 0x2f, 0x30, 0x31, 0x31, 0x32, 0xb4, 0x33, 0xb5, 0xb6, 0xb6, 0xb7, 0xb7, 0xb8, 0x5d, 0x5e, 0x5e, 0x5f, 0x40, 0x0b, 0x41, 0x42, 0x43, 0x44, 0x0e, 0x45, 0x46, 0x10,
	0x11, 0x11, 0xa3, 0x23, 0xa4, 0xa5, 0xa6, 0x04, 0x04, 0x05, 0x05, 0x05, 0x06, 0x06, 0x07, 0x5b, 0x5b, 0x5c, 0xa3, 0x23, 0x63, 0x25, 0x26, 0xa8, 0xa8, 0xaa, 0x67, 0x68, 0x68, 0x69, 0x6a, 0xaf, 0x6b, 0x6c, 0x6c, 0x6d, 0x6e, 0x6e, 0x6f, 0x6f,
	0x6f, 0x70, 0x70, 0x71, 0x71, 0x71, 0x72, 0x73, 0x73, 0x74, 0xa3, 0x23, 0x24, 0x84, 0x84, 0x85, 0x86, 0x86, 0x87, 0x88, 0x88, 0x89, 0x8a, 0x8a, 0x8b, 0x8c, 0x2b, 0x90, 0x90, 0x91, 0x91, 0x92, 0x93, 0x94, 0x94, 0x95, 0x95, 0x96, 0x97, 0x98,
	0x98, 0x99, 0xa3, 0x23, 0x24, 0x24, 0x25, 0x25, 0x26, 0xa8, 0xa8, 0xa9, 0xa9, 0xaa, 0xaa, 0xab, 0xac, 0xad, 0xae, 0xaf, 0xaf, 0xb0, 0xb1, 0xb1, 0xb2, 0xb3, 0xb3, 0xb4, 0xb5, 0xb5, 0xb6, 0xb6, 0xb7, 0xb8, 0xc0, 0xc1, 0x29, 0xc2, 0xc3, 0xc3,
	0xc4, 0xc5, 0xc5, 0xc6, 0x31, 0x32, 0x33, 0x34, 0x35, 0x37, 0x8c, 0xc5, 0xc6, 0xc6, 0xc7, 0x33, 0x33, 0x34, 0x35, 0x36, 0x37, 0x37, 0x38, 0x38, 0x39, 0x39, 0x55, 0x55, 0x55, 0xe4, 0xe4, 0xe5, 0xe6, 0xe6, 0xe7, 0xe7, 0xe9, 0xe9, 0x8a, 0x8a,
	0x8b, 0x8c, 0xf0, 0x95, 0x9a, 0xf3, 0xe8, 0xf4, 0x86, 0x89, 0xf7, 0xf9, 0xfa, 0xfa, 0xe0, 0xe3, 0xfd, 0xf4, 0x23, 0x24, 0x25, 0xa7, 0xa8, 0xa9, 0xaa, 0xab, 0xac, 0xad, 0xaf, 0xaf, 0xb0, 0xb1, 0x0b, 0xb2, 0xb3, 0xb3, 0xb4, 0x0e, 0x0e, 0xb5,
	0x0f, 0xb6, 0x11, 0x11, 0x12, 0x12, 0x13, 0x14, 0x14, 0x16, 0x23, 0x24, 0x24, 0x25, 0x25, 0x26, 0x27, 0x28, 0x28, 0x29, 0x29, 0x2a, 0x2b, 0x2b, 0x2c, 0x2d, 0x2e, 0x2e, 0x2f, 0x2f, 0x30, 0x31, 0x32, 0x32, 0x33, 0x34, 0x35, 0x35, 0x36, 0xb7,
	0xb8, 0xb9, 0x5d, 0x09, 0x0a, 0x0a, 0x0b, 0x41, 0x0c, 0x42, 0x0d, 0x44, 0x0e, 0x0f, 0x0f, 0x46, 0x11, 0x12, 0x23, 0x24, 0xa5, 0xa5, 0xa6, 0x04, 0x05, 0x05, 0xa9, 0x06, 0x06, 0x07, 0x07, 0x5b, 0x5c, 0x08, 0x23, 0x24, 0x24, 0x26, 0x65, 0xa8,
	0x66, 0xaa, 0x67, 0x68, 0xad, 0x69, 0x6a, 0x6b, 0x6b, 0x6c, 0x6d, 0x6e, 0x6e, 0x6e, 0x6f, 0x6f, 0x70, 0x70, 0x70, 0x71, 0x72, 0x72, 0x72, 0x73, 0x74, 0x74, 0x23, 0x24, 0x25, 0x84, 0x85, 0x85, 0x86, 0x87, 0x87, 0x88, 0x89, 0x89, 0x8a, 0x8b,
	0x8b, 0x8c, 0x2b, 0x90, 0x90, 0x91, 0x92, 0x92, 0x93, 0x94, 0x94, 0x95, 0x96, 0x96, 0x97, 0x98, 0x99, 0x99, 0x23, 0x24, 0x63, 0x25, 0x25, 0x26, 0xa7, 0xa8, 0xa8, 0xaa, 0xaa, 0xaa, 0xab, 0xac, 0xac, 0xad, 0xae, 0xaf, 0xb0, 0xb0, 0xb1, 0xb2,
	0xb2, 0xb3, 0xb4, 0xb4, 0xb5, 0xb6, 0xb6, 0xb7, 0xb7, 0xb8, 0x27, 0xc1, 0x29, 0xc2, 0xc3, 0xc4, 0xc4, 0xc5, 0xc5, 0xc6, 0xc6, 0x33, 0x33, 0x35, 0x36, 0x37, 0x8d, 0xc6, 0xc6, 0xc7, 0xc7, 0x33, 0x33, 0x34, 0x35, 0x36, 0x37, 0x37, 0x38, 0x38,
	0x39, 0x3a, 0x55, 0x55, 0x55, 0xe4, 0xe5, 0xe5, 0xe6, 0xe6, 0xe7, 0xe7, 0xe9, 0xe9, 0x8a, 0x8b, 0x8b, 0x8c, 0xf0, 0x95, 0x9a, 0xf3, 0xe8, 0xf4, 0x86, 0x89, 0xf7, 0x66, 0xfa, 0xfa, 0xe2, 0xe3, 0xfd, 0xf4, 0x24, 0x24, 0xa6, 0xa7, 0xa8, 0xa9,
	0xaa, 0xab, 0xac, 0xae, 0xaf, 0xaf, 0xb0, 0xb1, 0xb2, 0xb3, 0xb3, 0xb3, 0xb4, 0x0e, 0xb5, 0x0f, 0x0f, 0x10, 0x11, 0xb8, 0x12, 0xb9, 0x13, 0x14, 0x15, 0x16, 0x24, 0x24, 0x24, 0x25, 0x26, 0x26, 0x27, 0x28, 0x29, 0x29, 0x2a, 0x2a, 0x2b, 0x2b,
	0x2c, 0x2d, 0x2e, 0x2e, 0x2f, 0x30, 0x31, 0x31, 0x32, 0x33, 0x33, 0x34, 0x35, 0x36, 0x36, 0xb7, 0xb8, 0x38, 0x09, 0x0a, 0x0a, 0x40, 0x0b, 0x0c, 0x0c, 0x0c, 0x44, 0x0e, 0x45, 0x0f, 0x10, 0x10, 0x11, 0x12, 0x24, 0x24, 0xa5, 0xa6, 0xa6, 0x04,
	0x05, 0x05, 0xa9, 0x06, 0x06, 0x07, 0x07, 0x08, 0x5c, 0x08, 0x24, 0x24, 0x25, 0x26, 0xa8, 0xa8, 0xaa, 0x67, 0x67, 0x68, 0xad, 0x69, 0x6a, 0x6b, 0x6b, 0x6c, 0x6d, 0x6e, 0x6e, 0x6f, 0x6f, 0x6f, 0x70, 0x70, 0x71, 0x71, 0x72, 0x72, 0x73, 0x73,
	0x74, 0x74, 0x24, 0x24, 0x25, 0x84, 0x85, 0x86, 0x86, 0x87, 0x88, 0x88, 0x89, 0x8a, 0x8a, 0x8b, 0x8c, 0x8c, 0x2b, 0x90, 0x90, 0x91, 0x92, 0x92, 0x93, 0x94, 0x94, 0x95, 0x96, 0x96, 0x97, 0x98, 0x99, 0x99, 0x24, 0x24, 0x24, 0x25, 0x25, 0x26,
	0xa8, 0xa8, 0x28, 0xaa, 0xaa, 0xaa, 0x2a, 0xac, 0xad, 0xae, 0xae, 0xaf, 0xb0, 0xb0, 0xb1, 0xb2, 0xb2, 0xb3, 0xb4, 0xb4, 0xb5, 0xb6, 0xb7, 0xb7, 0xb8, 0x38, 0x27, 0xc1, 0xc2, 0xc2, 0xc3, 0xc4, 0xc5, 0xc5, 0xc6, 0xc6, 0x32, 0x33, 0x33, 0x35,
	0x36, 0x37, 0x8d, 0xc6, 0xc6, 0xc7, 0xc7, 0x33, 0x34, 0x34, 0x35, 0x36, 0x37, 0x38, 0x38, 0x39, 0x39, 0x3a, 0xa6, 0x55, 0x55, 0xe4, 0xe5, 0xe5, 0xe6, 0xe7, 0xe7, 0xe7, 0xe9, 0xe9, 0x8a, 0x8b, 0x8c, 0x8c, 0xf0, 0x95, 0x9a, 0xf3, 0xe8, 0xf4,
	0x86, 0x89, 0xf7, 0x66, 0xfa, 0xfa, 0x55, 0xe3, 0xfd, 0xf4, 0x24, 0x24, 0x25, 0xa8, 0xa8, 0xaa, 0xab, 0xac, 0xad, 0xae, 0xaf, 0xb0, 0xb1, 0xb1, 0xb2, 0xb3, 0xb3, 0xb4, 0xb4, 0xb5, 0xb5, 0xb6, 0xb6, 0xb7, 0x11, 0x12, 0x12, 0xb9, 0x13, 0xba,
	0x15, 0x16, 0x24, 0x24, 0x25, 0x26, 0x26, 0x27, 0x28, 0x28, 0x29, 0x29, 0x2a, 0x2b, 0x2b, 0x2c, 0x2c, 0x2d, 0x2e, 0x2f, 0x2f, 0x30, 0x31, 0x31, 0x32, 0x33, 0x34, 0x34, 0x35, 0x36, 0x36, 0x37, 0x38, 0x39, 0x09, 0x0a, 0x0a, 0x0b, 0x0b, 0x0c,
	0x0c, 0x0d, 0x44, 0x0e, 0x0e, 0x0f, 0x10, 0x11, 0x11, 0x12, 0x24, 0x24, 0xa5, 0x25, 0xa7, 0xa7, 0x05, 0xa9, 0xaa, 0x06, 0x06, 0x07, 0x07, 0x08, 0x08, 0x08, 0x24, 0x24, 0x25, 0x26, 0xa8, 0x66, 0xaa, 0xab, 0xac, 0x68, 0x69, 0xaf, 0xaf, 0x6b,
	0x6b, 0x6c, 0x6d, 0x6e, 0x6f, 0x6f, 0x6f, 0x70, 0x70, 0x71, 0x71, 0x71, 0x72, 0x72, 0x73, 0x74, 0x74, 0x75, 0x24, 0x25, 0x25, 0xc0, 0x85, 0x86, 0x87, 0x87, 0x88, 0x89, 0x89, 0x8a, 0x8b, 0x8b, 0x8c, 0x8d, 0x2c, 0x90, 0x90, 0x92, 0x92, 0x93,
	0x93, 0x94, 0x94, 0x95, 0x96, 0x97, 0x98, 0x98, 0x99, 0x99, 0x24, 0x24, 0x25, 0x25, 0x26, 0x26, 0xa8, 0xa8, 0x28, 0xaa, 0x29, 0xab, 0xac, 0xac, 0xad, 0xae, 0xaf, 0xaf, 0xb0, 0xb1, 0xb2, 0xb2, 0xb3, 0xb3, 0xb4, 0xb5, 0xb5, 0xb6, 0x36, 0xb7,
	0xb8, 0xb9, 0xc1, 0x29, 0xc2, 0xc3, 0xc3, 0xc4, 0xc5, 0xc5, 0xc6, 0xc6, 0xc7, 0x33, 0x34, 0x35, 0x36, 0x37, 0x8d, 0xc6, 0xc7, 0xc7, 0xc9, 0xc9, 0xca, 0x35, 0x35, 0x36, 0x37, 0x38, 0x39, 0x39, 0x39, 0x3a, 0x04, 0x55, 0x04, 0xe4, 0xe5, 0xe6,
	0xe6, 0xe7, 0xe7, 0xe9, 0xe9, 0xea, 0xec, 0x8b, 0x8c, 0x8d, 0xf0, 0x95, 0x9a, 0xf3, 0xe8, 0xf4, 0x86, 0x8a, 0xf7, 0x66, 0xfa, 0xfa, 0x55, 0xe3, 0xfd, 0xf4, 0x24, 0x25, 0x26, 0xa8, 0xa9, 0xaa, 0xab, 0xac, 0xae, 0xaf, 0xaf, 0xb0, 0xb1, 0xb2,
	0xb2, 0xb3, 0xb3, 0xb4, 0xb5, 0xb5, 0xb6, 0xb6, 0xb7, 0xb7, 0xb8, 0x12, 0xb9, 0xb9, 0xba, 0x15, 0xbb, 0x16, 0x24, 0x25, 0x25, 0x26, 0x27, 0x27, 0x28, 0x29, 0x29, 0x2a, 0x2a, 0x2b, 0x2c, 0x2c, 0x2d, 0x2e, 0x2e, 0x2f, 0x30, 0x30, 0x31, 0x32,
	0x32, 0x33, 0x34, 0x35, 0x36, 0x36, 0x37, 0x37, 0x38, 0x39, 0x0a, 0x0a, 0x0a, 0x0b, 0x0c, 0x0c, 0x0c, 0x0d, 0x0e, 0x0e, 0x0f, 0x0f, 0x10, 0x11, 0x12, 0x13, 0x24, 0x25, 0xa6, 0xa7, 0xa7, 0xa8, 0x05, 0xa9, 0x06, 0x06, 0x07, 0x07, 0x08, 0x08,
	0x08, 0x09, 0x24, 0x25, 0x26, 0x26, 0x27, 0xa9, 0x67, 0xac, 0xac, 0xad, 0x69, 0x6a, 0x6b, 0x6b, 0x6c, 0x6d, 0x6d, 0x6e, 0x6f, 0x6f, 0x70, 0x70, 0x70, 0x71, 0x71, 0x72, 0x72, 0x73, 0x73, 0x74, 0x74, 0x75, 0x24, 0x25, 0x25, 0x85, 0x27, 0x86,
	0x87, 0x87, 0x88, 0x89, 0x89, 0x8a, 0x8b, 0x8b, 0x8c, 0x8d, 0x90, 0x90, 0x91, 0x92, 0x92, 0x93, 0x94, 0x94, 0x95, 0x96, 0x96, 0x97, 0x98, 0x98, 0x99, 0x9a, 0x24, 0x25, 0x25, 0x26, 0x26, 0x27, 0xa8, 0x28, 0xaa, 0xaa, 0xab, 0x2a, 0xac, 0xad,
	0xae, 0xae, 0xaf, 0xb0, 0xb0, 0xb1, 0xb2, 0xb2, 0xb3, 0xb4, 0xb4, 0xb5, 0xb6, 0xb6, 0xb7, 0xb7, 0xb8, 0xb9, 0x28, 0x29, 0xc2, 0xc3, 0xc3, 0xc4, 0xc5, 0xc5, 0xc6, 0xc7, 0x32, 0x33, 0x34, 0x35, 0x36, 0x38, 0x8d, 0xc6, 0xc7, 0xc7, 0xc9, 0xc9,
	0xca, 0x35, 0x36, 0x37, 0x37, 0x38, 0x39, 0x39, 0x3a, 0x3a, 0x04, 0x04, 0x04, 0xe5, 0xe5, 0xe6, 0xe6, 0xe7, 0xe7, 0xe9, 0xe9, 0xea, 0xec, 0x8b, 0x8c, 0x8d, 0xf0, 0x95, 0x9b, 0xe6, 0xe8, 0xf4, 0x87, 0x8a, 0x8d, 0x66, 0xfa, 0xfa, 0x55, 0xe3,
	0xfd, 0xf4, 0x25, 0x25, 0x26, 0xa8, 0xa9, 0xaa, 0xac, 0xad, 0xae, 0xaf, 0xaf, 0xb0, 0xb1, 0xb2, 0xb2, 0xb3, 0xb4, 0xb4, 0xb5, 0xb5, 0xb6, 0xb6, 0xb7, 0xb8, 0xb8, 0xb9, 0xb9, 0xba, 0xba, 0xbb, 0x16, 0x17, 0x25, 0x25, 0x26, 0x26, 0x27, 0x27,
	0x28, 0x29, 0x29, 0x2a, 0x2b, 0x2b, 0x2c, 0x2d, 0x2d, 0x2e, 0x2f, 0x2f, 0x30, 0x31, 0x32, 0x32, 0x33, 0x34, 0x34, 0x35, 0x36, 0x36, 0x37, 0x37, 0x38, 0x39, 0x0a, 0x0a, 0x0a, 0x0b, 0x0c, 0x0c, 0x0d, 0x0d, 0x0e, 0x0e, 0x0f, 0x0f, 0x11, 0x11,
	0x12, 0x13, 0x25, 0x25, 0x25, 0xa7, 0xa8, 0xa8, 0xa9, 0x06, 0x06, 0x07, 0x07, 0x08, 0x08, 0x08, 0x08, 0x09, 0x25, 0x25, 0x26, 0x26, 0xa8, 0xaa, 0x67, 0xac, 0xad, 0xae, 0xaf, 0xaf, 0x6b, 0x6c, 0x6c, 0x6d, 0x6e, 0x6e, 0x6f, 0x6f, 0x70, 0x70,
	0x70, 0x71, 0x71, 0x72, 0x73, 0x73, 0x74, 0x74, 0x75, 0x76, 0x25, 0x25, 0x26, 0x27, 0x27, 0x28, 0x87, 0x88, 0x88, 0x89, 0x8a, 0x8a, 0x8b, 0x8b, 0x8c, 0x8d, 0x90, 0x90, 0x91, 0x92, 0x93, 0x93, 0x94, 0x94, 0x95, 0x96, 0x96, 0x97, 0x98, 0x99,
	0x99, 0x9a, 0x25, 0x25, 0x25, 0x26, 0xa8, 0x27, 0xa9, 0x28, 0x29, 0xab, 0x2a, 0xac, 0xad, 0xae, 0xae, 0xae, 0xaf, 0xb0, 0xb1, 0xb1, 0xb2, 0xb2, 0xb3, 0xb4, 0xb4, 0xb5, 0xb6, 0xb7, 0xb7, 0xb7, 0x38, 0x39, 0xc1, 0x29, 0x2b, 0xc3, 0xc4, 0xc4,
	0xc5, 0xc6, 0xc6, 0xc7, 0x32, 0x34, 0x34, 0x35, 0x36, 0x38, 0x8d, 0xc7, 0xc7, 0xc7, 0xc9, 0xc9, 0xca, 0xca, 0xcb, 0x37, 0x37, 0x38, 0x39, 0x3a, 0x3a, 0x3a, 0x04, 0x04, 0x04, 0xe5, 0xe5, 0xe6, 0xe6, 0xe7, 0xe7, 0xe9, 0xe9, 0xea, 0xec, 0xec,
	0x8d, 0x8d, 0xf0, 0x95, 0x9c, 0xe6, 0xe9, 0xf4, 0x87, 0x8a, 0x8d, 0x66, 0xfa, 0xfa, 0x55, 0xe4, 0xfd, 0xf4, 0x25, 0x25, 0x26, 0xa8, 0xaa, 0xab, 0xac, 0xad, 0xae, 0xaf, 0xb0, 0xb1, 0xb1, 0xb2, 0xb3, 0xb4, 0xb4, 0xb5, 0xb5, 0xb6, 0xb6, 0xb6,
	0xb7, 0xb8, 0xb8, 0xb9, 0xb9, 0xba, 0xba, 0xbb, 0x16, 0x17, 0x25, 0x25, 0x26, 0x27, 0x27, 0x28, 0x29, 0x29, 0x2a, 0x2a, 0x2b, 0x2c, 0x2c, 0x2d, 0x2e, 0x2e, 0x2f, 0x2f, 0x30, 0x31, 0x32, 0x32, 0x33, 0x34, 0x34, 0x35, 0x36, 0x36, 0x37, 0x38,
	0x38, 0x39, 0x0a, 0x0a, 0x0b, 0x0b, 0x0c, 0x0c, 0x0d, 0x0d, 0x0e, 0x0f, 0x0f, 0x10, 0x11, 0x12, 0x12, 0x13, 0x25, 0x25, 0xa7, 0x26, 0xa8, 0xa8, 0xa9, 0xaa, 0xab, 0x07, 0x07, 0x08, 0x08, 0x08, 0x08, 0x09, 0x25, 0x25, 0x26, 0x27, 0xa9, 0xaa,
	0xab, 0xac, 0xad, 0x69, 0xaf, 0xaf, 0x6b, 0x6c, 0x6c, 0x6d, 0x6e, 0x6f, 0x6f, 0x6f, 0x70, 0x70, 0x71, 0x71, 0x71, 0x72, 0x73, 0x73, 0x74, 0x74, 0x76, 0x76, 0x25, 0x25, 0xc0, 0x27, 0x28, 0x87, 0x87, 0x88, 0x88, 0x89, 0x8a, 0x8a, 0x8b, 0x8c,
	0x8d, 0x8d, 0x90, 0x90, 0x92, 0x92, 0x93, 0x93, 0x94, 0x95, 0x95, 0x96, 0x97, 0x98, 0x98, 0x99, 0x99, 0x9a, 0x25, 0x25, 0x26, 0x26, 0x27, 0xa8, 0x28, 0xaa, 0x29, 0xab, 0x2a, 0xac, 0xad, 0xae, 0xae, 0xaf, 0xaf, 0xb0, 0xb1, 0xb2, 0xb2, 0xb3,
	0xb3, 0xb4, 0xb5, 0xb5, 0xb6, 0xb7, 0xb7, 0xb8, 0x38, 0x39, 0xc1, 0xc2, 0x2b, 0xc3, 0xc4, 0xc4, 0xc5, 0xc6, 0xc7, 0xc7, 0xc9, 0x34, 0x34, 0x36, 0x37, 0x38, 0x8d, 0xc7, 0xc7, 0xc7, 0xc9, 0xca, 0xca, 0xcb, 0xcb, 0x37, 0x38, 0x39, 0x39, 0x3a,
	0x3a, 0x3a, 0x05, 0x04, 0x05, 0xe5, 0xe5, 0xe6, 0xe7, 0xe7, 0xe9, 0xe9, 0xea, 0xea, 0xec, 0xec, 0x8d, 0x8d, 0xf0, 0x95, 0x9c, 0xe6, 0xea, 0xf4, 0x87, 0x8a, 0x8d, 0xf0, 0xfa, 0xfa, 0x55, 0xe4, 0xfd, 0xf4, 0x26, 0x26, 0x27, 0xa9, 0x29, 0xab,
	0xac, 0xad, 0xaf, 0xaf, 0xb0, 0xb1, 0xb2, 0xb2, 0xb3, 0xb4, 0xb4, 0xb5, 0xb6, 0xb6, 0xb6, 0xb7, 0xb8, 0xb8, 0xb9, 0xb9, 0xba, 0xba, 0xbb, 0xbb, 0x17, 0x17, 0x26, 0x26, 0x26, 0x27, 0x28, 0x28, 0x29, 0x2a, 0x2a, 0x2b, 0x2b, 0x2c, 0x2d, 0x2e,
	0x2e, 0x2f, 0x30, 0x30, 0x31, 0x31, 0x32, 0x33, 0x33, 0x34, 0x35, 0x35, 0x36, 0x37, 0x37, 0x38, 0x39, 0x3a, 0x0a, 0x0b, 0x0b, 0x0c, 0x0c, 0x0c, 0x0d, 0x0e, 0x0e, 0x0f, 0x0f, 0x10, 0x11, 0x12, 0x13, 0x13, 0x26, 0x26, 0x26, 0xa8, 0xa8, 0xa9,
	0xaa, 0xab, 0xab, 0x07, 0x07, 0x08, 0x08, 0x09, 0x09, 0x0a, 0x26, 0x26, 0x26, 0x27, 0x28, 0x67, 0xac, 0xad, 0xae, 0xaf, 0xaf, 0xb0, 0xb1, 0x6c, 0x6d, 0x6e, 0x6e, 0x6f, 0x6f, 0x70, 0x70, 0x71, 0x71, 0x72, 0x72, 0x72, 0x73, 0x73, 0x75, 0x75,
	0x76, 0x77, 0x26, 0x26, 0x27, 0x27, 0x28, 0x87, 0x88, 0x88, 0x89, 0x8a, 0x8a, 0x8b, 0x8b, 0x8c, 0x8d, 0x8d, 0x2d, 0x91, 0x92, 0x92, 0x93, 0x94, 0x94, 0x95, 0x96, 0x96, 0x97, 0x98, 0x98, 0x99, 0x9a, 0x9a, 0x26, 0x26, 0x26, 0x26, 0x27, 0x27,
	0xaa, 0x29, 0x29, 0x2a, 0xac, 0xad, 0xae, 0xae, 0xaf, 0xaf, 0xb0, 0xb1, 0xb1, 0xb2, 0xb3, 0xb3, 0xb4, 0xb4, 0xb5, 0xb6, 0x36, 0xb7, 0x37, 0xb8, 0x38, 0x39, 0x29, 0x2a, 0x2b, 0xc3, 0xc4, 0xc5, 0xc5, 0xc6, 0xc7, 0xc7, 0xc9, 0x34, 0x35, 0x36,
	0x37, 0x39, 0xc7, 0xc7, 0xc7, 0xc9, 0xc9, 0xca, 0xca, 0xcb, 0xcb, 0xcc, 0xcc, 0x39, 0x3a, 0x3a, 0x3a, 0x3b, 0x05, 0xa8, 0xa8, 0xe5, 0xe6, 0xe6, 0xe7, 0xe7, 0xe9, 0xe9, 0xea, 0xea, 0xec, 0xed, 0x8d, 0x8d, 0x90, 0x96, 0x9c, 0xe6, 0xea, 0xf4,
	0x87, 0x8b, 0xee, 0xf0, 0xfa, 0xfa, 0x04, 0xe5, 0xe5, 0xf4, 0x26, 0x26, 0xa8, 0xaa, 0xaa, 0xab, 0xad, 0xae, 0xaf, 0xb0, 0xb0, 0xb1, 0xb2, 0xb3, 0xb3, 0xb4, 0xb5, 0xb5, 0xb6, 0xb6, 0xb7, 0xb8, 0xb8, 0xb9, 0xb9, 0xba, 0xba, 0xbb, 0xbb, 0x16,
	0xbd, 0x18, 0x26, 0x26, 0x26, 0x27, 0x28, 0x29, 0x29, 0x2a, 0x2b, 0x2b, 0x2c, 0x2c, 0x2e, 0x2e, 0x2e, 0x2f, 0x30, 0x30, 0x31, 0x32, 0x32, 0x33, 0x33, 0x34, 0x35, 0x36, 0x37, 0x37, 0x38, 0x39, 0x39, 0x3a, 0x0a, 0x0b, 0x0c, 0x0c, 0x0c, 0x0d,
	0x0d, 0x0e, 0x0f, 0x0f, 0x10, 0x11, 0x12, 0x12, 0x13, 0x14, 0x26, 0x26, 0xa8, 0xa8, 0xa9, 0xaa, 0xaa, 0xab, 0x07, 0x07, 0x08, 0x08, 0x08, 0x09, 0x09, 0x0a, 0x26, 0x26, 0xa8, 0x28, 0x29, 0xab, 0x68, 0xad, 0xae, 0xaf, 0x6b, 0x6b, 0xb1, 0x6c,
	0x6d, 0x6e, 0x6f, 0x6f, 0x6f, 0x70, 0x71, 0x71, 0x71, 0x72, 0x73, 0x73, 0x73, 0x74, 0x75, 0x76, 0x76, 0x77, 0x26, 0x26, 0x27, 0x28, 0x28, 0x2a, 0x88, 0x2b, 0xc3, 0x8a, 0x8a, 0x8b, 0x8c, 0x8d, 0x8d, 0x8e, 0x2e, 0x92, 0x92, 0x93, 0x93, 0x94,
	0x95, 0x96, 0x96, 0x96, 0x97, 0x98, 0x99, 0x99, 0x9a, 0x9b, 0x26, 0x26, 0x26, 0x27, 0x27, 0x28, 0x29, 0x29, 0x2a, 0xac, 0xad, 0xad, 0xae, 0xae, 0xaf, 0xaf, 0xb0, 0xb1, 0xb2, 0xb2, 0xb3, 0xb4, 0xb4, 0xb5, 0xb5, 0xb6, 0xb7, 0xb7, 0x37, 0x38,
	0x39, 0xba, 0x29, 0x2b, 0xc3, 0x2d, 0xc4, 0xc5, 0xc6, 0xc6, 0xc7, 0xc7, 0xc9, 0x34, 0x35, 0x36, 0x37, 0x39, 0xd0, 0xc7, 0xc8, 0xc9, 0xc9, 0xca, 0xca, 0xcb, 0xcb, 0xcc, 0xcc, 0x39, 0x3a, 0x3a, 0x3b, 0x3c, 0x05, 0x05, 0x05, 0xe5, 0xe6, 0xe6,
	0xe7, 0xe9, 0xe9, 0xe9, 0xea, 0xea, 0xec, 0xed, 0x8d, 0x8e, 0x90, 0x96, 0x9c, 0xe6, 0xea, 0xf4, 0x88, 0x8b, 0xee, 0xf0, 0xfa, 0xfa, 0x05, 0xe5, 0xe5, 0xf4, 0x26, 0x26, 0xa8, 0xaa, 0xab, 0xac, 0xad, 0xae, 0xaf, 0xb0, 0xb1, 0xb2, 0xb2, 0xb3,
	0xb4, 0xb5, 0xb5, 0xb6, 0xb6, 0xb6, 0xb7, 0xb8, 0xb8, 0xb9, 0xb9, 0xba, 0xba, 0xbb, 0xbb, 0x17, 0x17, 0x18, 0x26, 0x26, 0x27, 0x28, 0x28, 0x29, 0x2a, 0x2a, 0x2b, 0x2c, 0x2c, 0x2d, 0x2e, 0x2e, 0x2f, 0x30, 0x30, 0x31, 0x32, 0x32, 0x33, 0x33,
	0x34, 0x35, 0x35, 0x36, 0x37, 0x37, 0x38, 0x39, 0x39, 0x3a, 0x0b, 0x0b, 0x0c, 0x0c, 0x0c, 0x0d, 0x0e, 0x0e, 0x0f, 0x10, 0x10, 0x11, 0x12, 0x13, 0x13, 0x14, 0x26, 0x26, 0xa8, 0xa8, 0xa9, 0xaa, 0xab, 0x07, 0xac, 0xad, 0x08, 0x08, 0x09, 0x09,
	0x0a, 0x0a, 0x26, 0x26, 0x27, 0xaa, 0x67, 0xac, 0xac, 0xae, 0xae, 0x6a, 0x6b, 0x6c, 0x6c, 0x6d, 0x6d, 0x6e, 0x6f, 0x6f, 0x70, 0x70, 0x71, 0x71, 0x72, 0x72, 0x73, 0x73, 0x74, 0x75, 0x75, 0x76, 0x77, 0x78, 0x26, 0x27, 0x27, 0x28, 0x29, 0x2a,
	0x2b, 0x2b, 0xc3, 0x8a, 0xc4, 0x8b, 0x8c, 0x8d, 0x8d, 0x8e, 0x2e, 0x92, 0x92, 0x93, 0x94, 0x94, 0x95, 0x96, 0x96, 0x97, 0x98, 0x98, 0x99, 0x99, 0x9a, 0x9b, 0x26, 0x26, 0xa8, 0x27, 0x28, 0xaa, 0xaa, 0xab, 0x2a, 0xac, 0xad, 0xae, 0xae, 0xaf,
	0xaf, 0xb0, 0xb0, 0xb1, 0xb2, 0xb2, 0xb3, 0xb4, 0xb4, 0xb5, 0xb6, 0xb6, 0xb7, 0x37, 0x38, 0xb9, 0x39, 0xba, 0x2a, 0x2b, 0x2c, 0x2e, 0xc4, 0xc5, 0xc6, 0xc6, 0xc7, 0xc7, 0xc9, 0x34, 0x35, 0x37, 0x38, 0x39, 0xc7, 0xc7, 0xc9, 0xc9, 0xca, 0xca,
	0xcb, 0xcb, 0xcc, 0xcc, 0x39, 0x3a, 0x3a, 0x3a, 0x3c, 0x3c, 0xa9, 0x05, 0xa9, 0xaa, 0xe6, 0xe6, 0xe7, 0xe9, 0xe9, 0xe9, 0xea, 0xec, 0xec, 0xed, 0x8d, 0x8e, 0x90, 0x96, 0x9c, 0xe6, 0xea, 0xf4, 0x88, 0x8b, 0xee, 0xf0, 0xfa, 0xfa, 0x05, 0xe5,
	0xe5, 0xf4, 0x26, 0xa8, 0xa9, 0xaa, 0xab, 0xad, 0xae, 0xaf, 0xb0, 0xb0, 0xb1, 0xb2, 0xb3, 0xb3, 0xb4, 0xb5, 0xb5, 0xb6, 0xb6, 0xb7, 0xb7, 0xb8, 0xb9, 0xb9, 0xb9, 0xba, 0xbb, 0xbb, 0x16, 0x17, 0x18, 0xbe, 0x26, 0xa8, 0x27, 0x28, 0x29, 0x29,
	0x2a, 0x2b, 0x2b, 0x2c, 0x2c, 0x2d, 0x2e, 0x2f, 0x2f, 0x30, 0x31, 0x31, 0x32, 0x32, 0x33, 0x34, 0x34, 0x35, 0x36, 0x36, 0x37, 0x38, 0x38, 0x39, 0x3a, 0x3a, 0x0b, 0x0b, 0x0c, 0x0c, 0x0d, 0x0d, 0x0e, 0x0f, 0x0f, 0x10, 0x11, 0x11, 0x12, 0x13,
	0x14, 0x14, 0x26, 0xa8, 0xa8, 0xa9, 0xaa, 0xab, 0xab, 0xac, 0x07, 0x08, 0x08, 0x09, 0x09, 0x0a, 0x0a, 0x0a, 0x26, 0xa8, 0xa9, 0xaa, 0xab, 0x68, 0xad, 0xae, 0xaf, 0x6b, 0x6b, 0xb1, 0x6d, 0x6d, 0x6e, 0x6e, 0x6f, 0x70, 0x70, 0x71, 0x71, 0x71,
	0x72, 0x73, 0x73, 0x74, 0x75, 0x75, 0x76, 0x76, 0x77, 0x78, 0x26, 0x27, 0x28, 0x28, 0x29, 0x2a, 0x2b, 0x2b, 0xc3, 0xc4, 0x8b, 0xc5, 0x8c, 0x8d, 0x8d, 0xd0, 0x2e, 0x92, 0x93, 0x93, 0x94, 0x94, 0x95, 0x96, 0x96, 0x97, 0x98, 0x99, 0x99, 0x9a,
	0x9b, 0x9b, 0x26, 0xa8, 0x27, 0x28, 0xaa, 0x29, 0xab, 0x2a, 0xac, 0xad, 0xae, 0xae, 0xaf, 0xaf, 0xaf, 0xb0, 0xb1, 0xb1, 0xb2, 0xb3, 0xb4, 0xb4, 0xb5, 0xb5, 0xb6, 0xb7, 0xb7, 0xb8, 0x38, 0xb9, 0x39, 0xbb, 0x2a, 0x90, 0x90, 0x2e, 0xc5, 0xc5,
	0xc6, 0xc7, 0xc7, 0xc9, 0xc9, 0xca, 0xcb, 0x37, 0x38, 0x39, 0xd1, 0xc7, 0xc9, 0xc9, 0xca, 0xca, 0xcb, 0xcb, 0xcc, 0xcc, 0xcd, 0x3a, 0x3a, 0x3b, 0x3c, 0x3c, 0xaa, 0x05, 0xaa, 0xaa, 0xe6, 0xe7, 0xe7, 0xe9, 0xe9, 0xe9, 0xea, 0xec, 0xec, 0xed,
	0x8e, 0xd0, 0x90, 0x97, 0x9c, 0xe7, 0xea, 0xff, 0x88, 0x8b, 0xee, 0xf0, 0xfa, 0xfa, 0x05, 0xe5, 0xe5, 0xff, 0xa8, 0x27, 0xaa, 0xab, 0xac, 0xad, 0xae, 0xaf, 0xb0, 0xb1, 0xb1, 0xb2, 0xb3, 0xb4, 0xb4, 0xb5, 0xb6, 0xb6, 0xb7, 0xb7, 0xb8, 0xb8,
	0xb9, 0xb9, 0xba, 0xba, 0xbb, 0xbb, 0xbd, 0x17, 0x18, 0xbe, 0xa8, 0x27, 0x27, 0x29, 0x29, 0x2a, 0x2a, 0x2b, 0x2c, 0x2c, 0x2d, 0x2e, 0x2e, 0x2f, 0x2f, 0x30, 0x31, 0x32, 0x32, 0x33, 0x34, 0x34, 0x34, 0x35, 0x36, 0x37, 0x38, 0x38, 0x39, 0x39,
	0x3a, 0x3b, 0x0b, 0x0c, 0x0c, 0x0c, 0x0d, 0x0e, 0x0e, 0x0f, 0x10, 0x11, 0x11, 0x12, 0x13, 0x13, 0x14, 0x15, 0xa8, 0x27, 0xa9, 0xaa, 0xaa, 0xab, 0xac, 0xac, 0xad, 0x08, 0x08, 0x09, 0x09, 0x0a, 0x0a, 0x0b, 0xa8, 0x27, 0xa9, 0xaa, 0x67, 0xac,
	0xad, 0xaf, 0xaf, 0x6b, 0x6b, 0x6c, 0x6d, 0x6e, 0x6e, 0x6f, 0x6f, 0x70, 0x70, 0x71, 0x71, 0x72, 0x72, 0x73, 0x74, 0x74, 0x75, 0x76, 0x76, 0x77, 0x78, 0x78, 0xa8, 0x27, 0x28, 0x29, 0x2a, 0x2b, 0x2b, 0xc3, 0xc4, 0xc4, 0xc4, 0xc5, 0x8d, 0xc6,
	0xc7, 0xd0, 0x2f, 0x92, 0x93, 0x93, 0x94, 0x95, 0x96, 0x96, 0x96, 0x98, 0x98, 0x99, 0x99, 0x9a, 0x9b, 0x9b, 0xa8, 0x27, 0xa8, 0xaa, 0xaa, 0x29, 0xab, 0xac, 0xad, 0xae, 0xae, 0xae, 0xaf, 0xaf, 0xb0, 0xb0, 0xb1, 0xb2, 0xb2, 0xb3, 0xb4, 0xb4,
	0xb5, 0xb6, 0xb6, 0xb7, 0x37, 0x38, 0x38, 0x39, 0xba, 0x3a, 0x2a, 0x2c, 0x2d, 0x2e, 0x2f, 0x30, 0xc6, 0xc7, 0xc8, 0xc9, 0xca, 0xca, 0xcb, 0xcc, 0xcc, 0x39, 0xd1, 0xd1, 0xc9, 0xc9, 0xca, 0xca, 0xcb, 0xcc, 0xcc, 0xcc, 0xcd, 0x3a, 0x3b, 0x3c,
	0x3c, 0x3d, 0xaa, 0xa9, 0xaa, 0xab, 0xe6, 0xe7, 0xe7, 0xe9, 0xe9, 0xea, 0xec, 0xec, 0xec, 0xed, 0xd0, 0xd0, 0x91, 0x97, 0x9d, 0x2b, 0xea, 0xff, 0x88, 0x8b, 0xef, 0xf0, 0xfa, 0xfa, 0x05, 0xe5, 0xe5, 0xff, 0x27, 0xa9, 0xaa, 0xab, 0xac, 0xae,
	0xaf, 0xaf, 0xb0, 0xb1, 0xb2, 0xb2, 0xb3, 0xb4, 0xb5, 0xb6, 0xb6, 0xb6, 0xb7, 0xb8, 0xb8, 0xb9, 0xb9, 0xba, 0xba, 0xbb, 0xbb, 0xbc, 0x17, 0xbd, 0xbe, 0x19, 0x27, 0xa8, 0x28, 0x29, 0x29, 0x2a, 0x2b, 0x2c, 0x2c, 0x2d, 0x2d, 0x2e, 0x2f, 0x2f,
	0x30, 0x31, 0x31, 0x32, 0x33, 0x33, 0x34, 0x34, 0x35, 0x36, 0x36, 0x37, 0x38, 0x38, 0x39, 0x3a, 0x3a, 0x3b, 0x0c, 0x0c, 0x0c, 0x0d, 0x0d, 0x0e, 0x0f, 0x0f, 0x10, 0x11, 0x11, 0x12, 0x13, 0x14, 0x14, 0x16, 0x27, 0xa9, 0xa9, 0xaa, 0xab, 0xab,
	0xac, 0xad, 0xae, 0x08, 0x09, 0x09, 0x0a, 0x0a, 0x0a, 0x0b, 0x27, 0xa9, 0xaa, 0xab, 0x68, 0xad, 0xae, 0xaf, 0xaf, 0x6b, 0xb1, 0x6d, 0x6d, 0x6e, 0x6e, 0xb4, 0x70, 0x70, 0x71, 0x71, 0x72, 0x72, 0x73, 0x73, 0x74, 0x75, 0x76, 0x76, 0x77, 0x77,
	0x78, 0x78, 0x27, 0x28, 0x29, 0x29, 0x2a, 0x2b, 0x2b, 0x2d, 0x2d, 0xc4, 0xc5, 0xc5, 0xc6, 0xc7, 0xd0, 0xd1, 0x2f, 0x92, 0x93, 0x94, 0x94, 0x95, 0x96, 0x96, 0x97, 0x98, 0x99, 0x99, 0x99, 0x9a, 0x9b, 0x9b, 0x27, 0xa8, 0xa9, 0xaa, 0xaa, 0xab,
	0xac, 0xac, 0xad, 0xae, 0xae, 0xaf, 0xaf, 0xb0, 0xb0, 0xb1, 0xb1, 0xb2, 0xb3, 0xb3, 0xb4, 0xb5, 0xb5, 0x36, 0xb7, 0xb7, 0xb8, 0x38, 0x39, 0xba, 0x3a, 0x3b, 0x2b, 0x90, 0x2d, 0x2f, 0x2f, 0xc6, 0xc6, 0xc7, 0xc9, 0xc9, 0xca, 0xcb, 0xcb, 0xcc,
	0xcd, 0x3a, 0xd1, 0xd2, 0xc9, 0xca, 0xca, 0xcb, 0xcb, 0xcc, 0xcc, 0xcd, 0xcd, 0x3a, 0x3b, 0x3c, 0x3c, 0x3d, 0x06, 0x06, 0xab, 0xab, 0xac, 0xae, 0x2d, 0xe9, 0xe9, 0xea, 0xec, 0xec, 0xec, 0xed, 0xd0, 0xd1, 0x91, 0x97, 0x9d, 0xe7, 0xea, 0xff,
	0x88, 0x8c, 0xef, 0x69, 0xfa, 0xfa, 0x05, 0xe5, 0xe5, 0xff, 0xa9, 0xaa, 0xaa, 0xac, 0xac, 0xae, 0xaf, 0xb0, 0xb1, 0xb1, 0xb2, 0xb3, 0xb3, 0xb4, 0xb5, 0xb6, 0xb6, 0xb7, 0xb8, 0xb8, 0xb8, 0xb9, 0xb9, 0xba, 0xba, 0xbb, 0x16, 0xbd, 0x17, 0x18,
	0xbe, 0xbf, 0xa9, 0xa9, 0xaa, 0x29, 0x2a, 0x2a, 0x2b, 0x2c, 0x2c, 0x2d, 0x2e, 0x2e, 0x2f, 0x30, 0x30, 0x31, 0x32, 0x32, 0x33, 0x34, 0x34, 0x35, 0x35, 0x36, 0x37, 0x37, 0x38, 0x39, 0x39, 0x3a, 0x3b, 0x3c, 0x0c, 0x0c, 0x0d, 0x0d, 0x0e, 0x0e,
	0x0f, 0x0f, 0x11, 0x11, 0x12, 0x12, 0x13, 0x14, 0x15, 0x16, 0xa9, 0xaa, 0xaa, 0xaa, 0xab, 0xac, 0xac, 0x08, 0x08, 0x09, 0x09, 0x0a, 0x0a, 0x0a, 0x0b, 0x0b, 0xa9, 0xaa, 0xaa, 0xab, 0xac, 0xae, 0xae, 0xaf, 0x6b, 0x6b, 0x6c, 0x6d, 0x6e, 0x6e,
	0x6e, 0x6f, 0x70, 0x70, 0x71, 0x71, 0x72, 0x72, 0x73, 0x74, 0x75, 0x75, 0x76, 0x76, 0x77, 0x78, 0x78, 0x79, 0xa9, 0x28, 0x29, 0x2a, 0x2a, 0x2b, 0x2c, 0x2d, 0x2e, 0xc4, 0xc5, 0xc5, 0xc6, 0xc7, 0xc7, 0xd1, 0x2f, 0x92, 0x93, 0x94, 0x94, 0x95,
	0x96, 0x97, 0x97, 0x98, 0x99, 0x99, 0x9a, 0x9a, 0x9b, 0x9c, 0xa9, 0xa9, 0xaa, 0xaa, 0xab, 0x2a, 0xac, 0xad, 0xae, 0xae, 0xaf, 0xaf, 0xb0, 0xb0, 0xb0, 0xb1, 0xb2, 0xb2, 0xb3, 0xb4, 0xb4, 0xb5, 0xb6, 0x36, 0xb7, 0xb8, 0x38, 0xb9, 0x39, 0xba,
	0xbb, 0x3b, 0x2b, 0x90, 0x2e, 0x2f, 0x30, 0x30, 0xc6, 0xc7, 0xc9, 0xc9, 0xca, 0xcb, 0xcb, 0xcc, 0xcd, 0x3b, 0xd1, 0xd2, 0xc9, 0xca, 0xca, 0xcb, 0xcb, 0xcc, 0xcc, 0xcd, 0xcd, 0x3a, 0x3c, 0x3c, 0x3d, 0x3d, 0x06, 0x06, 0xab, 0xab, 0xac, 0xae,
	0x2d, 0xe9, 0xe9, 0xea, 0xec, 0xec, 0xec, 0xed, 0xd1, 0xd1, 0x91, 0x98, 0x9d, 0x2b, 0xea, 0xff, 0x89, 0x8c, 0xef, 0x69, 0xfa, 0xfb, 0xa9, 0x5a, 0x5c, 0xff, 0xa9, 0xaa, 0xab, 0xac, 0xad, 0xae, 0xaf, 0xb0, 0xb1, 0xb2, 0xb2, 0xb3, 0xb4, 0xb5,
	0xb5, 0xb6, 0xb6, 0xb7, 0xb8, 0xb8, 0xb9, 0xb9, 0xba, 0xba, 0xbb, 0xbb, 0x16, 0x17, 0x17, 0x18, 0xbe, 0xbf, 0xa9, 0xaa, 0xaa, 0xab, 0x2a, 0x2a, 0x2b, 0x2c, 0x2d, 0x2d, 0x2e, 0x2e, 0x30, 0x30, 0x30, 0x31, 0x32, 0x32, 0x33, 0x34, 0x34, 0x35,
	0x36, 0x36, 0x37, 0x38, 0x39, 0x39, 0x39, 0x3a, 0x3b, 0x3c, 0x0c, 0x0c, 0x0d, 0x0e, 0x0e, 0x0e, 0x0f, 0x10, 0x11, 0x12, 0x12, 0x13, 0x14, 0x14, 0x15, 0x16, 0xa9, 0xaa, 0xaa, 0xab, 0xac, 0xac, 0xad, 0xae, 0x08, 0x09, 0x09, 0x0a, 0x0a, 0x0a,
	0x0b, 0x0b, 0xa9, 0xaa, 0x67, 0xac, 0xad, 0xae, 0x6a, 0xaf, 0xb0, 0xb1, 0x6c, 0x6d, 0x6e, 0x6e, 0x6f, 0x70, 0x70, 0x71, 0x71, 0x72, 0x72, 0x73, 0x73, 0x74, 0x75, 0x76, 0x76, 0x77, 0x77, 0x78, 0x79, 0x79, 0xa9, 0xaa, 0x29, 0x2a, 0x2b, 0x2b,
	0x2c, 0x2d, 0x2e, 0x2f, 0x2f, 0xc5, 0xc6, 0xc7, 0xc7, 0xd1, 0x30, 0x93, 0x93, 0x94, 0x95, 0x96, 0x96, 0x97, 0x98, 0x98, 0x99, 0x99, 0x9a, 0x9b, 0x9b, 0x9c, 0xa9, 0xaa, 0xaa, 0xab, 0xab, 0xac, 0xac, 0xad, 0xae, 0xaf, 0xaf, 0xaf, 0xb0, 0xb0,
	0xb1, 0xb1, 0xb2, 0xb3, 0xb3, 0xb4, 0xb5, 0xb5, 0xb6, 0xb7, 0xb7, 0xb8, 0xb9, 0xb9, 0xba, 0xba, 0xbb, 0xbc, 0x2b, 0x90, 0x2e, 0x2f, 0x30, 0x31, 0xc7, 0xc7, 0xc9, 0xca, 0xca, 0xcb, 0xcb, 0xcc, 0x39, 0x3b, 0xd1, 0xd2, 0xca, 0xca, 0xcb, 0xcb,
	0xcb, 0xcc, 0xcc, 0xcd, 0xcd, 0x3b, 0x3c, 0x3c, 0x3d, 0x3d, 0xab, 0x06, 0xab, 0x07, 0xae, 0xae, 0x2d, 0x2e, 0xe9, 0x30, 0xec, 0xec, 0xed, 0xed, 0xd1, 0xd1, 0x6b, 0x98, 0x9d, 0x2b, 0xea, 0xff, 0x2b, 0x8c, 0xef, 0x69, 0xfa, 0xfb, 0x06, 0x5a,
	0x5c, 0xff, 0xaa, 0xaa, 0xac, 0xad, 0xae, 0xae, 0xaf, 0xb0, 0xb1, 0xb2, 0xb3, 0xb3, 0xb4, 0xb5, 0xb6, 0xb6, 0xb7, 0xb8, 0xb8, 0xb9, 0xb9, 0xba, 0xba, 0xbb, 0xbb, 0x16, 0x17, 0x17, 0x18, 0xbe, 0x19, 0x1b, 0xaa, 0xaa, 0xaa, 0xac, 0xac, 0x2b,
	0x2c, 0x2c, 0x2d, 0x2e, 0x2f, 0x2f, 0x30, 0x30, 0x31, 0x32, 0x32, 0x33, 0x33, 0x34, 0x35, 0x36, 0x36, 0x37, 0x37, 0x38, 0x39, 0x39, 0x3a, 0x3a, 0x3b, 0x3c, 0x0c, 0x0d, 0x0d, 0x0e, 0x0e, 0x0f, 0x10, 0x11, 0x11, 0x12, 0x13, 0x13, 0x14, 0x15,
	0x16, 0x16, 0xaa, 0xaa, 0xab, 0xab, 0xac, 0xad, 0x08, 0x08, 0x09, 0x09, 0x0a, 0x0a, 0x0a, 0x0b, 0x0b, 0x0c, 0xaa, 0xaa, 0x67, 0xac, 0xad, 0xae, 0x6a, 0x6b, 0x6b, 0x6c, 0x6d, 0x6e, 0x6e, 0x6f, 0x6f, 0x70, 0x70, 0x71, 0x71, 0x72, 0x73, 0x73,
	0x74, 0x75, 0x76, 0x76, 0x77, 0x77, 0x78, 0x79, 0x79, 0x7a, 0xaa, 0xaa, 0x29, 0x2a, 0x2b, 0x2c, 0x2d, 0x2e, 0x2e, 0x2f, 0x2f, 0xc6, 0xc7, 0xc7, 0xd1, 0xd1, 0x30, 0x93, 0x94, 0x94, 0x95, 0x96, 0x96, 0x98, 0x98, 0x98, 0x99, 0x9a, 0x9a, 0x9b,
	0x9c, 0x9d, 0xaa, 0xaa, 0x67, 0xac, 0xac, 0xac, 0xad, 0xae, 0xaf, 0xaf, 0xb0, 0xb0, 0xb1, 0xb1, 0xb1, 0xb2, 0xb3, 0xb3, 0xb4, 0xb4, 0xb5, 0xb6, 0xb7, 0xb7, 0xb8, 0xb8, 0xb9, 0xba, 0xba, 0xbb, 0x3b, 0x3c, 0x90, 0x90, 0x2f, 0x2f, 0x30, 0x31,
	0x32, 0xc9, 0xc9, 0xca, 0xca, 0xcb, 0xcc, 0xcc, 0xcd, 0x3b, 0xd2, 0xd2, 0xca, 0xca, 0xcb, 0xcb, 0xcc, 0xcc, 0xcd, 0xcd, 0x3a, 0x3c, 0x3c, 0x3d, 0x3d, 0x3e, 0x07, 0x07, 0x07, 0x07, 0xae, 0xae, 0x2e, 0x2e, 0x2f, 0x30, 0x30, 0xec, 0x30, 0xd1,
	0xd1, 0xd1, 0x6b, 0x98, 0x9e, 0x2b, 0xea, 0xff, 0x2c, 0x8d, 0xef, 0x69, 0xfa, 0xfb, 0x06, 0x5b, 0x5d, 0xff, 0xaa, 0xab, 0xac, 0xad, 0xae, 0xaf, 0xb0, 0xb0, 0xb1, 0xb2, 0xb3, 0xb3, 0xb4, 0xb5, 0xb6, 0xb7, 0xb7, 0xb8, 0xb8, 0xb9, 0xba, 0xba,
	0xbb, 0xbb, 0x16, 0x16, 0x17, 0x17, 0x18, 0x19, 0xbf, 0x1b, 0xaa, 0x67, 0xab, 0xac, 0xad, 0xae, 0xae, 0xaf, 0x2d, 0x2e, 0x2f, 0x2f, 0x30, 0x31, 0x31, 0x32, 0x33, 0x33, 0x34, 0x34, 0x35, 0x36, 0x36, 0x37, 0x38, 0x39, 0x39, 0x39, 0x3a, 0x3b,
	0x3c, 0x3d, 0x0c, 0x0d, 0x0e, 0x0e, 0x0f, 0x0f, 0x10, 0x11, 0x11, 0x13, 0x13, 0x14, 0x15, 0x15, 0x16, 0x18, 0xaa, 0xab, 0xab, 0xac, 0xad, 0xad, 0x08, 0x09, 0x09, 0x09, 0x0a, 0x0a, 0x0b, 0x0b, 0x0c, 0x0c, 0xaa, 0xab, 0x67, 0xad, 0x69, 0xaf,
	0xaf, 0x6b, 0xb1, 0x6c, 0x6d, 0x6e, 0x6e, 0x6f, 0x6f, 0x70, 0x71, 0x71, 0x72, 0x72, 0x73, 0x74, 0x75, 0x75, 0x76, 0x77, 0x77, 0x78, 0x78, 0x79, 0x7a, 0x7a, 0xaa, 0xaa, 0x2a, 0x2b, 0x2b, 0x2c, 0x2d, 0x2e, 0x2e, 0x2f, 0x30, 0xc6, 0xc7, 0xc7,
	0xd1, 0xd2, 0x31, 0x94, 0x94, 0x95, 0x95, 0x96, 0x97, 0x98, 0x98, 0x99, 0x99, 0x9a, 0x9b, 0x9b, 0x9c, 0x9d, 0xaa, 0x67, 0x67, 0xac, 0xac, 0xad, 0xae, 0xae, 0xaf, 0xaf, 0xb0, 0xb0, 0xb1, 0xb1, 0xb2, 0xb2, 0xb3, 0xb3, 0xb4, 0xb5, 0xb5, 0xb6,
	0xb7, 0xb7, 0xb8, 0xb9, 0xb9, 0xba, 0xba, 0xbb, 0xbc, 0x3c, 0x90, 0x90, 0x2f, 0x30, 0x31, 0x31, 0x33, 0xc9, 0xc9, 0xca, 0xcb, 0xcb, 0xcc, 0xcd, 0xcd, 0x3b, 0xd2, 0xc9, 0xca, 0xca, 0xcb, 0xcb, 0xcc, 0xcc, 0xcd, 0xcd, 0xd9, 0xd9, 0x3d, 0x3d,
	0x3d, 0x3e, 0x07, 0x07, 0x07, 0xae, 0xae, 0xae, 0xb0, 0x2f, 0xe9, 0x30, 0x30, 0xec, 0x32, 0xd1, 0xd1, 0xd2, 0x6b, 0x98, 0x9e, 0x2c, 0xea, 0xff, 0x2c, 0x8d, 0xef, 0x6a, 0xfa, 0xfb, 0x06, 0x5b, 0x5d, 0xff, 0xab, 0x67, 0xac, 0xae, 0xae, 0xaf,
	0xb0, 0xb1, 0xb2, 0xb3, 0xb3, 0xb4, 0xb5, 0xb5, 0xb6, 0xb7, 0xb7, 0xb8, 0xb9, 0xb9, 0xba, 0xba, 0xbb, 0xbb, 0x16, 0x17, 0x17, 0x18, 0xbe, 0x19, 0x1a, 0x1b, 0xab, 0x67, 0xac, 0xac, 0xad, 0xae, 0xaf, 0x2d, 0xaf, 0x2f, 0x2f, 0x30, 0x31, 0x31,
	0x31, 0x32, 0x33, 0x33, 0x34, 0x35, 0x36, 0x36, 0x37, 0x38, 0x38, 0x39, 0x39, 0x3a, 0x3a, 0x3b, 0x3c, 0x3d, 0x0d, 0x0d, 0x0e, 0x0e, 0x0f, 0x10, 0x11, 0x11, 0x12, 0x13, 0x13, 0x14, 0x15, 0x16, 0x16, 0x18, 0xab, 0x67, 0xab, 0xac, 0xad, 0x08,
	0x08, 0x09, 0x09, 0x0a, 0x0a, 0x0b, 0x0b, 0x0c, 0x0c, 0x0c, 0xab, 0x67, 0xac, 0xad, 0x69, 0xaf, 0x6b, 0xb0, 0x6c, 0x6d, 0x6d, 0x6e, 0x6f, 0x6f, 0x70, 0x70, 0x71, 0x72, 0x72, 0x73, 0x74, 0x74, 0x75, 0x76, 0x76, 0x77, 0x78, 0x78, 0x79, 0x79,
	0x7a, 0x7b, 0xab, 0xab, 0xac, 0x2b, 0x2c, 0x2c, 0x2e, 0x2e, 0x2f, 0x2f, 0x30, 0xc6, 0xc7, 0xc7, 0xd1, 0xd2, 0x31, 0x94, 0x94, 0x95, 0x96, 0x96, 0x97, 0x98, 0x98, 0x99, 0x99, 0x9a, 0x9b, 0x9b, 0x9d, 0x9d, 0xab, 0x67, 0x67, 0xac, 0xad, 0xad,
	0xae, 0xaf, 0xaf, 0xb0, 0xb0, 0xb1, 0xb1, 0xb2, 0xb2, 0xb2, 0xb3, 0xb4, 0xb4, 0xb5, 0xb6, 0xb7, 0xb7, 0xb8, 0x38, 0xb9, 0xba, 0xba, 0xbb, 0xbb, 0xbc, 0xbd, 0x90, 0x2e, 0x2f, 0x30, 0x31, 0x32, 0x33, 0xc9, 0xc9, 0xca, 0xcb, 0xcc, 0xcc, 0xcd,
	0xcd, 0x3c, 0xd2, 0xd3, 0xca, 0xca, 0xcb, 0xcc, 0xcc, 0xcd, 0xcd, 0xd8, 0xd9, 0x3c, 0x3d, 0x3d, 0x3e, 0x3e, 0x07, 0x07, 0x07, 0xae, 0xae, 0xaf, 0x2e, 0x2f, 0x30, 0x30, 0x30, 0xec, 0x32, 0xd1, 0xd2, 0xd2, 0x6c, 0x99, 0x9e, 0x2c, 0xea, 0xff,
	0x2d, 0xed, 0xef, 0x6a, 0xfa, 0xfb, 0x07, 0x5c, 0x5e, 0xff, 0x67, 0x68, 0xad, 0xae, 0xaf, 0xb0, 0xb1, 0xb1, 0xb2, 0xb3, 0xb4, 0xb4, 0xb5, 0xb6, 0x10, 0xb8, 0xb8, 0xb9, 0xb9, 0xba, 0x14, 0xbb, 0xbb, 0xbb, 0xbd, 0x17, 0x18, 0xbe, 0x19, 0xbf,
	0x1b, 0x1c, 0x67, 0x68, 0xac, 0xad, 0xae, 0xae, 0xaf, 0xaf, 0xb0, 0xb1, 0x30, 0x31, 0x31, 0x32, 0x32, 0x33, 0x33, 0x34, 0x35, 0x35, 0x36, 0x37, 0x37, 0x38, 0x39, 0x39, 0x3a, 0x3a, 0x3b, 0x3c, 0x3d, 0x3d, 0x0d, 0x0e, 0x0e, 0x0f, 0x0f, 0x10,
	0x11, 0x11, 0x13, 0x14, 0x14, 0x14, 0x15, 0x16, 0x18, 0x18, 0x67, 0x68, 0xac, 0xad, 0xad, 0x08, 0x09, 0x09, 0x0a, 0x0a, 0x0a, 0x0b, 0x0b, 0x0c, 0x0c, 0x0d, 0x67, 0x68, 0xad, 0xae, 0xaf, 0x6a, 0x6b, 0xb1, 0x6c, 0x6d, 0x6e, 0x6e, 0x6f, 0x6f,
	0x70, 0x71, 0x71, 0x72, 0x73, 0x74, 0x75, 0x75, 0x76, 0x76, 0x77, 0x77, 0x78, 0x78, 0x79, 0x7a, 0x7a, 0x7c, 0x67, 0xac, 0xad, 0x2c, 0x2c, 0x2d, 0x2e, 0x2f, 0x2f, 0x30, 0x30, 0xc7, 0xc7, 0xc7, 0xd2, 0xd2, 0x31, 0x94, 0x95, 0x95, 0x96, 0x97,
	0x98, 0x98, 0x99, 0x99, 0x9a, 0x9b, 0x9b, 0x9c, 0x9d, 0x9d, 0x67, 0x68, 0xac, 0xad, 0xad, 0xae, 0xaf, 0xaf, 0xb0, 0xb0, 0xb1, 0xb1, 0xb2, 0xb2, 0xb2, 0xb3, 0xb3, 0xb4, 0xb5, 0xb5, 0xb6, 0xb7, 0xb7, 0xb8, 0xb9, 0x39, 0xba, 0xbb, 0x3b, 0xbc,
	0x3c, 0x3d, 0x90, 0x6b, 0x2f, 0x31, 0x32, 0x33, 0x33, 0xc9, 0xca, 0xca, 0xcb, 0xcc, 0xcc, 0xcd, 0xce, 0x3c, 0xd3, 0xca, 0xca, 0xcb, 0xcb, 0xcc, 0xcc, 0xcd, 0xd8, 0xd8, 0xd9, 0xda, 0xda, 0xdb, 0x3e, 0x3f, 0x08, 0x07, 0xae, 0xae, 0xae, 0xb0,
	0xb0, 0x30, 0x30, 0x30, 0x30, 0xec, 0x32, 0xd2, 0xd2, 0xd2, 0x6c, 0x99, 0x9e, 0x2d, 0xea, 0xff, 0x2d, 0xed, 0xef, 0x6a, 0xfa, 0xfb, 0x07, 0x5c, 0x5e, 0xff, 0xab, 0xac, 0xad, 0xae, 0xaf, 0xb0, 0xb1, 0xb1, 0xb2, 0xb3, 0x0d, 0xb4, 0xb5, 0xb6,
	0xb7, 0xb8, 0xb8, 0xb9, 0xb9, 0xba, 0xbb, 0xbb, 0x16, 0xbc, 0x17, 0x18, 0x18, 0x19, 0x19, 0x1a, 0x1b, 0x1c, 0xab, 0xac, 0xac, 0xad, 0xae, 0xaf, 0xaf, 0xb0, 0x2f, 0xb1, 0x30, 0x31, 0x31, 0x32, 0x32, 0x33, 0x34, 0x34, 0x35, 0x36, 0x36, 0x37,
	0x37, 0x38, 0x39, 0x39, 0x3a, 0x3b, 0x3b, 0x3c, 0x3d, 0x3d, 0x0d, 0x0e, 0x0f, 0x0f, 0x10, 0x11, 0x11, 0x12, 0x13, 0x14, 0x14, 0x15, 0x16, 0x16, 0x18, 0x18, 0xab, 0xac, 0xad, 0xad, 0x08, 0x08, 0x09, 0x0a, 0x0a, 0x0a, 0x0b, 0x0b, 0x0c, 0x0c,
	0x0c, 0x0d, 0xab, 0xac, 0xad, 0xae, 0xaf, 0xb0, 0x6b, 0x6c, 0xb2, 0x6d, 0x6e, 0x6f, 0x6f, 0x70, 0x70, 0x71, 0x72, 0x73, 0x73, 0x74, 0x75, 0x76, 0x76, 0x77, 0x77, 0x78, 0x78, 0x79, 0x79, 0x7a, 0x7b, 0x7c, 0xab, 0xac, 0xad, 0x2c, 0x2c, 0x2d,
	0x2e, 0x2f, 0x2f, 0x30, 0x30, 0xc7, 0xc7, 0xd2, 0xd2, 0xd2, 0x32, 0x32, 0x33, 0x96, 0x35, 0x97, 0x98, 0x98, 0x99, 0x99, 0x9a, 0x9b, 0x9b, 0x9c, 0x9d, 0x9d, 0xab, 0xac, 0xad, 0xad, 0xae, 0xae, 0xaf, 0xaf, 0xb0, 0xb0, 0xb1, 0xb1, 0xb2, 0xb2,
	0xb2, 0xb3, 0xb4, 0xb4, 0xb5, 0xb6, 0xb7, 0xb7, 0xb7, 0xb9, 0xb9, 0xba, 0xba, 0xbb, 0xbc, 0xbc, 0xbd, 0xbe, 0x90, 0x2f, 0x30, 0x31, 0x32, 0x33, 0x34, 0xc9, 0xca, 0xcb, 0xcb, 0xcc, 0xcc, 0xcd, 0xce, 0x3c, 0xd3, 0xca, 0xd4, 0xcb, 0xcc, 0xcc,
	0xcc, 0xcd, 0xd8, 0xd9, 0xda, 0xda, 0x3d, 0x3e, 0x3e, 0x3f, 0x08, 0x08, 0x08, 0xae, 0xaf, 0xb0, 0xb0, 0x30, 0x30, 0x32, 0x32, 0xec, 0x32, 0xd2, 0xd2, 0xd2, 0x6d, 0x99, 0x9e, 0x2d, 0xea, 0xff, 0x2e, 0xed, 0xef, 0x6a, 0xfa, 0xfb, 0x5b, 0x5c,
	0x5e, 0xff, 0xac, 0xad, 0xae, 0xaf, 0xaf, 0xb0, 0xb1, 0xb2, 0xb3, 0xb3, 0xb4, 0xb5, 0xb6, 0xb6, 0xb7, 0xb8, 0xb8, 0xb9, 0xba, 0xba, 0x15, 0x15, 0x16, 0x17, 0x17, 0x18, 0x19, 0x19, 0x19, 0x1b, 0x1b, 0x1c, 0xac, 0xac, 0xad, 0xae, 0xaf, 0xaf,
	0xb0, 0xb0, 0xb1, 0xb1, 0x31, 0x31, 0x32, 0x32, 0x32, 0x33, 0x34, 0x35, 0x35, 0x36, 0x36, 0x37, 0x38, 0x39, 0x39, 0x3a, 0x3b, 0x3b, 0x3c, 0x3c, 0x3d, 0x3e, 0x0e, 0x0e, 0x0f, 0x0f, 0x10, 0x11, 0x12, 0x12, 0x13, 0x14, 0x14, 0x15, 0x16, 0x18,
	0x18, 0x19, 0xac, 0xad, 0xad, 0xae, 0x08, 0x09, 0x09, 0x0a, 0x0a, 0x0b, 0x0b, 0x0c, 0x0c, 0x0c, 0x0c, 0x0d, 0xac, 0xad, 0xad, 0xae, 0xaf, 0x6b, 0xb1, 0xb1, 0x6d, 0x6e, 0x6e, 0x6f, 0x6f, 0x70, 0x70, 0x71, 0x72, 0x73, 0x74, 0x75, 0x75, 0x76,
	0x77, 0x77, 0x77, 0x78, 0x79, 0x79, 0x7a, 0x7b, 0x7b, 0x7c, 0xac, 0xac, 0xae, 0x2c, 0x2d, 0x2e, 0x2f, 0x2f, 0x30, 0x30, 0x30, 0xc7, 0xc7, 0xd2, 0xd2, 0xd2, 0x32, 0x32, 0x33, 0x34, 0x35, 0x98, 0x98, 0x98, 0x99, 0x9a, 0x9b, 0x9b, 0x9c, 0x9c,
	0x9d, 0x9e, 0xac, 0xac, 0xad, 0xad, 0xae, 0xae, 0xaf, 0xaf, 0xb0, 0xb0, 0xb1, 0xb1, 0xb2, 0xb2, 0xb3, 0xb3, 0xb4, 0xb4, 0xb5, 0xb6, 0xb7, 0xb7, 0xb8, 0xb9, 0xb9, 0xba, 0xbb, 0xbb, 0xbc, 0xbd, 0xbd, 0xbe, 0xaf, 0x6b, 0x30, 0x31, 0x32, 0x33,
	0x34, 0xca, 0xca, 0xcb, 0xcb, 0xcc, 0xcd, 0xcd, 0xce, 0xcf, 0xd3, 0xca, 0xd4, 0xcb, 0xcc, 0xcc, 0xcd, 0xcd, 0xd8, 0xd9, 0xda, 0xda, 0xdb, 0x3e, 0x3f, 0x3f, 0x08, 0x08, 0x08, 0x08, 0xaf, 0x0a, 0x0b, 0x30, 0x30, 0x32, 0x32, 0x32, 0x33, 0xd2,
	0xd2, 0xd2, 0x6d, 0x99, 0x9f, 0x2e, 0xec, 0xff, 0x2e, 0xed, 0xd0, 0x6b, 0xfa, 0xfb, 0x07, 0x5d, 0x5f, 0xff, 0xad, 0xad, 0xae, 0xaf, 0xb0, 0xb1, 0x0b, 0xb2, 0xb3, 0xb4, 0x0e, 0xb5, 0x0f, 0x10, 0xb8, 0xb9, 0x12, 0xba, 0xba, 0xbb, 0x15, 0x16,
	0x17, 0x17, 0x18, 0x18, 0x19, 0x19, 0x1a, 0x1b, 0x1c, 0x1d, 0xad, 0xad, 0xad, 0xae, 0xaf, 0xaf, 0xb0, 0xb0, 0xb1, 0xb2, 0xb2, 0x31, 0x32, 0x33, 0x33, 0x34, 0x34, 0x35, 0x36, 0x36, 0x37, 0x38, 0x38, 0x39, 0x39, 0x3a, 0x3b, 0x3b, 0x3c, 0x3d,
	0x3d, 0x3e, 0x0e, 0x0e, 0x0f, 0x10, 0x10, 0x11, 0x12, 0x13, 0x14, 0x14, 0x15, 0x16, 0x16, 0x18, 0x18, 0x19, 0xad, 0xad, 0xad, 0x08, 0xaf, 0x09, 0x09, 0x0a, 0x0a, 0x0b, 0x0b, 0x0c, 0x0c, 0x0c, 0x0d, 0x0e, 0xad, 0xad, 0xae, 0xaf, 0x6a, 0x6b,
	0x6c, 0xb2, 0x6d, 0x6e, 0x6f, 0x6f, 0x70, 0x70, 0x71, 0x72, 0x73, 0x74, 0x74, 0x75, 0x76, 0x76, 0x77, 0x77, 0x78, 0x78, 0x79, 0x79, 0x7b, 0x7b, 0x7c, 0x7d, 0xad, 0xad, 0xae, 0x2d, 0x2d, 0x2e, 0x2f, 0x2f, 0x30, 0x30, 0x31, 0x32, 0xc9, 0xd2,
	0xd2, 0xd3, 0x32, 0x6e, 0x6f, 0x70, 0x35, 0x98, 0x98, 0x99, 0x99, 0x9a, 0x9b, 0x9b, 0x9c, 0x9d, 0x9d, 0x9e, 0xad, 0xad, 0xad, 0xae, 0xaf, 0xaf, 0xb0, 0xb0, 0xb0, 0xb1, 0xb1, 0xb2, 0xb2, 0xb3, 0xb3, 0xb4, 0xb4, 0xb5, 0xb6, 0xb6, 0xb7, 0xb8,
	0xb8, 0xb9, 0xba, 0xba, 0xbb, 0xbc, 0xbc, 0xbd, 0xbe, 0x3e, 0xb0, 0x6c, 0x31, 0x31, 0x33, 0x33, 0x34, 0xca, 0xca, 0xcb, 0xcc, 0xcc, 0xcd, 0xce, 0xce, 0xcf, 0xd3, 0xca, 0xcb, 0xcb, 0xcc, 0xcc, 0xcd, 0xd8, 0xd9, 0xd9, 0xda, 0xda, 0xdb, 0xdc,
	0x3f, 0xdd, 0x08, 0x08, 0x08, 0x09, 0x09, 0x0a, 0x0b, 0xb2, 0x32, 0x32, 0x32, 0x32, 0x33, 0xd2, 0xd2, 0xd3, 0x6d, 0x99, 0x9f, 0x2e, 0xec, 0xff, 0x2e, 0xed, 0xd0, 0x6b, 0xfa, 0xfb, 0x5c, 0x5e, 0x5f, 0xff, 0xad, 0xad, 0xaf, 0xb0, 0xb0, 0xb1,
	0xb2, 0x0c, 0x0d, 0x0d, 0x0e, 0xb6, 0x10, 0x10, 0x11, 0x12, 0xb9, 0x13, 0xbb, 0x15, 0x16, 0x16, 0x17, 0x17, 0x18, 0x19, 0x19, 0x1a, 0x1b, 0x1b, 0x1c, 0x1d, 0xad, 0xad, 0xae, 0xaf, 0xaf, 0xb0, 0xb0, 0xb1, 0xb1, 0xb2, 0xb2, 0x32, 0x32, 0x33,
	0x33, 0x34, 0x35, 0x36, 0x36, 0x37, 0x37, 0x38, 0x39, 0x39, 0x3a, 0x3a, 0x3b, 0x3c, 0x3c, 0x3d, 0x3e, 0x3e, 0x0e, 0x0f, 0x0f, 0x10, 0x11, 0x11, 0x13, 0x13, 0x14, 0x14, 0x15, 0x16, 0x18, 0x18, 0x19, 0x1a, 0xad, 0xad, 0x08, 0xaf, 0x09, 0x09,
	0x0a, 0x0a, 0x0b, 0x0b, 0x0c, 0x0c, 0x0c, 0x0d, 0x0d, 0x0e, 0xad, 0xad, 0xaf, 0xaf, 0x6b, 0xb1, 0x6c, 0xb2, 0x6d, 0x6e, 0x6f, 0x6f, 0x70, 0x70, 0x71, 0xb8, 0xb8, 0x74, 0x75, 0x76, 0x76, 0x77, 0x77, 0x78, 0x78, 0x79, 0x7a, 0x7a, 0x7b, 0x7c,
	0x7c, 0x7d, 0xad, 0xae, 0xae, 0xaf, 0x2e, 0x2f, 0x2f, 0x30, 0x30, 0x31, 0x32, 0x32, 0xc9, 0xc9, 0xd3, 0xd3, 0xb3, 0x6f, 0x34, 0x35, 0x36, 0x98, 0x98, 0x99, 0x99, 0x9a, 0x9b, 0x9c, 0x9c, 0x9d, 0x9d, 0x9e, 0xad, 0xad, 0xae, 0xaf, 0xaf, 0xaf,
	0xb0, 0xb0, 0xb1, 0xb1, 0xb2, 0xb2, 0xb3, 0xb3, 0xb3, 0xb4, 0xb5, 0xb5, 0xb6, 0xb7, 0xb7, 0xb8, 0xb9, 0xba, 0xba, 0xbb, 0xbb, 0xbc, 0xbd, 0xbd, 0xbe, 0xbf, 0xb0, 0xb1, 0x31, 0x32, 0x33, 0x34, 0x34, 0xca, 0xcb, 0xcb, 0xcc, 0xcd, 0xcd, 0xce,
	0xce, 0xcf, 0xd3, 0xd4, 0xcb, 0xcc, 0xcc, 0xcd, 0xcd, 0xd8, 0xd9, 0xd9, 0xda, 0xdb, 0xdc, 0xdc, 0x3f, 0x3f, 0x09, 0x08, 0x09, 0x09, 0x0a, 0x0a, 0x0b, 0xb2, 0x32, 0x32, 0x32, 0x32, 0x33, 0xd3, 0xd3, 0xd3, 0x6e, 0x9a, 0x9f, 0xb0, 0xec, 0xff,
	0x2f, 0xed, 0xd0, 0x6c, 0x72, 0xfb, 0x08, 0x5e, 0x5f, 0xff, 0x69, 0xae, 0xaf, 0xb0, 0xb1, 0x0b, 0xb2, 0xb3, 0x0d, 0x0e, 0x0e, 0x0f, 0x10, 0xb8, 0xb8, 0xb9, 0xba, 0xba, 0x15, 0x16, 0x16, 0x17, 0x17, 0x18, 0x18, 0x19, 0x1a, 0x1b, 0x1b, 0x1c,
	0x1d, 0x1d, 0x69, 0xae, 0xae, 0xaf, 0xb0, 0xb0, 0xb1, 0xb1, 0xb2, 0xb2, 0xb3, 0x32, 0x33, 0x33, 0x34, 0x34, 0x36, 0x36, 0x36, 0x37, 0x38, 0x38, 0x39, 0x3a, 0x3a, 0x3b, 0x3c, 0x3c, 0x3d, 0x3d, 0x3e, 0x3f, 0x0f, 0x0f, 0x10, 0x11, 0x11, 0x12,
	0x13, 0x14, 0x4b, 0x15, 0x16, 0x16, 0x18, 0x19, 0x1a, 0x1a, 0x69, 0xae, 0x08, 0x09, 0x09, 0x0a, 0x0a, 0x0b, 0x0b, 0x0c, 0x0c, 0x0c, 0x0d, 0x0d, 0x0e, 0x0e, 0x69, 0xae, 0x6a, 0xb0, 0x6b, 0x6c, 0x6d, 0x6d, 0xb3, 0x6f, 0x6f, 0x70, 0x70, 0x71,
	0x71, 0xb8, 0x38, 0x75, 0x76, 0x76, 0x77, 0x77, 0x77, 0x78, 0x79, 0x7a, 0x7b, 0x7b, 0x7b, 0x7c, 0x7d, 0x7d, 0x69, 0xae, 0xaf, 0xaf, 0x2e, 0x2f, 0x2f, 0x30, 0x31, 0x32, 0x32, 0x33, 0xc9, 0xd3, 0xd3, 0xd3, 0x33, 0x6f, 0x34, 0x35, 0x36, 0x37,
	0x37, 0x99, 0x9a, 0x9b, 0x9b, 0xd9, 0x9d, 0x9d, 0x9e, 0x9f, 0x69, 0xae, 0xaf, 0xaf, 0xaf, 0xb0, 0xb0, 0xb1, 0xb1, 0xb2, 0xb2, 0xb2, 0xb3, 0xb3, 0xb4, 0xb4, 0xb5, 0xb6, 0xb6, 0xb7, 0xb8, 0xb8, 0xb9, 0xba, 0xba, 0xbb, 0xbc, 0xbd, 0xbd, 0xbe,
	0xbe, 0xbf, 0xb1, 0xb2, 0x32, 0x32, 0x33, 0x34, 0x35, 0xcb, 0xcb, 0xcb, 0xcc, 0xcd, 0xcd, 0xce, 0xcf, 0xcf, 0xd4, 0xd4, 0xcb, 0xcc, 0xcc, 0xcd, 0xd8, 0xd8, 0xd9, 0xda, 0xda, 0xdb, 0xdc, 0xdd, 0x3f, 0xde, 0x09, 0x09, 0x09, 0x0a, 0x0a, 0x0b,
	0x0b, 0xb3, 0x32, 0x33, 0x33, 0x33, 0x34, 0xd3, 0xd3, 0xd3, 0x6e, 0x9a, 0x9f, 0xb0, 0xec, 0xff, 0x2f, 0xd1, 0xd1, 0x6c, 0x72, 0xfb, 0x08, 0x5f, 0x5f, 0xff, 0x56, 0x56, 0x57, 0x58, 0x59, 0x07, 0x5b, 0x08, 0x09, 0x09, 0x0a, 0x0b, 0x0b, 0x0c,
	0x0c, 0x0d, 0x0e, 0x0e, 0x0f, 0x10, 0x10, 0x11, 0x11, 0x12, 0x13, 0x13, 0x14, 0x14, 0x15, 0x16, 0x17, 0x18, 0x56, 0x56, 0x56, 0x05, 0x05, 0xa9, 0x06, 0xab, 0xac, 0xad, 0xae, 0xae, 0xaf, 0xaf, 0xb0, 0xb0, 0xb1, 0xb2, 0xb2, 0xb3, 0xb3, 0xb4,
	0xb4, 0xb5, 0xb6, 0xb6, 0xb7, 0x11, 0x12, 0x12, 0x13, 0x14, 0x40, 0x40, 0x41, 0x42, 0x42, 0x43, 0x44, 0x45, 0x45, 0x46, 0x47, 0x47, 0x48, 0x48, 0x49, 0x4a, 0x56, 0x56, 0x57, 0x57, 0x58, 0x59, 0x59, 0x5a, 0x5b, 0x5b, 0x5c, 0x5d, 0x5d, 0x5e,
	0x5e, 0x5f, 0x56, 0x56, 0x57, 0x05, 0x06, 0x06, 0x07, 0x08, 0x08, 0x08, 0x09, 0x0a, 0x0a, 0x0b, 0x0c, 0x0c, 0x0d, 0x6f, 0x6f, 0x70, 0x70, 0x71, 0x71, 0x72, 0x73, 0x73, 0x74, 0x74, 0x74, 0x76, 0x76, 0x78, 0x56, 0x56, 0x04, 0xa8, 0xa9, 0xaa,
	0x29, 0x2a, 0x2b, 0x2b, 0x2d, 0x2e, 0x2e, 0x2f, 0x2f, 0xed, 0xaf, 0x6a, 0x6b, 0x6c, 0x6c, 0x6d, 0x6e, 0x6f, 0x6f, 0x70, 0x71, 0x71, 0x72, 0x73, 0x75, 0x9a, 0x56, 0x56, 0x57, 0x57, 0x57, 0x58, 0x06, 0x06, 0x07, 0x07, 0x07, 0x07, 0x08, 0x08,
	0x09, 0x09, 0x0a, 0x0a, 0x0b, 0x0b, 0x0c, 0x0d, 0x0d, 0x0e, 0x0e, 0x0f, 0x10, 0x11, 0x11, 0x12, 0x13, 0x13, 0xaa, 0xac, 0xad, 0x90, 0x2d, 0x2f, 0x30, 0x30, 0x31, 0x32, 0x33, 0x34, 0x35, 0xb7, 0xb8, 0xb9, 0x30, 0x30, 0x32, 0x33, 0x34, 0x35,
	0x35, 0x36, 0x37, 0x38, 0x39, 0xba, 0xba, 0xbb, 0x16, 0x16, 0x58, 0x58, 0x58, 0x58, 0xe5, 0xe6, 0xe6, 0xe7, 0xe7, 0xe9, 0xe9, 0xe9, 0xe9, 0x2f, 0x2f, 0xed, 0x69, 0x70, 0x9c, 0xe6, 0xe9, 0xf4, 0x28, 0x8a, 0xed, 0xf9, 0xfa, 0xfa, 0x57, 0xfd,
	0xfe, 0xf4, 0x56, 0x56, 0x57, 0x58, 0x06, 0x5b, 0x08, 0x08, 0x09, 0x0a, 0x0a, 0x0b, 0x0c, 0x0c, 0x0d, 0x0e, 0x0e, 0x0f, 0x0f, 0x10, 0x11, 0x11, 0x12, 0x12, 0x13, 0x14, 0x14, 0x15, 0x15, 0x16, 0x17, 0x18, 0x56, 0x56, 0x57, 0x05, 0x05, 0x06,
	0x06, 0x07, 0xac, 0xad, 0xae, 0xae, 0xaf, 0xaf, 0xb0, 0xb1, 0xb1, 0xb2, 0xb2, 0xb3, 0xb3, 0xb4, 0xb5, 0xb5, 0xb6, 0x10, 0x11, 0xb8, 0x12, 0x13, 0x13, 0x15, 0x40, 0x41, 0x42, 0x42, 0x43, 0x43, 0x44, 0x45, 0x45, 0x46, 0x47, 0x47, 0x48, 0x49,
	0x49, 0x4a, 0x56, 0x56, 0x57, 0x57, 0x58, 0x59, 0x5a, 0x5a, 0x5b, 0x5c, 0x5c, 0x5d, 0x5e, 0x5e, 0x5f, 0x5f, 0x56, 0x56, 0x57, 0x05, 0x06, 0x07, 0x07, 0x08, 0x08, 0x09, 0x09, 0x0a, 0x0b, 0x0b, 0x0c, 0x0c, 0x0d, 0x6f, 0x70, 0x70, 0x71, 0x71,
	0x72, 0x72, 0x73, 0x74, 0x74, 0x74, 0x76, 0x76, 0x78, 0x78, 0x56, 0x04, 0x05, 0x05, 0xa9, 0xaa, 0x2a, 0x2a, 0x2b, 0x2c, 0x2d, 0x2e, 0x2e, 0x2f, 0x2f, 0x30, 0xaf, 0x6b, 0x6b, 0x6c, 0x6d, 0x6e, 0x6e, 0x6f, 0x70, 0x71, 0x71, 0x72, 0x73, 0x73,
	0x75, 0x9a, 0x56, 0x56, 0x57, 0x57, 0x58, 0x58, 0x06, 0x06, 0x07, 0x07, 0x07, 0x08, 0x08, 0x08, 0x09, 0x0a, 0x0a, 0x0b, 0x0b, 0x0c, 0x0c, 0x0d, 0x0d, 0x0e, 0x0f, 0x0f, 0x10, 0x11, 0x11, 0x12, 0x13, 0x14, 0xab, 0xac, 0xad, 0xaf, 0x2e, 0x2f,
	0x30, 0x30, 0x32, 0x33, 0x33, 0x35, 0x36, 0xb7, 0xb9, 0xba, 0x30, 0x31, 0x33, 0x33, 0x34, 0x35, 0x36, 0x37, 0x38, 0x38, 0x39, 0xba, 0xbb, 0xbb, 0x16, 0x16, 0x58, 0x58, 0x58, 0x58, 0x5a, 0x5a, 0xe7, 0xe7, 0xe7, 0xe9, 0xe9, 0xe9, 0xea, 0x2f,
	0x2f, 0x30, 0x69, 0x70, 0x9c, 0xe6, 0xe9, 0xf4, 0x28, 0x8a, 0xed, 0xf9, 0xfa, 0xfa, 0x57, 0xfd, 0xfe, 0xf4, 0x56, 0x57, 0x58, 0x59, 0x06, 0x07, 0x08, 0x08, 0x09, 0x0a, 0x0a, 0x0b, 0x0c, 0x0c, 0x0d, 0x0e, 0x0e, 0x0f, 0x10, 0x10, 0x11, 0x11,
	0x12, 0x13, 0x13, 0x14, 0x15, 0x15, 0x16, 0x16, 0x18, 0x19, 0x56, 0x57, 0x57, 0x05, 0x06, 0x06, 0x07, 0x07, 0xad, 0xae, 0xae, 0xaf, 0xaf, 0xb0, 0xb0, 0xb1, 0xb2, 0xb2, 0xb3, 0xb3, 0xb4, 0xb4, 0xb5, 0xb6, 0x0f, 0xb7, 0xb8, 0xb8, 0x12, 0x13,
	0x14, 0x15, 0x41, 0x41, 0x42, 0x42, 0x43, 0x44, 0x45, 0x45, 0x46, 0x46, 0x47, 0x47, 0x48, 0x49, 0x4a, 0x4b, 0x56, 0x57, 0x57, 0x58, 0x58, 0x59, 0x5a, 0x5b, 0x5b, 0x5c, 0x5c, 0x5e, 0x5e, 0x5f, 0x5f, 0x40, 0x56, 0x57, 0x57, 0x58, 0x06, 0x07,
	0x07, 0x08, 0x09, 0x09, 0x0a, 0x0a, 0x0b, 0x0c, 0x0c, 0x0d, 0x0d, 0x6f, 0x70, 0x70, 0x71, 0x71, 0x72, 0x73, 0x73, 0x74, 0x74, 0x74, 0x76, 0x76, 0x78, 0x79, 0x56, 0x57, 0x05, 0xa9, 0xaa, 0xab, 0x2a, 0x2b, 0x2c, 0x2d, 0x2d, 0x2e, 0x2f, 0x2f,
	0x30, 0x30, 0xaf, 0x6b, 0x6c, 0x6d, 0x6d, 0x6e, 0x6f, 0x6f, 0x70, 0x71, 0x71, 0x72, 0x73, 0x75, 0x76, 0x9b, 0x56, 0x57, 0x57, 0x05, 0x58, 0x06, 0x06, 0x07, 0x07, 0x07, 0x08, 0x08, 0x08, 0x09, 0x09, 0x0a, 0x0a, 0x0b, 0x0c, 0x0c, 0x0c, 0x0d,
	0x0e, 0x0e, 0x0f, 0x10, 0x11, 0x11, 0x12, 0x12, 0x13, 0x15, 0xab, 0xad, 0xae, 0xaf, 0x2e, 0x2f, 0x30, 0x31, 0x32, 0x33, 0x34, 0x35, 0x36, 0xb7, 0xb9, 0xba, 0x31, 0x32, 0x33, 0x33, 0x34, 0x35, 0x36, 0x37, 0x38, 0x38, 0x39, 0x3a, 0xbb, 0xbb,
	0x16, 0x17, 0x59, 0x58, 0x58, 0x5a, 0x5a, 0x5b, 0xe7, 0xe7, 0xe9, 0xe9, 0xe9, 0xe9, 0x2f, 0x2f, 0x30, 0x30, 0x69, 0x70, 0x9c, 0xe6, 0xe9, 0xf4, 0x2a, 0x8a, 0xed, 0x5b, 0xfa, 0xfa, 0x58, 0x5a, 0xfe, 0xf4, 0x57, 0x57, 0x58, 0x59, 0x07, 0x5b,
	0x08, 0x09, 0x0a, 0x0a, 0x0b, 0x0c, 0x0c, 0x0d, 0x0d, 0x0e, 0x0f, 0x0f, 0x10, 0x11, 0x11, 0x12, 0x12, 0x13, 0x13, 0x14, 0x15, 0x15, 0x16, 0x17, 0x18, 0x19, 0x57, 0x57, 0x05, 0x06, 0x06, 0x06, 0x07, 0x07, 0xad, 0xae, 0xaf, 0xaf, 0xb0, 0xb0,
	0xb0, 0xb1, 0xb2, 0xb2, 0xb3, 0xb4, 0xb4, 0xb5, 0xb5, 0xb6, 0x10, 0x10, 0x11, 0x12, 0x12, 0x13, 0x14, 0x15, 0x41, 0x42, 0x42, 0x43, 0x43, 0x44, 0x45, 0x45, 0x46, 0x47, 0x47, 0x48, 0x49, 0x49, 0x4a, 0x4b, 0x57, 0x57, 0x57, 0x58, 0x59, 0x5a,
	0x5a, 0x5b, 0x5c, 0x5c, 0x5d, 0x5e, 0x5e, 0x5f, 0x5f, 0x40, 0x57, 0x57, 0x58, 0x06, 0x07, 0x07, 0x08, 0x08, 0x09, 0x09, 0x0a, 0x0b, 0x0b, 0x0c, 0x0c, 0x0d, 0x0e, 0x70, 0x70, 0x71, 0x71, 0x72, 0x72, 0x73, 0x74, 0x74, 0x74, 0x76, 0x76, 0x78,
	0x78, 0x79, 0x57, 0x05, 0x05, 0xa9, 0xaa, 0xab, 0x2a, 0x2b, 0x2c, 0x2d, 0x2e, 0x2e, 0x2f, 0x2f, 0x30, 0x30, 0xb0, 0x6b, 0x6c, 0x6d, 0x6e, 0x6e, 0x6f, 0x70, 0x70, 0x71, 0x72, 0x72, 0x73, 0x75, 0x76, 0x77, 0x57, 0x57, 0x57, 0x58, 0x58, 0x59,
	0x06, 0x07, 0x07, 0x08, 0x08, 0x08, 0x09, 0x09, 0x0a, 0x0a, 0x0b, 0x0b, 0x0c, 0x0c, 0x0d, 0x0d, 0x0e, 0x0f, 0x0f, 0x10, 0x11, 0x12, 0x12, 0x13, 0x14, 0x15, 0x07, 0xad, 0xae, 0xaf, 0x2f, 0x30, 0x31, 0x31, 0x32, 0x33, 0x34, 0x35, 0x36, 0xb8,
	0xb9, 0xba, 0x31, 0x32, 0x33, 0x34, 0x35, 0x35, 0x36, 0x37, 0x38, 0x39, 0xba, 0x3a, 0xbb, 0x16, 0x16, 0x17, 0x59, 0x58, 0x5a, 0x5a, 0x5a, 0x5b, 0x5c, 0xae, 0xe9, 0xe9, 0xe9, 0xe9, 0x2f, 0x30, 0x30, 0x30, 0x6a, 0x71, 0x9c, 0xe6, 0xe9, 0xf4,
	0x2a, 0x8a, 0xed, 0x5b, 0xfa, 0xfa, 0x58, 0x5a, 0xfe, 0xf4, 0x57, 0x58, 0x59, 0x59, 0x07, 0x08, 0x08, 0x09, 0x0a, 0x0a, 0x0b, 0x0c, 0x0c, 0x0d, 0x0e, 0x0e, 0x0f, 0x0f, 0x10, 0x11, 0x11, 0x12, 0x13, 0x13, 0x14, 0x14, 0x15, 0x16, 0x16, 0x18,
	0x18, 0x19, 0x57, 0x57, 0x58, 0x06, 0x06, 0x07, 0x07, 0xad, 0xae, 0xae, 0xaf, 0xaf, 0xb0, 0xb0, 0xb1, 0xb2, 0xb2, 0xb3, 0xb3, 0xb4, 0xb5, 0xb5, 0xb5, 0xb6, 0x10, 0xb8, 0xb9, 0x12, 0x13, 0x14, 0x15, 0x16, 0x41, 0x42, 0x43, 0x43, 0x44, 0x45,
	0x45, 0x46, 0x46, 0x47, 0x47, 0x48, 0x49, 0x4a, 0x4a, 0x4b, 0x57, 0x58, 0x58, 0x58, 0x59, 0x5a, 0x5b, 0x5c, 0x5c, 0x5d, 0x5e, 0x5e, 0x5f, 0x5f, 0x40, 0x40, 0x57, 0x58, 0x58, 0x06, 0x07, 0x07, 0x08, 0x08, 0x09, 0x0a, 0x0a, 0x0b, 0x0c, 0x0c,
	0x0c, 0x0d, 0x0e, 0x70, 0x70, 0x71, 0x72, 0x72, 0x73, 0x74, 0x74, 0x74, 0x76, 0x76, 0x77, 0x78, 0x79, 0x79, 0x57, 0x05, 0x05, 0xaa, 0xab, 0xab, 0x2b, 0x2c, 0x2c, 0x2d, 0x2e, 0x2f, 0x2f, 0x30, 0x30, 0x30, 0xb0, 0x6c, 0x6c, 0x6d, 0x6e, 0x6e,
	0x6f, 0x70, 0x70, 0x71, 0x72, 0x73, 0x75, 0x75, 0x76, 0x77, 0x57, 0x57, 0x58, 0x58, 0x59, 0x06, 0x07, 0x07, 0x07, 0x08, 0x08, 0x08, 0x09, 0x09, 0x0a, 0x0a, 0x0b, 0x0b, 0x0c, 0x0c, 0x0d, 0x0e, 0x0e, 0x0f, 0x10, 0x10, 0x11, 0x12, 0x12, 0x13,
	0x14, 0x15, 0xac, 0xae, 0xaf, 0xb0, 0xb1, 0x30, 0x31, 0x32, 0x33, 0x34, 0x35, 0x36, 0x36, 0xb8, 0xb9, 0xbb, 0x32, 0x32, 0x34, 0x34, 0x35, 0x36, 0x37, 0x38, 0x39, 0x39, 0x3a, 0xbb, 0xbb, 0x16, 0x17, 0x18, 0x5a, 0x5a, 0x5a, 0x5a, 0x5a, 0x5c,
	0x5c, 0xe7, 0xe9, 0xe9, 0xe9, 0xe9, 0x30, 0x30, 0x30, 0x30, 0x6a, 0x71, 0x9c, 0xe6, 0xe9, 0xf4, 0x2a, 0x8b, 0xed, 0x5b, 0xfa, 0xfb, 0x58, 0x5a, 0xfe, 0xf4, 0x58, 0x58, 0x59, 0x5a, 0x07, 0x08, 0x08, 0x09, 0x0a, 0x0b, 0x0c, 0x0c, 0x0c, 0x0d,
	0x0e, 0x0f, 0x0f, 0x10, 0x11, 0x11, 0x12, 0x12, 0x13, 0x13, 0x14, 0x15, 0x16, 0x16, 0x17, 0x18, 0x19, 0x1a, 0x58, 0x58, 0x58, 0x06, 0x06, 0x07, 0x07, 0xad, 0x08, 0xaf, 0xaf, 0xb0, 0xb0, 0xb1, 0xb1, 0xb2, 0xb2, 0xb3, 0xb4, 0xb4, 0xb5, 0xb5,
	0xb6, 0x10, 0xb7, 0x11, 0xb9, 0xb9, 0x13, 0x14, 0x15, 0x16, 0x42, 0x42, 0x43, 0x44, 0x44, 0x45, 0x46, 0x46, 0x47, 0x47, 0x48, 0x48, 0x49, 0x4a, 0x4b, 0x4b, 0x58, 0x58, 0x58, 0x59, 0x5a, 0x5a, 0x5b, 0x5c, 0x5c, 0x5d, 0x5e, 0x5f, 0x5f, 0x40,
	0x40, 0x41, 0x58, 0x58, 0x59, 0x06, 0x07, 0x08, 0x08, 0x09, 0x09, 0x0a, 0x0a, 0x0b, 0x0c, 0x0c, 0x0d, 0x0e, 0x0e, 0x70, 0x71, 0x72, 0x72, 0x73, 0x73, 0x74, 0x74, 0x74, 0x76, 0x76, 0x78, 0x78, 0x79, 0x79, 0x58, 0x58, 0x06, 0xab, 0xab, 0xac,
	0x2b, 0x2c, 0x2d, 0x2e, 0x2e, 0x2f, 0x30, 0x30, 0x30, 0x32, 0xb0, 0x6c, 0x6d, 0x6e, 0x6e, 0x6f, 0x6f, 0x70, 0x71, 0x71, 0x72, 0x73, 0x75, 0x75, 0x77, 0x9c, 0x58, 0x58, 0x58, 0x06, 0x59, 0x07, 0x07, 0x07, 0x08, 0x08, 0x08, 0x09, 0x09, 0x0a,
	0x0a, 0x0b, 0x0b, 0x0c, 0x0c, 0x0d, 0x0d, 0x0e, 0x0f, 0x0f, 0x10, 0x11, 0x12, 0x12, 0x13, 0x13, 0x15, 0x16, 0xad, 0xae, 0xaf, 0xb0, 0xb1, 0x31, 0x31, 0x32, 0x33, 0x34, 0x35, 0x36, 0x37, 0x38, 0xba, 0xbb, 0x32, 0x33, 0x34, 0x34, 0x36, 0x36,
	0x37, 0x38, 0x39, 0x39, 0x3a, 0xbb, 0x3c, 0x3c, 0x17, 0x18, 0x5a, 0x5a, 0x5a, 0x5a, 0x5b, 0x5c, 0x5c, 0x09, 0xe9, 0xe9, 0xe9, 0xe9, 0x30, 0x30, 0x30, 0x32, 0x6a, 0x71, 0x9d, 0xe6, 0xe9, 0xff, 0x2b, 0xec, 0xed, 0x5b, 0xfa, 0xfb, 0x59, 0x5a,
	0xfe, 0xff, 0x58, 0x58, 0x59, 0x07, 0x08, 0x08, 0x09, 0x0a, 0x0a, 0x0b, 0x0c, 0x0c, 0x0d, 0x0e, 0x0e, 0x0f, 0x0f, 0x10, 0x11, 0x12, 0x12, 0x13, 0x13, 0x14, 0x14, 0x15, 0x16, 0x17, 0x18, 0x18, 0x19, 0x1a, 0x58, 0x58, 0x06, 0x06, 0x07, 0x07,
	0xad, 0x08, 0x08, 0x09, 0xb0, 0xb0, 0xb1, 0xb1, 0xb2, 0xb2, 0xb3, 0xb3, 0xb4, 0xb5, 0xb5, 0xb6, 0xb6, 0xb7, 0xb8, 0xb8, 0x12, 0x13, 0x14, 0x15, 0x15, 0x16, 0x42, 0x43, 0x43, 0x44, 0x45, 0x45, 0x46, 0x46, 0x47, 0x48, 0x48, 0x49, 0x4a, 0x4a,
	0x4b, 0x4c, 0x58, 0x58, 0x59, 0x59, 0x5a, 0x5b, 0x5c, 0x5c, 0x5d, 0x5e, 0x5e, 0x5f, 0x5f, 0x40, 0x40, 0x41, 0x58, 0x58, 0x59, 0x07, 0x07, 0x08, 0x08, 0x09, 0x0a, 0x0a, 0x0b, 0x0c, 0x0c, 0x0c, 0x0d, 0x0e, 0x0e, 0x0f, 0x10, 0x72, 0x73, 0x73,
	0x74, 0x74, 0x75, 0x76, 0x76, 0x77, 0x78, 0x79, 0x79, 0x79, 0x58, 0x06, 0x06, 0xab, 0xab, 0xad, 0x2c, 0x2c, 0x2d, 0x2e, 0x2f, 0x2f, 0x30, 0x30, 0x31, 0x32, 0xb1, 0x6c, 0x6d, 0x6e, 0x6f, 0x6f, 0x70, 0x71, 0x71, 0x72, 0x73, 0x73, 0x75, 0x76,
	0x77, 0x9c, 0x58, 0x58, 0x59, 0x59, 0x06, 0x07, 0x07, 0x08, 0x08, 0x08, 0x09, 0x09, 0x0a, 0x0a, 0x0a, 0x0b, 0x0c, 0x0c, 0x0c, 0x0d, 0x0e, 0x0e, 0x0f, 0x10, 0x10, 0x11, 0x12, 0x13, 0x13, 0x14, 0x15, 0x16, 0xad, 0xae, 0xaf, 0xb0, 0x30, 0x31,
	0x32, 0x32, 0x33, 0x34, 0x35, 0x36, 0x37, 0xb9, 0xba, 0xbb, 0x32, 0x33, 0x34, 0x35, 0x36, 0x37, 0x37, 0x38, 0x39, 0x3a, 0x3a, 0x3c, 0x3c, 0x3d, 0x18, 0x18, 0x5a, 0x5a, 0x5a, 0x5b, 0x5c, 0x5c, 0x5e, 0x0a, 0xe9, 0x0b, 0x30, 0xea, 0x30, 0x30,
	0x31, 0x32, 0x6a, 0x72, 0x9d, 0xae, 0xe9, 0xff, 0x2b, 0xec, 0xed, 0x69, 0xfa, 0xfb, 0x5a, 0x5a, 0x5d, 0xff, 0x58, 0x59, 0x5a, 0x5b, 0x08, 0x08, 0x09, 0x0a, 0x0a, 0x0b, 0x0c, 0x0c, 0x0d, 0x0e, 0x0e, 0x0f, 0x10, 0x11, 0x11, 0x12, 0x13, 0x13,
	0x14, 0x14, 0x15, 0x16, 0x16, 0x17, 0x18, 0x19, 0x19, 0x1a, 0x58, 0x59, 0x59, 0x07, 0x07, 0x07, 0x08, 0x08, 0x08, 0x09, 0x09, 0xb0, 0xb1, 0xb1, 0xb2, 0xb2, 0xb3, 0xb4, 0xb4, 0xb5, 0xb6, 0xb6, 0xb6, 0xb7, 0x11, 0x12, 0x13, 0x13, 0x14, 0x15,
	0x16, 0x17, 0x42, 0x43, 0x44, 0x44, 0x45, 0x46, 0x46, 0x47, 0x47, 0x48, 0x48, 0x49, 0x4a, 0x4b, 0x4b, 0x4c, 0x58, 0x59, 0x59, 0x5a, 0x5b, 0x5b, 0x5c, 0x5d, 0x5d, 0x5e, 0x5f, 0x5f, 0x40, 0x40, 0x41, 0x42, 0x58, 0x59, 0x59, 0x07, 0x08, 0x08,
	0x08, 0x09, 0x0a, 0x0a, 0x0b, 0x0c, 0x0c, 0x0d, 0x0d, 0x0e, 0x0f, 0x0f, 0x10, 0x72, 0x73, 0x73, 0x74, 0x74, 0x75, 0x76, 0x77, 0x78, 0x78, 0x79, 0x79, 0x7b, 0x58, 0x06, 0x06, 0xab, 0xac, 0xad, 0xae, 0x2d, 0x2e, 0x2e, 0x2f, 0x2f, 0x30, 0x30,
	0x31, 0x32, 0xb1, 0x6d, 0x6d, 0x6e, 0x6f, 0x6f, 0x70, 0x71, 0x71, 0x72, 0x73, 0x75, 0x75, 0x76, 0x77, 0x9c, 0x58, 0x59, 0x59, 0x06, 0x5a, 0x07, 0x5b, 0x08, 0x08, 0x09, 0x09, 0x09, 0x0a, 0x0a, 0x0b, 0x0b, 0x0c, 0x0c, 0x0d, 0x0d, 0x0e, 0x0f,
	0x0f, 0x10, 0x11, 0x11, 0x12, 0x13, 0x13, 0x15, 0x15, 0x16, 0xad, 0xaf, 0xb0, 0xb1, 0xb1, 0x31, 0x32, 0x33, 0x34, 0x35, 0x36, 0x37, 0x37, 0xb9, 0xba, 0xbb, 0x33, 0x33, 0x34, 0x35, 0x36, 0x37, 0x37, 0x39, 0x39, 0x3a, 0x3b, 0x3c, 0x3d, 0x3d,
	0x18, 0x19, 0x5a, 0x5a, 0x5b, 0x5c, 0x5c, 0x5c, 0x5e, 0x0a, 0xe9, 0x0b, 0x30, 0xea, 0x30, 0x31, 0x32, 0x32, 0x6b, 0x72, 0x9d, 0xae, 0xe9, 0xff, 0x2b, 0xec, 0xed, 0x69, 0xfa, 0xfb, 0x5a, 0x5a, 0xfe, 0xff, 0x59, 0x59, 0x5a, 0x5b, 0x08, 0x09,
	0x0a, 0x0a, 0x0b, 0x0c, 0x0c, 0x0d, 0x0e, 0x0e, 0x0f, 0x10, 0x11, 0x11, 0x12, 0x13, 0x13, 0x13, 0x14, 0x15, 0x15, 0x16, 0x17, 0x18, 0x18, 0x19, 0x1a, 0x1a, 0x59, 0x59, 0x06, 0x07, 0x07, 0x08, 0x08, 0x09, 0x09, 0x09, 0xb0, 0xb1, 0xb1, 0xb2,
	0xb2, 0xb3, 0xb3, 0xb4, 0xb5, 0xb5, 0xb6, 0xb6, 0xb7, 0xb8, 0xb9, 0x12, 0x13, 0xba, 0x15, 0x16, 0x16, 0x18, 0x43, 0x43, 0x44, 0x45, 0x45, 0x46, 0x47, 0x47, 0x48, 0x48, 0x49, 0x4a, 0x4b, 0x4b, 0x4c, 0x4d, 0x59, 0x59, 0x5a, 0x5a, 0x5b, 0x5c,
	0x5d, 0x5d, 0x5e, 0x5f, 0x5f, 0x40, 0x40, 0x41, 0x41, 0x42, 0x59, 0x59, 0x07, 0x07, 0x08, 0x08, 0x09, 0x0a, 0x0a, 0x0b, 0x0c, 0x0c, 0x0c, 0x0d, 0x0e, 0x0f, 0x0f, 0x10, 0x72, 0x73, 0x74, 0x74, 0x74, 0x76, 0x76, 0x77, 0x78, 0x78, 0x79, 0x79,
	0x7b, 0x7b, 0x59, 0x06, 0x07, 0x07, 0xad, 0xae, 0xae, 0x2d, 0x2e, 0x2f, 0x30, 0x30, 0x30, 0x31, 0x32, 0x32, 0x0b, 0x6d, 0x6e, 0x6e, 0x6f, 0x70, 0x70, 0x71, 0x72, 0x73, 0x75, 0x75, 0x76, 0x76, 0x78, 0x78, 0x59, 0x59, 0x59, 0x07, 0x07, 0x5b,
	0x08, 0x08, 0x08, 0x09, 0x09, 0x0a, 0x0a, 0x0a, 0x0b, 0x0c, 0x0c, 0x0d, 0x0d, 0x0e, 0x0e, 0x0f, 0x10, 0x11, 0x11, 0x12, 0x13, 0x14, 0x14, 0x15, 0x16, 0x17, 0x08, 0xaf, 0xb0, 0xb1, 0xb2, 0x31, 0x33, 0x33, 0x34, 0x35, 0x36, 0x37, 0x38, 0xba,
	0xbb, 0xbc, 0x33, 0x34, 0x35, 0x36, 0x36, 0x37, 0x38, 0x39, 0x3a, 0x3a, 0x3c, 0x3c, 0x3d, 0x3d, 0x19, 0x19, 0x5b, 0x5b, 0x5b, 0x5c, 0x5c, 0x5e, 0x0a, 0x0a, 0x0b, 0x0b, 0x0b, 0xea, 0x31, 0x32, 0x32, 0x32, 0x6b, 0x73, 0x7a, 0xae, 0xe9, 0xff,
	0x2b, 0xec, 0xed, 0x6a, 0xfa, 0xfb, 0x5a, 0x5c, 0x5e, 0xff, 0x59, 0x5a, 0x5b, 0x5c, 0x08, 0x09, 0x0a, 0x0a, 0x0b, 0x0c, 0x0c, 0x0d, 0x0e, 0x0e, 0x0f, 0x11, 0x11, 0x12, 0x12, 0x13, 0x14, 0x14, 0x14, 0x15, 0x16, 0x17, 0x18, 0x18, 0x19, 0x19,
	0x1a, 0x1c, 0x59, 0x59, 0x07, 0x07, 0x08, 0x08, 0x08, 0x09, 0x09, 0xb0, 0x0a, 0xb1, 0xb2, 0xb2, 0xb2, 0xb3, 0xb4, 0xb4, 0xb5, 0xb6, 0xb6, 0xb7, 0xb7, 0xb8, 0x12, 0x13, 0x14, 0x14, 0x15, 0x16, 0x17, 0x18, 0x43, 0x43, 0x45, 0x45, 0x46, 0x46,
	0x47, 0x47, 0x48, 0x49, 0x49, 0x4a, 0x4b, 0x4c, 0x4c, 0x4d, 0x59, 0x5a, 0x5a, 0x5b, 0x5b, 0x5c, 0x5d, 0x5e, 0x5e, 0x5f, 0x5f, 0x40, 0x40, 0x41, 0x41, 0x42, 0x59, 0x5a, 0x07, 0x07, 0x08, 0x09, 0x09, 0x0a, 0x0b, 0x0b, 0x0c, 0x0c, 0x0d, 0x0d,
	0x0e, 0x0f, 0x10, 0x72, 0x73, 0x73, 0x74, 0x74, 0x74, 0x76, 0x77, 0x77, 0x78, 0x78, 0x79, 0x79, 0x7b, 0x7c, 0x59, 0x06, 0x07, 0x07, 0xad, 0xae, 0xaf, 0xaf, 0x2e, 0x2f, 0x30, 0x30, 0x31, 0x32, 0x32, 0x33, 0xb2, 0x6d, 0x6e, 0x6f, 0x6f, 0x70,
	0x71, 0x71, 0x72, 0x73, 0x75, 0x75, 0x76, 0x77, 0x78, 0xda, 0x59, 0x59, 0x07, 0x07, 0x5b, 0x08, 0x08, 0x08, 0x09, 0x09, 0x0a, 0x0a, 0x0a, 0x0b, 0x0b, 0x0c, 0x0c, 0x0d, 0x0e, 0x0e, 0x0f, 0x0f, 0x10, 0x11, 0x12, 0x12, 0x13, 0x14, 0x15, 0x15,
	0x16, 0x17, 0x08, 0xb0, 0xb0, 0xb1, 0xb2, 0x32, 0x33, 0x33, 0x34, 0x35, 0x36, 0x37, 0x38, 0xba, 0xbb, 0xbd, 0x34, 0x34, 0x35, 0x36, 0x37, 0x38, 0x39, 0x39, 0x3a, 0x3a, 0x3c, 0x3d, 0x3d, 0x3d, 0x19, 0x1a, 0x5c, 0x5b, 0x5c, 0x5c, 0x5c, 0x5e,
	0x0a, 0x0a, 0x0b, 0x0b, 0x0b, 0x30, 0x32, 0x32, 0x32, 0x33, 0x6c, 0x73, 0x9e, 0xae, 0xe9, 0xff, 0x2c, 0xec, 0xd0, 0x6a, 0xfa, 0xfb, 0x5a, 0x5c, 0x5e, 0xff, 0x59, 0x07, 0x07, 0x08, 0x08, 0x09, 0x0a, 0x0a, 0x0c, 0x0c, 0x0c, 0x0d, 0x0e, 0x0f,
	0x0f, 0x11, 0x11, 0x12, 0x12, 0x13, 0x14, 0x14, 0x15, 0x15, 0x16, 0x17, 0x18, 0x18, 0x19, 0x1a, 0x1a, 0x1c, 0x59, 0x07, 0x07, 0x07, 0x08, 0x08, 0x08, 0x09, 0x09, 0x0a, 0x0a, 0xb1, 0x0b, 0xb2, 0xb3, 0xb3, 0xb4, 0xb5, 0xb5, 0xb6, 0xb6, 0xb7,
	0xb7, 0xb8, 0xb9, 0x13, 0x14, 0x15, 0x16, 0x16, 0x17, 0x18, 0x43, 0x44, 0x45, 0x45, 0x46, 0x47, 0x47, 0x48, 0x49, 0x49, 0x4a, 0x4a, 0x4b, 0x4c, 0x4c, 0x4d, 0x59, 0x07, 0x5b, 0x5b, 0x5c, 0x5c, 0x5d, 0x5e, 0x5f, 0x5f, 0x40, 0x40, 0x41, 0x41,
	0x42, 0x43, 0x59, 0x07, 0x07, 0x08, 0x08, 0x09, 0x09, 0x0a, 0x0b, 0x0c, 0x0c, 0x0c, 0x0d, 0x0e, 0x0e, 0x0f, 0x10, 0x11, 0x73, 0x74, 0x74, 0x74, 0x76, 0x76, 0x77, 0x78, 0x78, 0x79, 0x79, 0x79, 0x7b, 0x7c, 0x59, 0x07, 0x07, 0xad, 0xae, 0xae,
	0xaf, 0x2e, 0x2f, 0x2f, 0x30, 0x30, 0x31, 0x32, 0x32, 0xd2, 0xb2, 0x6e, 0x6e, 0x6f, 0x6f, 0x70, 0x71, 0x72, 0x72, 0x73, 0x75, 0x76, 0x76, 0x77, 0x78, 0xda, 0x59, 0x07, 0x07, 0x07, 0x5b, 0x08, 0x08, 0x09, 0x09, 0x0a, 0x0a, 0x0a, 0x0b, 0x0b,
	0x0c, 0x0c, 0x0c, 0x0d, 0x0e, 0x0e, 0x0f, 0x10, 0x10, 0x11, 0x12, 0x12, 0x14, 0x14, 0x15, 0x16, 0x17, 0x17, 0xaf, 0xb0, 0xb1, 0xb2, 0xb2, 0x32, 0x33, 0x34, 0x35, 0x36, 0x37, 0x37, 0x38, 0xba, 0xbb, 0xbd, 0x34, 0x34, 0x35, 0x36, 0x37, 0x38,
	0x39, 0x3a, 0x3a, 0x3b, 0x3c, 0x3d, 0x3d, 0x3d, 0x19, 0x1a, 0x5c, 0x5b, 0x5c, 0x5c, 0x5d, 0x5e, 0x0a, 0x0a, 0x0b, 0x0b, 0xb2, 0x30, 0x32, 0x32, 0x32, 0xd2, 0x6c, 0x73, 0x9e, 0xae, 0xe9, 0xff, 0x2d, 0xec, 0xd0, 0x6a, 0xfa, 0xfb, 0x5a, 0x5c,
	0x5e, 0xff, 0x07, 0x5b, 0x5b, 0x08, 0x09, 0x0a, 0x0a, 0x0b, 0x0c, 0x0c, 0x0d, 0x0e, 0x0e, 0x0f, 0x10, 0x11, 0x11, 0x12, 0x13, 0x13, 0x14, 0x14, 0x15, 0x16, 0x16, 0x18, 0x18, 0x19, 0x19, 0x1a, 0x1b, 0x1c, 0x07, 0x07, 0x07, 0x08, 0x08, 0x08,
	0x09, 0x09, 0x0a, 0x0a, 0xb1, 0xb2, 0xb2, 0xb3, 0xb3, 0xb4, 0xb4, 0xb5, 0xb6, 0xb6, 0xb6, 0xb7, 0xb8, 0xb9, 0xb9, 0xba, 0x14, 0xbb, 0x16, 0x16, 0x18, 0x19, 0x44, 0x44, 0x45, 0x46, 0x46, 0x47, 0x47, 0x48, 0x49, 0x4a, 0x4a, 0x4b, 0x4b, 0x4c,
	0x4d, 0x4d, 0x07, 0x5b, 0x5b, 0x5b, 0x5c, 0x5d, 0x5d, 0x5f, 0x5f, 0x40, 0x40, 0x41, 0x41, 0x42, 0x42, 0x43, 0x07, 0x5b, 0x07, 0x08, 0x08, 0x09, 0x0a, 0x0a, 0x0b, 0x0c, 0x0c, 0x0d, 0x0e, 0x0e, 0x0e, 0x0f, 0x10, 0x73, 0x73, 0x74, 0x74, 0x75,
	0x76, 0x77, 0x77, 0x78, 0x79, 0x79, 0x79, 0x7b, 0x7b, 0x7c, 0x07, 0x07, 0x07, 0xad, 0xae, 0xaf, 0xaf, 0x2e, 0x2f, 0x30, 0x30, 0x31, 0x32, 0x32, 0x33, 0x33, 0xb2, 0x6e, 0x6e, 0x6f, 0x70, 0x70, 0x71, 0x72, 0x73, 0x75, 0x75, 0x76, 0x77, 0x77,
	0x78, 0xdb, 0x07, 0x07, 0x07, 0x07, 0x08, 0x08, 0x08, 0x09, 0x09, 0x0a, 0x0a, 0x0a, 0x0b, 0x0b, 0x0c, 0x0c, 0x0d, 0x0d, 0x0e, 0x0e, 0x0f, 0x10, 0x11, 0x11, 0x12, 0x13, 0x14, 0x15, 0x15, 0x16, 0x17, 0x18, 0x09, 0xb0, 0xb1, 0xb2, 0x32, 0x33,
	0x33, 0x34, 0x35, 0x36, 0x37, 0x38, 0x39, 0xbb, 0xbc, 0xbd, 0x34, 0x34, 0x35, 0x36, 0x37, 0x38, 0x39, 0x3a, 0x3b, 0x3c, 0x3c, 0x3d, 0x3e, 0x3e, 0x3e, 0x1a, 0x5c, 0x5c, 0x5c, 0x5c, 0x5e, 0x5f, 0x0a, 0x0b, 0x0b, 0x0b, 0x32, 0x30, 0x32, 0x32,
	0x33, 0x33, 0x6c, 0x73, 0x9e, 0xae, 0xea, 0xff, 0x2d, 0xec, 0xd0, 0x6a, 0xfa, 0xfb, 0x5b, 0x5d, 0x5e, 0xff, 0x5b, 0x5b, 0x08, 0x08, 0x09, 0x0a, 0x0b, 0x0b, 0x0c, 0x0c, 0x0d, 0x0e, 0x0f, 0x0f, 0x11, 0x12, 0x12, 0x13, 0x13, 0x14, 0x14, 0x15,
	0x16, 0x16, 0x18, 0x18, 0x19, 0x19, 0x1a, 0x1a, 0x1c, 0x1c, 0x5b, 0x5b, 0x07, 0x08, 0x08, 0x08, 0x09, 0x0a, 0x0a, 0xb1, 0x0b, 0xb2, 0xb3, 0xb3, 0xb3, 0xb4, 0xb5, 0xb5, 0xb6, 0xb6, 0xb7, 0xb8, 0xb8, 0xb9, 0x13, 0x14, 0x15, 0x16, 0x16, 0x18,
	0x18, 0x19, 0x44, 0x45, 0x45, 0x46, 0x46, 0x47, 0x48, 0x48, 0x49, 0x4a, 0x4b, 0x4b, 0x4c, 0x4d, 0x4d, 0x4e, 0x5b, 0x5b, 0x5b, 0x5c, 0x5d, 0x5d, 0x5e, 0x5f, 0x5f, 0x40, 0x40, 0x41, 0x42, 0x42, 0x42, 0x43, 0x5b, 0x5b, 0x08, 0x08, 0x09, 0x0a,
	0x0a, 0x0b, 0x0c, 0x0c, 0x0c, 0x0d, 0x0e, 0x0e, 0x0f, 0x10, 0x11, 0x73, 0x74, 0x74, 0x76, 0x76, 0x77, 0x77, 0x78, 0x78, 0x79, 0x79, 0x7b, 0x7b, 0x7c, 0x7d, 0x5b, 0x07, 0x08, 0x08, 0xae, 0xaf, 0xb0, 0xb0, 0x30, 0x30, 0x30, 0x31, 0x32, 0x32,
	0x33, 0x34, 0xb3, 0x6e, 0x6f, 0x70, 0x70, 0x71, 0x71, 0x72, 0x73, 0x75, 0x76, 0x77, 0x77, 0x78, 0xdb, 0xdb, 0x5b, 0x5b, 0x07, 0x08, 0x08, 0x08, 0x09, 0x09, 0x0a, 0x0a, 0x0a, 0x0b, 0x0b, 0x0c, 0x0c, 0x0d, 0x0d, 0x0e, 0x0e, 0x0f, 0x10, 0x11,
	0x11, 0x12, 0x13, 0x13, 0x14, 0x15, 0x16, 0x17, 0x18, 0x18, 0x09, 0xb1, 0xb1, 0xb2, 0xb3, 0x33, 0x34, 0x34, 0x35, 0x36, 0x37, 0x38, 0x39, 0xbb, 0xbc, 0xbe, 0x34, 0x35, 0x36, 0x37, 0x38, 0x39, 0x39, 0x3a, 0x3b, 0x3c, 0x3d, 0x3d, 0x3e, 0x3e,
	0x1a, 0x3f, 0x5d, 0x5c, 0x5d, 0x5d, 0x5e, 0x5f, 0x0a, 0x0b, 0x0b, 0x0c, 0x32, 0x32, 0x32, 0x33, 0x33, 0x34, 0x6d, 0x74, 0x9e, 0x09, 0xea, 0xff, 0x2e, 0xec, 0xd0, 0x6a, 0xfa, 0xfb, 0x5c, 0x5e, 0x5f, 0xff, 0x5b, 0x5b, 0x08, 0x09, 0x0a, 0x0a,
	0x0b, 0x0c, 0x0c, 0x0d, 0x0e, 0x0e, 0x0f, 0x10, 0x11, 0x12, 0x12, 0x13, 0x14, 0x14, 0x15, 0x15, 0x16, 0x17, 0x18, 0x19, 0x19, 0x19, 0x1a, 0x1b, 0x1c, 0x1d, 0x5b, 0x07, 0x08, 0x08, 0x08, 0x09, 0x09, 0x0a, 0x0a, 0x0b, 0x0b, 0xb2, 0xb3, 0xb3,
	0xb4, 0xb4, 0xb5, 0xb6, 0xb6, 0xb7, 0xb8, 0xb8, 0xb9, 0x13, 0xba, 0x14, 0x16, 0x16, 0x17, 0x18, 0x19, 0x19, 0x45, 0x45, 0x46, 0x46, 0x47, 0x47, 0x48, 0x49, 0x4a, 0x4a, 0x4b, 0x4b, 0x4c, 0x4d, 0x4e, 0x4e, 0x5b, 0x5b, 0x5c, 0x5c, 0x5d, 0x5e,
	0x5e, 0x5f, 0x40, 0x40, 0x41, 0x41, 0x42, 0x42, 0x43, 0x44, 0x5b, 0x5b, 0x08, 0x08, 0x09, 0x0a, 0x0a, 0x0b, 0x0c, 0x0c, 0x0d, 0x0e, 0x0e, 0x0f, 0x0f, 0x10, 0x11, 0x12, 0x74, 0x14, 0x76, 0x76, 0x77, 0x78, 0x78, 0x79, 0x79, 0x7b, 0x7b, 0x7c,
	0x7c, 0x7d, 0x5b, 0x08, 0x08, 0xae, 0xaf, 0xaf, 0xb0, 0xb1, 0x30, 0x30, 0x31, 0x32, 0x32, 0x33, 0x34, 0xd3, 0xb3, 0x6e, 0x6f, 0x70, 0x70, 0x71, 0x72, 0x73, 0x73, 0x75, 0x76, 0x77, 0x78, 0x78, 0xdb, 0xdb, 0x5b, 0x07, 0x08, 0x08, 0x08, 0x09,
	0x09, 0x0a, 0x0a, 0x0a, 0x0b, 0x0b, 0x0c, 0x0c, 0x0c, 0x0d, 0x0e, 0x0e, 0x0e, 0x0f, 0x10, 0x11, 0x12, 0x12, 0x13, 0x14, 0x15, 0x15, 0x16, 0x17, 0x18, 0x19, 0x09, 0xb1, 0xb2, 0xb2, 0xb3, 0x33, 0x34, 0x35, 0x36, 0x37, 0x37, 0x39, 0xba, 0xbb,
	0xbc, 0xbe, 0xca, 0x35, 0x36, 0xcc, 0x39, 0x39, 0x3a, 0x3b, 0x3b, 0x3c, 0x3d, 0x3d, 0x3e, 0x3f, 0x3f, 0x3f, 0x5d, 0x5d, 0x5d, 0x5e, 0x5e, 0x5f, 0x0b, 0x0b, 0x0c, 0x0d, 0xb4, 0x32, 0x33, 0x33, 0x34, 0xd3, 0x6d, 0x75, 0x9f, 0x09, 0xea, 0xff,
	0x2e, 0xed, 0xd1, 0x6b, 0xfa, 0xfb, 0x5c, 0x5e, 0x5f, 0xff, 0x5b, 0x5c, 0x08, 0x09, 0x0a, 0x0a, 0x0b, 0x0c, 0x0c, 0x0d, 0x0e, 0x0e, 0x0f, 0x11, 0x11, 0x12, 0x13, 0x13, 0x14, 0x15, 0x15, 0x16, 0x16, 0x18, 0x18, 0x19, 0x1a, 0x1a, 0x1a, 0x1c,
	0x1c, 0x1d, 0x5b, 0x08, 0x08, 0x08, 0x09, 0x09, 0x0a, 0x0a, 0x0b, 0x0b, 0xb2, 0xb3, 0xb3, 0xb3, 0xb4, 0xb5, 0xb5, 0xb6, 0xb6, 0xb7, 0xb8, 0xb8, 0xb9, 0xba, 0x14, 0x15, 0x16, 0x17, 0x17, 0x18, 0x19, 0x1a, 0x45, 0x45, 0x46, 0x47, 0x47, 0x48,
	0x48, 0x49, 0x4a, 0x4b, 0x4b, 0x4c, 0x4d, 0x4d, 0x4e, 0x4f, 0x5b, 0x5c, 0x5c, 0x5d, 0x5e, 0x5e, 0x5f, 0x40, 0x40, 0x41, 0x41, 0x42, 0x42, 0x43, 0x43, 0x44, 0x5b, 0x5c, 0x08, 0x09, 0x0a, 0x0a, 0x0b, 0x0c, 0x0c, 0x0c, 0x0d, 0x0e, 0x0e, 0x0f,
	0x10, 0x11, 0x11, 0x74, 0x13, 0x76, 0x14, 0x77, 0x77, 0x78, 0x79, 0x79, 0x7b, 0x7b, 0x7b, 0x7c, 0x7d, 0x7d, 0x5b, 0x08, 0x08, 0x08, 0x09, 0xb0, 0xb0, 0xb1, 0x30, 0x31, 0x32, 0x32, 0x33, 0x33, 0x34, 0xca, 0xb3, 0x6f, 0x6f, 0x70, 0x71, 0x71,
	0x72, 0x73, 0x75, 0x76, 0x77, 0x77, 0x78, 0x78, 0xdb, 0xdb, 0x5b, 0x08, 0x08, 0x08, 0x08, 0x09, 0x0a, 0x0a, 0x0a, 0x0b, 0x0b, 0x0b, 0x0c, 0x0c, 0x0d, 0x0d, 0x0e, 0x0e, 0x0f, 0x0f, 0x11, 0x11, 0x12, 0x13, 0x13, 0x14, 0x15, 0x16, 0x17, 0x17,
	0x18, 0x19, 0x0a, 0xb1, 0xb2, 0xb3, 0xb4, 0x34, 0x35, 0x35, 0x36, 0x37, 0x38, 0x39, 0xba, 0xbc, 0xbd, 0xbe, 0xca, 0x36, 0xcc, 0xcc, 0x39, 0x39, 0xcd, 0x3b, 0x3c, 0x3d, 0x3d, 0x3e, 0x3e, 0x3f, 0x3f, 0x1c, 0x5e, 0x5d, 0x5e, 0x5e, 0x5f, 0x40,
	0x0b, 0x0b, 0x0c, 0x0d, 0xb4, 0x32, 0x34, 0x34, 0x34, 0xca, 0x6d, 0x75, 0x9f, 0x0a, 0xea, 0xff, 0x2e, 0xec, 0xd1, 0x6c, 0xfa, 0xfb, 0x5c, 0x5e, 0x5f, 0xff, 0x5c, 0x08, 0x08, 0x09, 0x0a, 0x0b, 0x0c, 0x0c, 0x0d, 0x0e, 0x0e, 0x0f, 0x10, 0x11,
	0x12, 0x13, 0x13, 0x14, 0x14, 0x15, 0x16, 0x16, 0x18, 0x18, 0x19, 0x19, 0x1a, 0x1a, 0x1b, 0x1c, 0x1d, 0x1e, 0x5c, 0x08, 0x08, 0x09, 0x09, 0x09, 0x0a, 0x0a, 0x0b, 0x0b, 0x0c, 0xb3, 0xb3, 0xb4, 0xb4, 0xb5, 0xb6, 0xb6, 0xb7, 0xb8, 0xb8, 0xb9,
	0xb9, 0xba, 0xbb, 0x16, 0x16, 0x17, 0x18, 0x19, 0x19, 0x1a, 0x45, 0x46, 0x46, 0x47, 0x47, 0x48, 0x49, 0x49, 0x4a, 0x4b, 0x4b, 0x4c, 0x4d, 0x4e, 0x4e, 0x4f, 0x5c, 0x08, 0x5c, 0x5d, 0x5e, 0x5f, 0x5f, 0x40, 0x40, 0x41, 0x41, 0x42, 0x43, 0x43,
	0x44, 0x45, 0x5c, 0x08, 0x08, 0x09, 0x0a, 0x0a, 0x0b, 0x0c, 0x0c, 0x0d, 0x0d, 0x0e, 0x0f, 0x0f, 0x10, 0x11, 0x12, 0x13, 0x14, 0x14, 0x77, 0x14, 0x78, 0x79, 0x79, 0x7b, 0x7b, 0x7b, 0x7c, 0x7d, 0x7d, 0x7e, 0x5c, 0x08, 0x08, 0x09, 0x09, 0xb0,
	0xb1, 0xb1, 0x31, 0x32, 0x32, 0x32, 0x33, 0x34, 0x34, 0xca, 0xb3, 0x6f, 0x70, 0x70, 0x71, 0x72, 0x72, 0x74, 0x75, 0x76, 0x77, 0x77, 0x78, 0xda, 0xdb, 0xdb, 0x5c, 0x08, 0x08, 0x08, 0x09, 0x09, 0x0a, 0x0a, 0x0a, 0x0b, 0x0b, 0x0c, 0x0c, 0x0c,
	0x0d, 0x0e, 0x0e, 0x0e, 0x0f, 0x10, 0x11, 0x12, 0x12, 0x13, 0x14, 0x15, 0x15, 0x16, 0x17, 0x18, 0x19, 0x19, 0x0a, 0x0b, 0xb2, 0xb3, 0xb4, 0x34, 0x35, 0x36, 0x36, 0x37, 0x38, 0x39, 0x3a, 0xbc, 0xbd, 0xbe, 0xcb, 0xcb, 0xcc, 0xcc, 0x39, 0xcd,
	0x3b, 0x3c, 0x3c, 0x3d, 0x3e, 0x3e, 0x3f, 0x3f, 0x3f, 0x1c, 0x5e, 0x5e, 0x5e, 0x5e, 0x5f, 0x40, 0x0b, 0x0c, 0x0d, 0x0d, 0xb4, 0x32, 0x34, 0x34, 0x34, 0xca, 0x6e, 0x76, 0x9f, 0x0a, 0xea, 0xff, 0x2e, 0x30, 0xd1, 0x41, 0xfa, 0xfb, 0x5d, 0x5f,
	0x5f, 0xff, 0xa0, 0xa0, 0x61, 0x62, 0xa4, 0x03, 0x04, 0x04, 0xa9, 0x06, 0x07, 0x07, 0x08, 0x09, 0x09, 0x0a, 0x0a, 0x0b, 0x0b, 0x0c, 0x0c, 0x0d, 0x0d, 0x0e, 0x0e, 0x0f, 0x0f, 0x10, 0x10, 0x11, 0x12, 0x13, 0xa0, 0xa0, 0xa0, 0x22, 0x23, 0x23,
	0x24, 0x25, 0x25, 0x26, 0x26, 0x27, 0x28, 0x29, 0x29, 0x2a, 0x2b, 0x2c, 0x2c, 0x2d, 0x2e, 0xb0, 0xb1, 0xb1, 0xb2, 0xb2, 0xb3, 0xb4, 0xb4, 0xb5, 0xb6, 0xb6, 0x5b, 0x5b, 0x5c, 0x5d, 0x5e, 0x5f, 0x5f, 0x40, 0x41, 0x42, 0x42, 0x43, 0x44, 0x44,
	0x45, 0x46, 0xa0, 0xa0, 0x61, 0x61, 0x53, 0x53, 0x54, 0x55, 0x55, 0x56, 0x57, 0x57, 0x58, 0x58, 0x59, 0x5a, 0xa0, 0xa0, 0x61, 0x62, 0x63, 0x63, 0xa6, 0x65, 0x65, 0x66, 0x66, 0x67, 0x68, 0x68, 0x69, 0x6a, 0x6b, 0x6b, 0x6c, 0x6c, 0x6d, 0x6d,
	0x6e, 0x6e, 0x6f, 0x6f, 0x6f, 0x70, 0x70, 0x71, 0x71, 0x72, 0xa0, 0xa0, 0x81, 0x82, 0x83, 0x83, 0x84, 0x85, 0x85, 0x86, 0x87, 0x87, 0x88, 0x89, 0x89, 0x8a, 0xc1, 0xc1, 0xc2, 0xf0, 0x90, 0x91, 0x91, 0x92, 0x92, 0x93, 0x94, 0x95, 0x95, 0x96,
	0x97, 0x98, 0xa0, 0xa0, 0xa1, 0x61, 0xa2, 0xa3, 0xa4, 0x63, 0xa5, 0xa6, 0xa6, 0xa7, 0xa8, 0xa8, 0xa9, 0xaa, 0xab, 0xac, 0xad, 0xae, 0xaf, 0xb0, 0xb0, 0xb1, 0xb1, 0xb2, 0xb3, 0xb3, 0xb4, 0xb4, 0xb5, 0xb6, 0x24, 0xc0, 0xc0, 0xc1, 0xc2, 0xc2,
	0xc3, 0xc3, 0xc4, 0xc4, 0x2f, 0x30, 0x31, 0x32, 0x33, 0xb5, 0x8a, 0x8a, 0xc5, 0xc5, 0x2f, 0x30, 0x31, 0x32, 0x33, 0x34, 0x35, 0x36, 0x36, 0x72, 0xb8, 0xb8, 0x52, 0x52, 0xe1, 0xe1, 0xe2, 0xe4, 0xe4, 0xf3, 0xe6, 0xe6, 0xe6, 0xe7, 0x88, 0x89,
	0x89, 0x8a, 0x65, 0x93, 0xf1, 0x83, 0xe7, 0xf4, 0x84, 0xf6, 0xf7, 0xf9, 0xf9, 0xfa, 0xfc, 0xfc, 0xfd, 0xf4, 0xa0, 0x61, 0xa2, 0xa4, 0xa5, 0x03, 0x04, 0x05, 0xa9, 0x06, 0x07, 0xad, 0x08, 0x09, 0x09, 0x0a, 0x0a, 0x0b, 0x0c, 0x0c, 0x0c, 0x0d,
	0x0d, 0x0e, 0x0e, 0x0f, 0x0f, 0x10, 0x11, 0x11, 0x12, 0x13, 0xa0, 0xa1, 0x61, 0xa3, 0x23, 0x23, 0x24, 0x25, 0x26, 0x26, 0x27, 0x27, 0x28, 0x29, 0x29, 0x2a, 0x2b, 0x2c, 0x2c, 0x2d, 0x2e, 0xb0, 0xb1, 0xb2, 0xb2, 0xb2, 0xb3, 0xb4, 0xb4, 0xb5,
	0xb6, 0xb7, 0x5b, 0x5c, 0x5c, 0x5d, 0x5e, 0x5f, 0x40, 0x40, 0x41, 0x42, 0x42, 0x43, 0x44, 0x45, 0x45, 0x46, 0xa0, 0x61, 0x61, 0x52, 0x53, 0x53, 0x54, 0x55, 0x56, 0x56, 0x57, 0x57, 0x58, 0x59, 0x59, 0x5a, 0xa0, 0x61, 0xa2, 0xa3, 0x63, 0x03,
	0x64, 0x65, 0x65, 0x66, 0x67, 0x67, 0x68, 0x69, 0x69, 0x6a, 0x6b, 0x6b, 0x6c, 0x6d, 0x6d, 0x6d, 0x6e, 0x6e, 0x6f, 0x6f, 0x70, 0x70, 0x71, 0x71, 0x71, 0x72, 0xa0, 0x81, 0x22, 0x82, 0x83, 0x83, 0x84, 0x85, 0x85, 0x86, 0x87, 0x88, 0x88, 0x89,
	0x89, 0x8a, 0xc1, 0xc1, 0xc2, 0xf0, 0x90, 0x91, 0x91, 0x92, 0x92, 0x93, 0x94, 0x95, 0x95, 0x96, 0x97, 0x98, 0xa0, 0xa1, 0x61, 0xa2, 0xa2, 0xa3, 0xa4, 0x63, 0xa6, 0xa6, 0xa7, 0xa7, 0xa8, 0xa8, 0xa9, 0xaa, 0xab, 0xac, 0xad, 0xae, 0xaf, 0xb0,
	0xb1, 0xb1, 0x0b, 0xb2, 0xb3, 0xb3, 0xb4, 0xb5, 0xb5, 0xb6, 0x24, 0xc0, 0xc0, 0xc1, 0xc2, 0xc2, 0xc3, 0xc3, 0xc4, 0xc5, 0x2f, 0x30, 0x31, 0x32, 0x33, 0xb6, 0x8a, 0x8b, 0xc5, 0xc5, 0x30, 0x31, 0x32, 0x33, 0x33, 0x34, 0x35, 0x36, 0x71, 0x72,
	0xb8, 0x73, 0x52, 0x52, 0xe1, 0xe1, 0xe2, 0xe4, 0xe4, 0xe5, 0xe6, 0xe6, 0xe6, 0xe7, 0x88, 0x89, 0x8a, 0x8a, 0x65, 0x93, 0xf1, 0x83, 0xe7, 0xf4, 0x84, 0xf6, 0xf7, 0xf9, 0xf9, 0xfa, 0xfc, 0xfc, 0xfd, 0xf4, 0xa0, 0x61, 0x52, 0xa4, 0xa5, 0xa6,
	0x04, 0x05, 0x06, 0x06, 0x07, 0xad, 0x08, 0x09, 0x09, 0x0a, 0x0a, 0x0b, 0x0c, 0x0c, 0x0c, 0x0d, 0x0e, 0x0e, 0x0e, 0x0f, 0x10, 0x10, 0x11, 0x12, 0x12, 0x13, 0xa0, 0x61, 0x61, 0xa3, 0xa3, 0x23, 0xa5, 0x25, 0x26, 0x26, 0x27, 0x28, 0x28, 0x29,
	0x29, 0x2b, 0x2b, 0x2c, 0x2c, 0x2d, 0x2e, 0xb0, 0xb1, 0xb2, 0xb2, 0xb3, 0xb4, 0xb4, 0xb5, 0xb5, 0xb6, 0xb7, 0x5b, 0x5c, 0x5d, 0x5e, 0x5e, 0x5f, 0x40, 0x40, 0x41, 0x42, 0x42, 0x43, 0x44, 0x45, 0x45, 0x46, 0xa0, 0x61, 0x52, 0x52, 0x53, 0x54,
	0x54, 0x55, 0x56, 0x56, 0x57, 0x58, 0x58, 0x59, 0x59, 0x5b, 0xa0, 0x61, 0xa2, 0xa3, 0x63, 0x03, 0x64, 0xa7, 0x66, 0x66, 0x67, 0x68, 0x68, 0x69, 0x69, 0x6a, 0x6b, 0x6c, 0x6c, 0x6d, 0x6d, 0x6d, 0x6e, 0x6e, 0x6f, 0x6f, 0x70, 0x70, 0x71, 0x71,
	0x72, 0x72, 0xa0, 0x81, 0x22, 0x82, 0x23, 0x84, 0x84, 0x85, 0x85, 0x86, 0x87, 0x88, 0x88, 0x89, 0x8a, 0x8a, 0x28, 0x29, 0xf0, 0xf0, 0x90, 0x91, 0x91, 0x92, 0x93, 0x93, 0x94, 0x95, 0x95, 0x96, 0x97, 0x98, 0xa0, 0x61, 0xa2, 0xa2, 0x02, 0x02,
	0xa4, 0xa5, 0xa6, 0xa6, 0xa7, 0x04, 0xa8, 0xa9, 0xa9, 0xab, 0xab, 0xac, 0xae, 0xae, 0xaf, 0xb0, 0xb1, 0xb1, 0xb2, 0xb2, 0xb3, 0x0d, 0xb4, 0xb5, 0xb6, 0xb6, 0x24, 0x26, 0xc0, 0xc1, 0xc2, 0xc2, 0xc3, 0xc3, 0xc4, 0xc5, 0x2f, 0x30, 0x31, 0x33,
	0x34, 0xb6, 0x8b, 0x8b, 0xc5, 0x2f, 0x30, 0x31, 0x32, 0x33, 0x33, 0x34, 0x35, 0x71, 0xb7, 0x72, 0xb8, 0xb9, 0x53, 0xe1, 0xe1, 0xe1, 0xe2, 0xe4, 0xe4, 0xe5, 0xe6, 0xe6, 0xe7, 0xe7, 0x88, 0x89, 0x8a, 0x8a, 0x65, 0x93, 0xf1, 0xf3, 0xe7, 0xf4,
	0x84, 0xf6, 0xf7, 0xf9, 0xf9, 0xfa, 0xfc, 0xfc, 0xfd, 0xf4, 0x61, 0x61, 0x02, 0xa4, 0x03, 0xa6, 0x05, 0x05, 0x06, 0x07, 0x07, 0xad, 0x08, 0x09, 0x0a, 0x0a, 0x0b, 0x0b, 0x0c, 0x0c, 0x0d, 0x0d, 0x0e, 0x0e, 0x0f, 0x0f, 0x10, 0x10, 0x11, 0x12,
	0x12, 0x13, 0x61, 0x61, 0x22, 0xa3, 0x23, 0xa5, 0xa5, 0x25, 0x26, 0x27, 0x27, 0x28, 0x29, 0x29, 0x2a, 0x2b, 0x2b, 0x2c, 0x2d, 0x2d, 0xb0, 0xb1, 0xb1, 0xb2, 0xb2, 0xb3, 0xb4, 0xb4, 0xb5, 0xb6, 0xb6, 0xb7, 0x5b, 0x5c, 0x5d, 0x5e, 0x5f, 0x5f,
	0x40, 0x41, 0x42, 0x42, 0x43, 0x44, 0x44, 0x45, 0x46, 0x46, 0x61, 0x61, 0x52, 0x53, 0x53, 0x54, 0x55, 0x56, 0x56, 0x57, 0x57, 0x58, 0x59, 0x59, 0x5a, 0x5b, 0x61, 0x61, 0x62, 0xa4, 0x03, 0xa6, 0x64, 0x65, 0x66, 0x66, 0x67, 0x68, 0xad, 0x69,
	0x6a, 0x6a, 0x6b, 0x6c, 0x6c, 0x6d, 0x6d, 0x6e, 0x6e, 0x6f, 0x6f, 0x6f, 0x70, 0x70, 0x71, 0x72, 0x72, 0x72, 0x61, 0x22, 0x22, 0x82, 0x83, 0x84, 0x84, 0x85, 0x86, 0x86, 0x87, 0x88, 0x88, 0x89, 0x8a, 0x8a, 0x29, 0xf0, 0xf0, 0x90, 0x90, 0x91,
	0x92, 0x92, 0x93, 0x94, 0x94, 0x95, 0x95, 0x96, 0x97, 0x98, 0x61, 0x61, 0xa2, 0x62, 0x02, 0xa4, 0xa5, 0x03, 0xa6, 0x04, 0x04, 0xa8, 0x05, 0xa9, 0xaa, 0xab, 0xac, 0xad, 0xae, 0xaf, 0xb0, 0xb0, 0xb1, 0x0b, 0xb2, 0xb2, 0xb3, 0xb4, 0xb5, 0xb5,
	0xb6, 0xb6, 0x25, 0x26, 0x27, 0xc1, 0xc2, 0xc2, 0xc3, 0xc3, 0xc4, 0x2f, 0x30, 0x30, 0x32, 0x33, 0x34, 0xb6, 0x8b, 0x8b, 0xc5, 0x2f, 0x30, 0x31, 0x32, 0x33, 0x34, 0x34, 0x35, 0x36, 0xb7, 0xb8, 0xb8, 0xb9, 0xe0, 0xe1, 0xe1, 0xe2, 0xe3, 0xe4,
	0xe5, 0xe5, 0xe6, 0xe6, 0xe7, 0xe7, 0x89, 0x89, 0x8a, 0x8a, 0x66, 0x93, 0xf1, 0xf3, 0xe7, 0xf4, 0x84, 0x88, 0xf7, 0xf9, 0xf9, 0xfa, 0xe1, 0xe2, 0xfd, 0xf4, 0x61, 0x52, 0x02, 0x54, 0x03, 0x04, 0x05, 0x05, 0x06, 0x07, 0x07, 0x08, 0x08, 0x09,
	0x0a, 0x0b, 0x0b, 0x0c, 0x0c, 0x0c, 0x0d, 0x0d, 0x0e, 0x0e, 0x0f, 0x10, 0x10, 0x11, 0x11, 0x12, 0x13, 0x14, 0x61, 0xa2, 0x62, 0xa3, 0xa4, 0xa5, 0xa6, 0x26, 0x26, 0x27, 0x27, 0x28, 0x29, 0x29, 0x2a, 0x2b, 0x2c, 0x2c, 0x2d, 0xaf, 0x2f, 0xb1,
	0xb1, 0xb2, 0xb3, 0xb3, 0xb4, 0xb4, 0xb5, 0xb6, 0xb6, 0xb8, 0x5c, 0x5c, 0x5e, 0x5e, 0x5f, 0x40, 0x40, 0x41, 0x42, 0x43, 0x43, 0x44, 0x45, 0x45, 0x46, 0x47, 0x61, 0x52, 0x53, 0x53, 0x54, 0x54, 0x55, 0x56, 0x56, 0x57, 0x57, 0x58, 0x59, 0x5a,
	0x5a, 0x5b, 0x61, 0x52, 0x02, 0x63, 0x03, 0x64, 0x04, 0x65, 0x66, 0x67, 0x67, 0x68, 0x69, 0x69, 0x6a, 0x6b, 0x6b, 0x6c, 0x6d, 0x6d, 0x6e, 0x6e, 0x6f, 0x6f, 0x6f, 0x70, 0x70, 0x71, 0x71, 0x72, 0x72, 0x73, 0x61, 0x22, 0xa3, 0x23, 0x24, 0x84,
	0x85, 0x85, 0x86, 0x87, 0x87, 0x88, 0x88, 0x89, 0x8a, 0x8b, 0x29, 0xf0, 0xf0, 0x90, 0x91, 0x91, 0x92, 0x92, 0x93, 0x94, 0x95, 0x95, 0x96, 0x96, 0x98, 0x98, 0x61, 0xa2, 0x62, 0x02, 0xa4, 0x54, 0x03, 0x03, 0x04, 0x04, 0xa8, 0x05, 0xa9, 0xa9,
	0xaa, 0xab, 0x07, 0xad, 0xae, 0xaf, 0xb0, 0x0a, 0xb1, 0xb2, 0xb2, 0xb3, 0xb3, 0xb4, 0xb5, 0xb5, 0xb6, 0xb7, 0x25, 0x26, 0x27, 0xc1, 0xc2, 0xc3, 0xc3, 0xc4, 0xc4, 0xc5, 0x30, 0x31, 0x32, 0x33, 0xb5, 0xb6, 0x8b, 0xc5, 0x2f, 0x2f, 0x30, 0x31,
	0x32, 0x33, 0x34, 0x35, 0x36, 0x71, 0x37, 0xb8, 0xb9, 0xb9, 0xe0, 0xe0, 0xe1, 0xe2, 0xe3, 0xe4, 0xe5, 0xe5, 0xe6, 0xe6, 0xe7, 0xe7, 0x89, 0x89, 0x8a, 0x8b, 0x66, 0x93, 0xf1, 0xf3, 0xe7, 0xf4, 0x84, 0x88, 0xf7, 0xf9, 0xf9, 0xfa, 0xe1, 0xe2,
	0xfd, 0xf4, 0x52, 0x52, 0xa4, 0x03, 0xa6, 0x04, 0x05, 0xa9, 0x06, 0x07, 0x07, 0x08, 0x09, 0x09, 0x0a, 0x0b, 0x0b, 0x0c, 0x0c, 0x0d, 0x0d, 0x0e, 0x0e, 0x0f, 0x0f, 0x10, 0x11, 0x11, 0x12, 0x12, 0x13, 0x14, 0x52, 0x52, 0x02, 0xa4, 0xa4, 0xa5,
	0xa6, 0xa7, 0x26, 0xa8, 0x27, 0x28, 0x29, 0x2a, 0x2a, 0x2b, 0x2c, 0x2d, 0xaf, 0x2e, 0xb1, 0xb1, 0xb1, 0xb2, 0xb3, 0xb4, 0xb4, 0xb5, 0xb5, 0xb6, 0xb6, 0xb8, 0x5c, 0x5d, 0x5e, 0x5e, 0x5f, 0x40, 0x40, 0x41, 0x42, 0x43, 0x44, 0x44, 0x45, 0x45,
	0x46, 0x47, 0x52, 0x52, 0x53, 0x53, 0x54, 0x55, 0x55, 0x56, 0x57, 0x57, 0x58, 0x59, 0x59, 0x5a, 0x5b, 0x5b, 0x52, 0x52, 0x53, 0xa4, 0x03, 0x04, 0x04, 0x05, 0xa9, 0x67, 0x07, 0x68, 0x69, 0x69, 0x6a, 0x6b, 0x6b, 0x6c, 0x6d, 0x6e, 0x6e, 0x6e,
	0x6f, 0x6f, 0x6f, 0x70, 0x70, 0x71, 0x71, 0x72, 0x72, 0x73, 0x52, 0x62, 0xa3, 0x23, 0x24, 0x25, 0x85, 0x85, 0x86, 0x87, 0x87, 0x88, 0x89, 0x89, 0x8a, 0x8b, 0x29, 0xf0, 0xf0, 0x90, 0x90, 0x91, 0x92, 0x93, 0x93, 0x94, 0x95, 0x95, 0x96, 0x97,
	0x98, 0x98, 0x52, 0x52, 0x02, 0xa4, 0xa4, 0x03, 0x03, 0xa6, 0x04, 0x05, 0x05, 0x05, 0xa9, 0xaa, 0x06, 0x07, 0xac, 0xad, 0xae, 0x09, 0xb0, 0x0a, 0xb1, 0xb2, 0xb2, 0xb3, 0x0d, 0x0e, 0xb5, 0xb6, 0x0f, 0x10, 0x25, 0x26, 0x28, 0x29, 0xc2, 0xc3,
	0xc3, 0xc4, 0xc5, 0x2f, 0x30, 0x31, 0x32, 0x33, 0xb5, 0xb7, 0x8b, 0xc5, 0x2f, 0x30, 0x30, 0x32, 0x32, 0x33, 0x34, 0x35, 0x36, 0x37, 0xb7, 0xb8, 0xb9, 0xb9, 0xe0, 0xe0, 0xe2, 0xe2, 0xe3, 0xe4, 0xe5, 0xe5, 0xe6, 0xe7, 0xe7, 0xe7, 0xe7, 0x8a,
	0x8a, 0x8b, 0x66, 0x93, 0xf1, 0xe4, 0xe7, 0xf4, 0x85, 0x88, 0xf7, 0xf9, 0xfa, 0xfa, 0xe1, 0xfd, 0xfd, 0xf4, 0x52, 0x53, 0x54, 0x03, 0x04, 0x04, 0x05, 0x06, 0x06, 0x07, 0x08, 0x08, 0x09, 0x0a, 0x0a, 0x0b, 0x0b, 0x0c, 0x0c, 0x0d, 0x0e, 0x0e,
	0x0e, 0x0f, 0x0f, 0x10, 0x11, 0x11, 0x12, 0x13, 0x13, 0x14, 0x52, 0x62, 0x02, 0xa4, 0xa5, 0xa6, 0xa6, 0xa7, 0xa8, 0xa8, 0xa9, 0x29, 0x2a, 0x2a, 0x2a, 0x2c, 0x2c, 0xaf, 0xaf, 0xb0, 0xb1, 0xb1, 0xb2, 0xb3, 0xb3, 0xb4, 0xb5, 0xb5, 0xb6, 0xb6,
	0x10, 0xb8, 0x5c, 0x5d, 0x5e, 0x5f, 0x5f, 0x40, 0x41, 0x41, 0x42, 0x43, 0x44, 0x44, 0x45, 0x46, 0x46, 0x47, 0x52, 0x53, 0x53, 0x54, 0x54, 0x55, 0x56, 0x56, 0x57, 0x58, 0x58, 0x59, 0x5a, 0x5a, 0x5b, 0x5c, 0x52, 0x53, 0xa4, 0x03, 0xa6, 0x04,
	0x65, 0x05, 0x06, 0x67, 0x07, 0x68, 0x69, 0x6a, 0x6a, 0x6b, 0x6c, 0x6d, 0x6d, 0x6e, 0x6e, 0x6e, 0x6f, 0x6f, 0x70, 0x70, 0x71, 0x71, 0x72, 0x72, 0x73, 0x73, 0x52, 0x02, 0xa4, 0x24, 0x25, 0x25, 0x26, 0x27, 0x86, 0x87, 0x88, 0x88, 0x89, 0x8a,
	0x8a, 0x8b, 0xab, 0x68, 0x90, 0x90, 0x91, 0x91, 0x92, 0x93, 0x93, 0x94, 0x95, 0x95, 0x96, 0x97, 0x98, 0x98, 0x52, 0x62, 0x53, 0xa4, 0x54, 0x03, 0xa6, 0x04, 0x04, 0x05, 0x05, 0xa9, 0x06, 0x06, 0x06, 0x07, 0xad, 0x08, 0xaf, 0x09, 0xb0, 0xb1,
	0x0b, 0xb2, 0x0c, 0xb3, 0x0d, 0x0e, 0xb5, 0x0f, 0x10, 0xb7, 0x26, 0x27, 0x28, 0x29, 0x2b, 0x2b, 0xc3, 0xc4, 0xc5, 0x2f, 0x30, 0x31, 0x32, 0x34, 0x35, 0xb7, 0x8b, 0xc5, 0x2f, 0x30, 0x31, 0x32, 0x33, 0x34, 0x35, 0x35, 0x36, 0x37, 0xb8, 0xb8,
	0xb9, 0xb9, 0xe0, 0xe0, 0xe2, 0xe2, 0xe3, 0xe4, 0xe5, 0xe6, 0xe6, 0xe7, 0xe7, 0xe7, 0xe9, 0x8a, 0x8a, 0x8b, 0x66, 0x93, 0xf1, 0xe4, 0xe8, 0xf4, 0x85, 0x88, 0xf7, 0xf9, 0xfa, 0xfa, 0xe1, 0xfd, 0xfd, 0xf4, 0x53, 0x53, 0x54, 0x55, 0x04, 0x05,
	0x05, 0x06, 0x07, 0x07, 0x08, 0x08, 0x09, 0x0a, 0x0a, 0x0b, 0x0c, 0x0c, 0x0d, 0x0d, 0x0e, 0x0e, 0x0f, 0x0f, 0x10, 0x11, 0x11, 0x12, 0x12, 0x13, 0x14, 0x15, 0x53, 0x53, 0xa4, 0xa5, 0xa6, 0xa6, 0xa7, 0xa8, 0xa8, 0xa9, 0xaa, 0x29, 0xab, 0x2a,
	0x2b, 0x2c, 0xaf, 0xaf, 0xb0, 0xb1, 0xb1, 0xb2, 0xb2, 0xb3, 0xb3, 0xb4, 0xb5, 0xb5, 0xb6, 0xb6, 0xb8, 0xb8, 0x5d, 0x5e, 0x5e, 0x5f, 0x40, 0x40, 0x41, 0x42, 0x43, 0x43, 0x44, 0x44, 0x45, 0x46, 0x47, 0x47, 0x53, 0x53, 0x54, 0x54, 0x55, 0x56,
	0x56, 0x57, 0x57, 0x58, 0x59, 0x59, 0x5a, 0x5b, 0x5b, 0x5c, 0x53, 0x53, 0x54, 0x03, 0x04, 0x65, 0x05, 0xa9, 0x06, 0x07, 0x07, 0x69, 0x08, 0x6a, 0x6a, 0x6c, 0x6c, 0x6d, 0x6e, 0x6e, 0x6e, 0x6f, 0x6f, 0x70, 0x70, 0x70, 0x71, 0x71, 0x72, 0x73,
	0x73, 0x74, 0x53, 0x02, 0xa4, 0x24, 0x25, 0x26, 0x27, 0x27, 0x28, 0x87, 0x88, 0x88, 0x89, 0x8a, 0x8a, 0x8b, 0xac, 0x68, 0x90, 0x90, 0x91, 0x92, 0x92, 0x93, 0x93, 0x94, 0x95, 0x96, 0x96, 0x98, 0x98, 0x99, 0x53, 0x53, 0xa4, 0x54, 0x03, 0x03,
	0x04, 0x04, 0x05, 0x05, 0xa9, 0xa9, 0x06, 0x06, 0x07, 0x07, 0x08, 0x08, 0x09, 0x09, 0x0a, 0xb1, 0x0b, 0xb2, 0xb3, 0x0d, 0x0e, 0x0e, 0xb6, 0xb6, 0x10, 0x11, 0xa7, 0xa8, 0x29, 0x2a, 0x2b, 0x2c, 0x2d, 0x2e, 0xc5, 0x30, 0x31, 0x32, 0x33, 0x34,
	0x35, 0xb7, 0x8b, 0x2f, 0x30, 0x30, 0x32, 0x32, 0x33, 0x34, 0x35, 0x36, 0x36, 0x37, 0xb8, 0xb9, 0xb9, 0xba, 0x55, 0xe0, 0xe2, 0xe3, 0xe4, 0xe5, 0xe5, 0xe6, 0xe6, 0xe7, 0xe7, 0xe7, 0xe9, 0x8a, 0x8b, 0x8b, 0x67, 0x94, 0x9a, 0xe4, 0xe8, 0xf4,
	0x85, 0x88, 0xf7, 0xf9, 0xfa, 0xfa, 0xe1, 0xfd, 0xfd, 0xf4, 0x53, 0x53, 0x54, 0x56, 0x04, 0x05, 0x06, 0x06, 0x07, 0x07, 0x08, 0x09, 0x0a, 0x0a, 0x0b, 0x0c, 0x0c, 0x0c, 0x0d, 0x0d, 0x0e, 0x0e, 0x0f, 0x0f, 0x10, 0x11, 0x11, 0x12, 0x12, 0x13,
	0x14, 0x15, 0x53, 0x53, 0xa4, 0xa5, 0xa6, 0x04, 0xa7, 0xa8, 0xa8, 0xaa, 0xaa, 0xab, 0x2a, 0xac, 0x2b, 0xae, 0x2d, 0xaf, 0xb0, 0xb1, 0xb1, 0xb2, 0xb2, 0xb3, 0xb4, 0xb4, 0xb5, 0xb6, 0xb6, 0xb7, 0xb8, 0xb9, 0x5d, 0x5e, 0x5f, 0x5f, 0x40, 0x41,
	0x41, 0x42, 0x43, 0x44, 0x44, 0x45, 0x46, 0x46, 0x47, 0x48, 0x53, 0x53, 0x54, 0x55, 0x55, 0x56, 0x56, 0x57, 0x58, 0x58, 0x59, 0x5a, 0x5a, 0x5b, 0x5b, 0x5d, 0x53, 0x53, 0x54, 0xa6, 0x04, 0x05, 0x05, 0xa9, 0x06, 0x07, 0x07, 0x08, 0x6a, 0x6a,
	0x09, 0x6c, 0x6c, 0x6d, 0x6e, 0x6e, 0x6f, 0x6f, 0x6f, 0x70, 0x70, 0x71, 0x71, 0x72, 0x72, 0x73, 0x74, 0x74, 0x53, 0x02, 0xa5, 0x25, 0x25, 0x26, 0x27, 0x28, 0x28, 0x87, 0x88, 0x88, 0x89, 0x8a, 0x8b, 0x8b, 0xac, 0x68, 0x90, 0x91, 0x91, 0x92,
	0x92, 0x93, 0x94, 0x95, 0x95, 0x96, 0x96, 0x98, 0x98, 0x99, 0x53, 0x53, 0x54, 0x54, 0x03, 0xa6, 0x04, 0x04, 0x05, 0x05, 0xa9, 0x06, 0x06, 0x07, 0x07, 0xad, 0x08, 0x08, 0x09, 0xb0, 0x0a, 0x0b, 0x0b, 0x0c, 0xb3, 0x0d, 0x0e, 0xb5, 0xb6, 0x0f,
	0x11, 0xb8, 0xa7, 0xa8, 0x29, 0x2a, 0x2b, 0x2c, 0x2d, 0x2e, 0xc5, 0x30, 0x31, 0x32, 0x33, 0x34, 0x36, 0xb7, 0x8b, 0x2f, 0x30, 0x30, 0x32, 0x32, 0x33, 0x34, 0x35, 0x36, 0x37, 0x37, 0x38, 0xb9, 0xb9, 0xba, 0x55, 0xe0, 0xe2, 0xe3, 0xe4, 0xe5,
	0xe5, 0xe6, 0xe6, 0xe7, 0xe7, 0xe8, 0xe9, 0x8a, 0x8b, 0x8b, 0x67, 0x94, 0x9a, 0xe4, 0xe8, 0xf4, 0x85, 0x88, 0xf7, 0xf9, 0xfa, 0xfa, 0xe1, 0xfd, 0xfd, 0xf4, 0x53, 0x54, 0x55, 0x56, 0x05, 0x05, 0x06, 0x06, 0x07, 0x08, 0x08, 0x09, 0x0a, 0x0a,
	0x0b, 0x0c, 0x0c, 0x0c, 0x0d, 0x0e, 0x0e, 0x0e, 0x0f, 0x10, 0x10, 0x11, 0x12, 0x12, 0x13, 0x13, 0x14, 0x16, 0x53, 0x54, 0x54, 0x03, 0xa6, 0xa7, 0xa8, 0xa8, 0xa9, 0xaa, 0xab, 0xab, 0xac, 0xac, 0xae, 0x2c, 0xaf, 0xb0, 0xb0, 0xb1, 0xb2, 0xb2,
	0xb3, 0xb3, 0xb4, 0xb4, 0xb5, 0xb6, 0xb6, 0x10, 0xb8, 0xb9, 0x5e, 0x5e, 0x5f, 0x40, 0x40, 0x41, 0x42, 0x42, 0x43, 0x44, 0x44, 0x45, 0x46, 0x47, 0x47, 0x48, 0x53, 0x54, 0x54, 0x55, 0x56, 0x56, 0x57, 0x58, 0x58, 0x59, 0x59, 0x5a, 0x5b, 0x5b,
	0x5c, 0x5d, 0x53, 0x54, 0x03, 0xa6, 0x04, 0x05, 0xa9, 0x06, 0x06, 0x07, 0x08, 0x08, 0x09, 0x09, 0x6b, 0x6c, 0x6c, 0x6d, 0x6e, 0x6e, 0x6f, 0x6f, 0x6f, 0x70, 0x70, 0x71, 0x72, 0x72, 0x73, 0x73, 0x74, 0x74, 0x53, 0xa4, 0xa5, 0x25, 0x25, 0x26,
	0x27, 0x28, 0x28, 0x2a, 0x88, 0x89, 0x8a, 0x8a, 0x8b, 0x8b, 0xac, 0x68, 0x90, 0x91, 0x6b, 0x6b, 0x93, 0x93, 0x94, 0x95, 0x95, 0x96, 0x98, 0x98, 0x99, 0x99, 0x53, 0x54, 0x54, 0x03, 0x55, 0x04, 0x04, 0x05, 0x05, 0x05, 0x06, 0x06, 0x07, 0x07,
	0x07, 0xad, 0x08, 0x09, 0x09, 0x0a, 0xb1, 0x0b, 0x0c, 0xb3, 0x0d, 0x0d, 0x0e, 0x0e, 0xb6, 0x10, 0x11, 0x12, 0xa8, 0x66, 0x29, 0x2a, 0x2b, 0x90, 0x2e, 0x2f, 0x2f, 0x30, 0x31, 0x33, 0x33, 0x35, 0xb6, 0xb8, 0x8c, 0x2f, 0x30, 0x31, 0x32, 0x33,
	0x34, 0x34, 0x35, 0x36, 0x37, 0xb8, 0xb9, 0xb9, 0xb9, 0x14, 0x56, 0xe0, 0xe2, 0xe3, 0xe4, 0xe5, 0xe5, 0xe6, 0xe7, 0xe7, 0xe7, 0xe8, 0xe9, 0xea, 0x8b, 0x8b, 0x67, 0x95, 0x9a, 0xe4, 0xe8, 0xf4, 0x85, 0x88, 0xf7, 0xf9, 0xfa, 0xfa, 0xe0, 0xfd,
	0xfd, 0xf4, 0x53, 0x54, 0x55, 0x56, 0x57, 0x58, 0x06, 0x07, 0x07, 0x08, 0x08, 0x09, 0x0a, 0x0a, 0x0b, 0x0c, 0x0c, 0x0d, 0x0d, 0x0e, 0x0e, 0x0f, 0x0f, 0x10, 0x11, 0x11, 0x12, 0x12, 0x13, 0x14, 0x15, 0x16, 0x53, 0x54, 0x54, 0x03, 0x04, 0x04,
	0x05, 0xa9, 0xa9, 0xaa, 0xab, 0xac, 0xac, 0xae, 0xae, 0xaf, 0xaf, 0xb0, 0xb0, 0xb1, 0xb2, 0xb2, 0xb3, 0xb4, 0xb4, 0xb5, 0xb6, 0xb6, 0x10, 0xb8, 0x11, 0x12, 0x5e, 0x5e, 0x5f, 0x40, 0x40, 0x41, 0x42, 0x42, 0x43, 0x44, 0x45, 0x45, 0x46, 0x47,
	0x47, 0x48, 0x53, 0x54, 0x55, 0x55, 0x56, 0x56, 0x57, 0x58, 0x58, 0x59, 0x5a, 0x5b, 0x5b, 0x5c, 0x5c, 0x5d, 0x53, 0x54, 0x55, 0x04, 0x05, 0x05, 0xa9, 0x06, 0x07, 0x07, 0x08, 0x08, 0x09, 0x09, 0x0a, 0x6c, 0x6d, 0x6e, 0x6e, 0x6e, 0x6f, 0x6f,
	0x70, 0x70, 0x71, 0x71, 0x72, 0x72, 0x73, 0x73, 0x74, 0x74, 0x53, 0xa4, 0xa5, 0x25, 0x26, 0x26, 0x27, 0x28, 0x29, 0x2a, 0x2b, 0x2b, 0x8a, 0x8a, 0x8b, 0x8b, 0xac, 0x69, 0x69, 0x6a, 0x6b, 0x6c, 0x93, 0x94, 0x6e, 0x95, 0x96, 0x96, 0x71, 0x98,
	0x99, 0x99, 0x53, 0x54, 0x03, 0x55, 0x56, 0x04, 0x04, 0x05, 0x05, 0x06, 0x06, 0x06, 0x07, 0x07, 0x07, 0x08, 0x08, 0x09, 0x0a, 0x0a, 0x0b, 0x0b, 0x0c, 0x0c, 0x0d, 0x0d, 0x0e, 0x0f, 0x0f, 0x10, 0x11, 0x12, 0xa8, 0xa9, 0x29, 0x2a, 0x2c, 0x2d,
	0x2e, 0x2f, 0x2f, 0x30, 0x31, 0x33, 0x34, 0x35, 0xb7, 0xb8, 0x2f, 0x2f, 0x30, 0x31, 0x32, 0x33, 0x34, 0x35, 0x36, 0x36, 0x37, 0x38, 0xb9, 0xb9, 0xba, 0x14, 0x56, 0x55, 0x56, 0xe3, 0xe4, 0xe5, 0xe5, 0xe6, 0xe7, 0xe7, 0xe7, 0xe8, 0xe9, 0x2e,
	0x8b, 0x8b, 0x67, 0x6e, 0x9a, 0xe5, 0xe8, 0xf4, 0x85, 0x89, 0xf7, 0xf9, 0xfa, 0xfa, 0xe2, 0xfd, 0xfd, 0xf4, 0x54, 0x55, 0x56, 0x56, 0x05, 0x58, 0x06, 0x07, 0x08, 0x08, 0x09, 0x0a, 0x0a, 0x0b, 0x0b, 0x0c, 0x0c, 0x0d, 0x0e, 0x0e, 0x0e, 0x0f,
	0x10, 0x10, 0x11, 0x12, 0x12, 0x13, 0x13, 0x14, 0x15, 0x16, 0x54, 0x03, 0x55, 0xa6, 0x04, 0xa7, 0x05, 0xa9, 0xaa, 0xaa, 0xab, 0xac, 0xad, 0xae, 0xae, 0xaf, 0xb0, 0xb0, 0xb1, 0xb1, 0xb2, 0xb2, 0xb3, 0xb4, 0xb4, 0xb5, 0xb6, 0xb6, 0xb7, 0x11,
	0x12, 0x13, 0x5e, 0x5f, 0x5f, 0x40, 0x41, 0x41, 0x42, 0x43, 0x44, 0x44, 0x45, 0x46, 0x46, 0x47, 0x48, 0x48, 0x54, 0x55, 0x55, 0x56, 0x56, 0x57, 0x57, 0x58, 0x59, 0x5a, 0x5a, 0x5b, 0x5b, 0x5c, 0x5d, 0x5d, 0x54, 0x55, 0x55, 0x04, 0x05, 0xa9,
	0x06, 0x06, 0x07, 0x07, 0x08, 0x09, 0x09, 0x0a, 0xb1, 0x6c, 0x6d, 0x6e, 0x6e, 0x6f, 0x6f, 0x6f, 0x70, 0x71, 0x71, 0x72, 0x72, 0x72, 0x73, 0x74, 0x74, 0x76, 0x54, 0x03, 0xa6, 0x26, 0x26, 0x27, 0x28, 0x28, 0x2a, 0x2b, 0x2b, 0x2b, 0x2d, 0x8a,
	0x8b, 0x8c, 0xad, 0x69, 0x90, 0x6b, 0x6b, 0x6c, 0x93, 0x94, 0x6e, 0x95, 0x96, 0x97, 0x98, 0x98, 0x99, 0x99, 0x54, 0x03, 0x55, 0xa6, 0x56, 0x04, 0x05, 0x05, 0xa9, 0x06, 0x06, 0x06, 0x07, 0x07, 0x08, 0x08, 0x08, 0x09, 0x0a, 0x0a, 0x0b, 0x0b,
	0x0c, 0x0d, 0x0d, 0x0e, 0x0e, 0x0f, 0x10, 0x10, 0x11, 0x12, 0xa8, 0xaa, 0xab, 0x2b, 0x2c, 0x2d, 0x2e, 0x2f, 0x30, 0x31, 0x32, 0x33, 0x34, 0x35, 0xb7, 0xb8, 0x2f, 0x30, 0x30, 0x32, 0x33, 0x33, 0x34, 0x35, 0x36, 0x37, 0x37, 0x38, 0xb9, 0xba,
	0xba, 0xbb, 0x56, 0x56, 0xe3, 0xe3, 0xe5, 0xe5, 0xe6, 0xe6, 0xe7, 0xe7, 0xe9, 0xe9, 0xe9, 0xea, 0x8b, 0x8c, 0x68, 0x6e, 0x9a, 0xe5, 0xe8, 0xf4, 0x85, 0x89, 0x8c, 0xf9, 0xfa, 0xfa, 0xe2, 0xfd, 0xfd, 0xf4, 0x54, 0x55, 0x56, 0x57, 0x05, 0x06,
	0x07, 0x07, 0x08, 0x08, 0x09, 0x0a, 0x0a, 0x0b, 0x0c, 0x0c, 0x0c, 0x0d, 0x0e, 0x0e, 0x0f, 0x0f, 0x10, 0x10, 0x11, 0x12, 0x12, 0x13, 0x13, 0x14, 0x15, 0x16, 0x54, 0x55, 0x55, 0xa6, 0x04, 0x05, 0x05, 0xa9, 0xaa, 0xab, 0xab, 0xac, 0xad, 0xae,
	0xae, 0xaf, 0xb0, 0xb0, 0xb1, 0xb2, 0xb2, 0xb3, 0xb3, 0xb4, 0xb4, 0xb5, 0xb6, 0xb6, 0xb7, 0xb8, 0x12, 0x13, 0x5e, 0x5f, 0x40, 0x40, 0x41, 0x42, 0x42, 0x43, 0x44, 0x45, 0x45, 0x46, 0x47, 0x47, 0x48, 0x49, 0x54, 0x55, 0x55, 0x56, 0x56, 0x57,
	0x58, 0x59, 0x59, 0x5a, 0x5b, 0x5b, 0x5c, 0x5c, 0x5d, 0x5e, 0x54, 0x55, 0x55, 0x04, 0x05, 0xa9, 0x06, 0x07, 0x07, 0x08, 0x08, 0x09, 0x09, 0x0a, 0x0a, 0x0b, 0x0c, 0x6e, 0x6e, 0x6f, 0x6f, 0x6f, 0x70, 0x71, 0x71, 0x72, 0x73, 0x73, 0x73, 0x74,
	0x74, 0x76, 0x54, 0x54, 0xa6, 0xa7, 0xa8, 0x27, 0x28, 0x29, 0x2a, 0x2b, 0x2b, 0x2b, 0x2d, 0x2e, 0x8b, 0xec, 0xae, 0x69, 0x6a, 0x6b, 0x6b, 0x6c, 0x6d, 0x94, 0x6e, 0x6f, 0x70, 0x71, 0x71, 0x98, 0x99, 0x99, 0x54, 0x55, 0x55, 0x56, 0x04, 0x05,
	0x05, 0x05, 0x05, 0x06, 0x06, 0x07, 0x07, 0x07, 0x08, 0x08, 0x09, 0x09, 0x0a, 0x0a, 0x0b, 0x0c, 0x0c, 0x0d, 0x0d, 0x0e, 0x0e, 0x0f, 0x10, 0x11, 0x11, 0x12, 0xa9, 0xaa, 0x2a, 0x2b, 0x2c, 0x2d, 0x2e, 0x2f, 0x30, 0x31, 0x32, 0x33, 0x34, 0x36,
	0xb7, 0xb8, 0x2f, 0x30, 0x30, 0x32, 0x33, 0x34, 0x34, 0x35, 0x36, 0x37, 0x38, 0x38, 0xb9, 0xba, 0x14, 0x14, 0x56, 0x56, 0x57, 0x57, 0xe5, 0xe5, 0xe6, 0xe6, 0xe7, 0xe7, 0xe9, 0xe9, 0xe9, 0x2e, 0xec, 0xec, 0x68, 0x6f, 0x9a, 0xe5, 0xe8, 0xf4,
	0x86, 0x89, 0x8c, 0xf9, 0xfa, 0xfa, 0xe2, 0xfd, 0xfd, 0xf4, 0x55, 0x55, 0x56, 0x57, 0x58, 0x59, 0x07, 0x07, 0x08, 0x08, 0x09, 0x0a, 0x0b, 0x0b, 0x0c, 0x0c, 0x0d, 0x0d, 0x0e, 0x0e, 0x0f, 0x0f, 0x10, 0x11, 0x11, 0x12, 0x13, 0x13, 0x14, 0x15,
	0x16, 0x16, 0x55, 0x55, 0x56, 0x04, 0x05, 0x05, 0xa9, 0xaa, 0xab, 0xab, 0xac, 0xad, 0xae, 0xae, 0xaf, 0xb0, 0xb0, 0xb1, 0xb1, 0xb2, 0xb2, 0xb3, 0xb4, 0xb4, 0xb5, 0xb5, 0xb6, 0xb7, 0x10, 0x11, 0x12, 0x13, 0x5f, 0x5f, 0x40, 0x41, 0x41, 0x42,
	0x43, 0x43, 0x44, 0x45, 0x45, 0x46, 0x47, 0x48, 0x48, 0x49, 0x55, 0x55, 0x55, 0x56, 0x57, 0x57, 0x58, 0x59, 0x5a, 0x5a, 0x5b, 0x5c, 0x5c, 0x5d, 0x5d, 0x5e, 0x55, 0x55, 0x56, 0x05, 0x05, 0x06, 0x06, 0x07, 0x07, 0x08, 0x08, 0x09, 0x0a, 0x0a,
	0x0b, 0x6d, 0x0c, 0x6e, 0x6f, 0x6f, 0x6f, 0x70, 0x70, 0x71, 0x72, 0x72, 0x73, 0x73, 0x74, 0x74, 0x74, 0x76, 0x55, 0x55, 0x04, 0xa7, 0xa8, 0x28, 0x28, 0x29, 0x2a, 0x2b, 0x2b, 0x2d, 0x2e, 0x2e, 0x2f, 0xec, 0xae, 0x69, 0x6a, 0x6b, 0x6c, 0x6d,
	0x6d, 0x6e, 0x6e, 0x6f, 0x70, 0x71, 0x71, 0x98, 0x99, 0x9a, 0x55, 0x55, 0x55, 0x56, 0x56, 0x57, 0x05, 0x05, 0x06, 0x06, 0x07, 0x07, 0x07, 0x08, 0x08, 0x08, 0x09, 0x09, 0x0a, 0x0b, 0x0b, 0x0c, 0x0c, 0x0d, 0x0e, 0x0e, 0x0f, 0x0f, 0x10, 0x11,
	0x12, 0x13, 0xa9, 0xab, 0xac, 0x2b, 0x2d, 0x2e, 0x2f, 0x2f, 0x30, 0x31, 0x32, 0x33, 0x35, 0x36, 0xb7, 0xb9, 0x30, 0x30, 0x31, 0x32, 0x33, 0x34, 0x35, 0x36, 0x36, 0x37, 0x38, 0xb9, 0xba, 0xba, 0x14, 0x15, 0x57, 0x56, 0x57, 0x57, 0xe5, 0xe5,
	0xe6, 0xe7, 0xe7, 0xe7, 0xe9, 0xe9, 0xe9, 0xea, 0x2f, 0xec, 0x68, 0x6f, 0x9c, 0xe5, 0xe8, 0xf4, 0x28, 0x89, 0xed, 0xf9, 0xfa, 0xfa, 0x56, 0xfd, 0xfd, 0xf4, 0x55, 0x55, 0x56, 0x57, 0x58, 0x59, 0x07, 0x07, 0x08, 0x09, 0x0a, 0x0a, 0x0b, 0x0b,
	0x0c, 0x0d, 0x0d, 0x0e, 0x0e, 0x0f, 0x0f, 0x10, 0x11, 0x11, 0x12, 0x13, 0x13, 0x14, 0x14, 0x15, 0x16, 0x17, 0x55, 0x55, 0x56, 0x04, 0x05, 0x05, 0xa9, 0xaa, 0xab, 0xac, 0xac, 0xad, 0xae, 0xae, 0xaf, 0xb0, 0xb0, 0xb1, 0xb2, 0xb2, 0xb3, 0xb3,
	0xb4, 0xb4, 0xb5, 0xb6, 0x10, 0xb7, 0x11, 0x12, 0x12, 0x13, 0x5f, 0x5f, 0x40, 0x41, 0x42, 0x42, 0x43, 0x44, 0x45, 0x45, 0x46, 0x46, 0x47, 0x48, 0x48, 0x49, 0x55, 0x55, 0x56, 0x56, 0x57, 0x57, 0x58, 0x59, 0x5a, 0x5b, 0x5b, 0x5c, 0x5c, 0x5d,
	0x5e, 0x5e, 0x55, 0x55, 0x56, 0x05, 0x05, 0x06, 0x06, 0x07, 0x07, 0x08, 0x08, 0x09, 0x0a, 0x0a, 0x0b, 0x0c, 0x0c, 0x6e, 0x6f, 0x6f, 0x70, 0x70, 0x71, 0x71, 0x72, 0x73, 0x73, 0x74, 0x74, 0x74, 0x76, 0x76, 0x55, 0x55, 0x04, 0xa7, 0xa8, 0x28,
	0x28, 0x2a, 0x2a, 0x2b, 0x2b, 0x2d, 0x2e, 0x2e, 0x2f, 0xec, 0xae, 0x6a, 0x6a, 0x6b, 0x6c, 0x6d, 0x6d, 0x6e, 0x6f, 0x70, 0x71, 0x71, 0x72, 0x98, 0x99, 0x9a, 0x55, 0x55, 0x56, 0x56, 0x57, 0x05, 0x05, 0x06, 0x06, 0x07, 0x07, 0x07, 0x07, 0x08,
	0x08, 0x09, 0x09, 0x0a, 0x0a, 0x0b, 0x0b, 0x0c, 0x0d, 0x0d, 0x0e, 0x0e, 0x0f, 0x10, 0x10, 0x11, 0x12, 0x13, 0xa9, 0xab, 0xac, 0x2c, 0x2d, 0x2e, 0x2f, 0x30, 0x30, 0x31, 0x32, 0x34, 0x35, 0x36, 0xb7, 0xb9, 0x30, 0x30, 0x31, 0x32, 0x33, 0x34,
	0x35, 0x36, 0x37, 0x37, 0x38, 0xb9, 0xba, 0xba, 0x14, 0x16, 0x57, 0x57, 0x57, 0x58, 0xe5, 0xe5, 0xe6, 0xe7, 0xe7, 0xe7, 0xe9, 0xe9, 0xe9, 0x2f, 0xec, 0xec, 0x68, 0x6f, 0x9c, 0xe5, 0xe8, 0xf4, 0x28, 0x89, 0xed, 0xf9, 0xfa, 0xfa, 0xe2, 0xfd,
	0xfe, 0xf4, 0x55, 0x56, 0x57, 0x58, 0x59, 0x5a, 0x07, 0x08, 0x08, 0x09, 0x0a, 0x0a, 0x0b, 0x0c, 0x0c, 0x0d, 0x0d, 0x0e, 0x0f, 0x0f, 0x10, 0x10, 0x11, 0x11, 0x12, 0x13, 0x13, 0x14, 0x15, 0x15, 0x16, 0x18, 0x55, 0x56, 0x56, 0x05, 0x05, 0x05,
	0x06, 0xab, 0xab, 0xac, 0xad, 0xae, 0xae, 0xaf, 0xaf, 0xb0, 0xb1, 0xb1, 0xb2, 0xb2, 0xb3, 0xb3, 0xb4, 0xb5, 0xb5, 0xb6, 0x10, 0x11, 0x11, 0x12, 0x13, 0x14, 0x5f, 0x40, 0x41, 0x41, 0x42, 0x43, 0x43, 0x44, 0x45, 0x46, 0x46, 0x47, 0x47, 0x48,
	0x49, 0x4a, 0x55, 0x56, 0x56, 0x57, 0x57, 0x58, 0x59, 0x5a, 0x5a, 0x5b, 0x5b, 0x5c, 0x5d, 0x5e, 0x5e, 0x5f, 0x55, 0x56, 0x57, 0x05, 0x05, 0x06, 0x07, 0x07, 0x08, 0x08, 0x09, 0x09, 0x0a, 0x0b, 0x0b, 0x0c, 0x0c, 0x6f, 0x6f, 0x70, 0x70, 0x70,
	0x71, 0x72, 0x72, 0x73, 0x74, 0x74, 0x74, 0x74, 0x76, 0x78, 0x55, 0x04, 0x04, 0xa8, 0xa8, 0x28, 0x29, 0x2a, 0x2b, 0x2b, 0x2c, 0x2d, 0x2e, 0x2e, 0x2f, 0x2f, 0xae, 0x6a, 0x6b, 0x6b, 0x6c, 0x6d, 0x6e, 0x6f, 0x6f, 0x70, 0x71, 0x71, 0x72, 0x73,
	0x75, 0x9a, 0x55, 0x56, 0x56, 0x57, 0x57, 0x57, 0x58, 0x06, 0x06, 0x07, 0x07, 0x07, 0x08, 0x08, 0x08, 0x09, 0x0a, 0x0a, 0x0a, 0x0b, 0x0c, 0x0c, 0x0d, 0x0e, 0x0e, 0x0f, 0x0f, 0x10, 0x11, 0x11, 0x12, 0x13, 0xaa, 0xab, 0xac, 0x2c, 0x2d, 0x2e,
	0x2f, 0x30, 0x31, 0x32, 0x33, 0x34, 0x35, 0xb7, 0xb8, 0xb9, 0x30, 0x30, 0x32, 0x33, 0x34, 0x34, 0x35, 0x36, 0x37, 0x37, 0x38, 0xb9, 0xba, 0xbb, 0xbb, 0x16, 0x57, 0x57, 0x58, 0x58, 0xe5, 0x5a, 0xe6, 0xe7, 0xe7, 0xe9, 0xe9, 0xe9, 0xe9, 0xec,
	0x2f, 0x2f, 0x69, 0x6f, 0x9c, 0xe5, 0xe8, 0xf4, 0x28, 0x8a, 0xed, 0xf9, 0xfa, 0xfa, 0x56, 0xfd, 0xfe, 0xf4, 0xa0, 0xa0, 0x61, 0x62, 0xa4, 0x03, 0x04, 0x04, 0xa9, 0x06, 0x07, 0x07, 0x08, 0x09, 0x09, 0x0a, 0x0a, 0x0b, 0x0b, 0x0c, 0x0c, 0x0d,
	0x0d, 0x0e, 0x0e, 0x0f, 0x0f, 0x10, 0x10, 0x11, 0x12, 0x13, 0xa0, 0xa0, 0xa0, 0x22, 0x23, 0x23, 0x24, 0x25, 0x25, 0x26, 0x26, 0x27, 0x28, 0x29, 0x29, 0x2a, 0x2b, 0x2c, 0x2c, 0x2d, 0x2e, 0xb0, 0xb1, 0xb1, 0xb2, 0xb2, 0xb3, 0xb4, 0xb4, 0xb5,
	0xb6, 0xb6, 0x5b, 0x5b, 0x5c, 0x5d, 0x5e, 0x5f, 0x5f, 0x40, 0x41, 0x42, 0x42, 0x43, 0x44, 0x44, 0x45, 0x46, 0xa0, 0xa0, 0x61, 0x61, 0x53, 0x53, 0x54, 0x55, 0x55, 0x56, 0x57, 0x57, 0x58, 0x58, 0x59, 0x5a, 0xa0, 0xa0, 0x61, 0x62, 0x63, 0x63,
	0xa6, 0x65, 0x65, 0x66, 0x66, 0x67, 0x68, 0x68, 0x69, 0x6a, 0x6b, 0x6b, 0x6c, 0x6c, 0x6d, 0x6d, 0x6e, 0x6e, 0x6f, 0x6f, 0x6f, 0x70, 0x70, 0x71, 0x71, 0x72, 0xa0, 0xa0, 0x81, 0x82, 0x83, 0x83, 0x84, 0x85, 0x85, 0x86, 0x87, 0x87, 0x88, 0x89,
	0x89, 0x8a, 0xc1, 0xc1, 0xc2, 0xf0, 0x90, 0x91, 0x91, 0x92, 0x92, 0x93, 0x94, 0x95, 0x95, 0x96, 0x97, 0x98, 0xa0, 0xa0, 0xa1, 0x61, 0xa2, 0xa3, 0xa4, 0x63, 0xa5, 0xa6, 0xa6, 0xa7, 0xa8, 0xa8, 0xa9, 0xaa, 0xab, 0xac, 0xad, 0xae, 0xaf, 0xb0,
	0xb0, 0xb1, 0xb1, 0xb2, 0xb3, 0xb3, 0xb4, 0xb4, 0xb5, 0xb6, 0x24, 0xc0, 0xc0, 0xc1, 0xc2, 0xc2, 0xc3, 0xc3, 0xc4, 0xc4, 0x2f, 0x30, 0x31, 0x32, 0x33, 0xb5, 0x8a, 0x8a, 0xc5, 0xc5, 0x2f, 0x30, 0x31, 0x32, 0x33, 0x34, 0x35, 0x36, 0x36, 0x72,
	0xb8, 0xb8, 0x52, 0x52, 0xe1, 0xe1, 0xe2, 0xe4, 0xe4, 0xf3, 0xe6, 0xe6, 0xe6, 0xe7, 0x88, 0x89, 0x89, 0x8a, 0x65, 0x93, 0xf1, 0x83, 0xe7, 0xf4, 0x84, 0xf6, 0xf7, 0xf9, 0xf9, 0xfa, 0xfc, 0xfc, 0xfd, 0xf4, 0xa0, 0x61, 0xa2, 0xa4, 0xa5, 0x03,
	0x04, 0x05, 0xa9, 0x06, 0x07, 0xad, 0x08, 0x09, 0x09, 0x0a, 0x0a, 0x0b, 0x0c, 0x0c, 0x0c, 0x0d, 0x0d, 0x0e, 0x0e, 0x0f, 0x0f, 0x10, 0x11, 0x11, 0x12, 0x13, 0xa0, 0xa1, 0x61, 0xa3, 0x23, 0x23, 0x24, 0x25, 0x26, 0x26, 0x27, 0x27, 0x28, 0x29,
	0x29, 0x2a, 0x2b, 0x2c, 0x2c, 0x2d, 0x2e, 0xb0, 0xb1, 0xb2, 0xb2, 0xb2, 0xb3, 0xb4, 0xb4, 0xb5, 0xb6, 0xb7, 0x5b, 0x5c, 0x5c, 0x5d, 0x5e, 0x5f, 0x40, 0x40, 0x41, 0x42, 0x42, 0x43, 0x44, 0x45, 0x45, 0x46, 0xa0, 0x61, 0x61, 0x52, 0x53, 0x53,
	0x54, 0x55, 0x56, 0x56, 0x57, 0x57, 0x58, 0x59, 0x59, 0x5a, 0xa0, 0x61, 0xa2, 0xa3, 0x63, 0x03, 0x64, 0x65, 0x65, 0x66, 0x67, 0x67, 0x68, 0x69, 0x69, 0x6a, 0x6b, 0x6b, 0x6c, 0x6d, 0x6d, 0x6d, 0x6e, 0x6e, 0x6f, 0x6f, 0x70, 0x70, 0x71, 0x71,
	0x71, 0x72, 0xa0, 0x81, 0x22, 0x82, 0x83, 0x83, 0x84, 0x85, 0x85, 0x86, 0x87, 0x88, 0x88, 0x89, 0x89, 0x8a, 0xc1, 0xc1, 0xc2, 0xf0, 0x90, 0x91, 0x91, 0x92, 0x92, 0x93, 0x94, 0x95, 0x95, 0x96, 0x97, 0x98, 0xa0, 0xa1, 0x61, 0xa2, 0xa2, 0xa3,
	0xa4, 0x63, 0xa6, 0xa6, 0xa7, 0xa7, 0xa8, 0xa8, 0xa9, 0xaa, 0xab, 0xac, 0xad, 0xae, 0xaf, 0xb0, 0xb1, 0xb1, 0x0b, 0xb2, 0xb3, 0xb3, 0xb4, 0xb5, 0xb5, 0xb6, 0x24, 0xc0, 0xc0, 0xc1, 0xc2, 0xc2, 0xc3, 0xc3, 0xc4, 0xc5, 0x2f, 0x30, 0x31, 0x32,
	0x33, 0xb6, 0x8a, 0x8b, 0xc5, 0xc5, 0x30, 0x31, 0x32, 0x33, 0x33, 0x34, 0x35, 0x36, 0x71, 0x72, 0xb8, 0x73, 0x52, 0x52, 0xe1, 0xe1, 0xe2, 0xe4, 0xe4, 0xe5, 0xe6, 0xe6, 0xe6, 0xe7, 0x88, 0x89, 0x8a, 0x8a, 0x65, 0x93, 0xf1, 0x83, 0xe7, 0xf4,
	0x84, 0xf6, 0xf7, 0xf9, 0xf9, 0xfa, 0xfc, 0xfc, 0xfd, 0xf4, 0xa1, 0x61, 0x62, 0xa4, 0x03, 0xa6, 0x04, 0x05, 0x06, 0x06, 0x07, 0xad, 0x08, 0x09, 0x09, 0x0a, 0x0b, 0x0b, 0x0c, 0x0c, 0x0d, 0x0d, 0x0e, 0x0e, 0x0e, 0x0f, 0x10, 0x10, 0x11, 0x12,
	0x12, 0x13, 0xa1, 0xa1, 0x22, 0xa3, 0x23, 0x24, 0x24, 0x25, 0x26, 0x26, 0x27, 0x28, 0x29, 0x29, 0x2a, 0x2a, 0x2b, 0x2c, 0x2d, 0x2d, 0x2e, 0xb1, 0xb1, 0xb2, 0xb2, 0xb3, 0xb4, 0xb4, 0xb5, 0xb5, 0xb6, 0xb7, 0x5b, 0x5c, 0x5d, 0x5d, 0x5f, 0x5f,
	0x40, 0x41, 0x42, 0x42, 0x43, 0x43, 0x44, 0x45, 0x46, 0x46, 0xa1, 0x61, 0x52, 0x02, 0x53, 0x54, 0x54, 0x55, 0x56, 0x56, 0x57, 0x58, 0x58, 0x59, 0x5a, 0x5a, 0xa1, 0x61, 0x62, 0xa3, 0x63, 0xa6, 0x64, 0x65, 0x66, 0x66, 0x67, 0x68, 0x68, 0x69,
	0x6a, 0x6a, 0x6b, 0x6c, 0x6c, 0x6d, 0x6d, 0x6e, 0x6e, 0x6e, 0x6f, 0x6f, 0x70, 0x70, 0x71, 0x71, 0x72, 0x72, 0xa1, 0x22, 0x22, 0x82, 0x83, 0x84, 0x84, 0x85, 0x86, 0x86, 0x87, 0x88, 0x88, 0x89, 0x8a, 0x8a, 0x29, 0xf0, 0xf0, 0x90, 0x90, 0x91,
	0x92, 0x92, 0x93, 0x93, 0x94, 0x95, 0x95, 0x96, 0x97, 0x98, 0xa1, 0xa1, 0xa2, 0x62, 0xa3, 0xa4, 0x63, 0x03, 0xa6, 0x04, 0xa7, 0xa8, 0xa8, 0xa9, 0xaa, 0xab, 0xac, 0xad, 0xae, 0xae, 0xaf, 0xb0, 0xb1, 0xb1, 0xb2, 0xb2, 0xb3, 0xb4, 0xb5, 0xb5,
	0xb6, 0xb6, 0x25, 0xc0, 0xc0, 0xc1, 0xc2, 0xc2, 0xc3, 0xc3, 0xc4, 0xc5, 0x30, 0x30, 0x31, 0x33, 0x34, 0xb6, 0x8b, 0x8b, 0xc5, 0xc5, 0x30, 0x31, 0x32, 0x33, 0x33, 0x34, 0x35, 0x36, 0x37, 0x72, 0xb8, 0xb9, 0x53, 0xe1, 0xe1, 0xe2, 0xe2, 0xe4,
	0xe4, 0xe5, 0xe6, 0xe6, 0xe7, 0xe7, 0x89, 0x89, 0x8a, 0x8a, 0x66, 0x93, 0xf1, 0x84, 0xe7, 0xf4, 0x84, 0xf6, 0xf7, 0xf9, 0xf9, 0xfa, 0xe1, 0xfc, 0xfd, 0xf4, 0x61, 0xa2, 0xa3, 0x63, 0x03, 0x04, 0x05, 0xa9, 0x06, 0x07, 0x07, 0x08, 0x09, 0x09,
	0x0a, 0x0b, 0x0b, 0x0c, 0x0c, 0x0c, 0x0d, 0x0d, 0x0e, 0x0e, 0x0f, 0x10, 0x10, 0x11, 0x11, 0x12, 0x13, 0x14, 0x61, 0xa2, 0xa3, 0x23, 0x24, 0x24, 0x25, 0x26, 0x26, 0x27, 0x27, 0x28, 0x29, 0x2a, 0x2a, 0x2b, 0x2c, 0x2c, 0x2d, 0x2e, 0x2f, 0xb1,
	0xb1, 0xb2, 0xb3, 0xb3, 0xb4, 0xb4, 0xb5, 0xb6, 0xb6, 0xb8, 0x5c, 0x5c, 0x5d, 0x5e, 0x5f, 0x40, 0x40, 0x41, 0x42, 0x43, 0x43, 0x44, 0x45, 0x45, 0x46, 0x47, 0x61, 0xa2, 0x62, 0x02, 0x54, 0x54, 0x55, 0x56, 0x56, 0x57, 0x57, 0x58, 0x59, 0x59,
	0x5a, 0x5b, 0x61, 0xa2, 0xa3, 0x63, 0x63, 0x64, 0x65, 0x65, 0x66, 0x67, 0x67, 0x68, 0x69, 0x69, 0x6a, 0x6b, 0x6b, 0x6c, 0x6d, 0x6d, 0x6e, 0x6e, 0x6e, 0x6f, 0x6f, 0x70, 0x70, 0x71, 0x71, 0x72, 0x72, 0x73, 0x61, 0x22, 0x23, 0x23, 0x24, 0x84,
	0x85, 0x85, 0x86, 0x87, 0x87, 0x88, 0x89, 0x89, 0x8a, 0x8b, 0x29, 0xc2, 0xf0, 0x90, 0x91, 0x91, 0x92, 0x93, 0x93, 0x94, 0x95, 0x95, 0x96, 0x96, 0x98, 0x98, 0x61, 0xa2, 0x62, 0xa3, 0xa4, 0x63, 0xa5, 0xa6, 0xa6, 0xa7, 0xa8, 0xa8, 0xa9, 0xaa,
	0xaa, 0xab, 0xac, 0xad, 0xae, 0xaf, 0xb0, 0xb0, 0xb1, 0xb2, 0xb2, 0xb3, 0xb3, 0xb4, 0xb5, 0xb5, 0xb6, 0xb7, 0x25, 0xc0, 0xc1, 0xc1, 0xc2, 0xc3, 0xc3, 0xc4, 0xc5, 0xc5, 0x30, 0x31, 0x32, 0x33, 0x34, 0x36, 0x8b, 0xc5, 0xc5, 0xc5, 0x30, 0x31,
	0x32, 0x33, 0x34, 0x35, 0x36, 0x36, 0x37, 0x37, 0x38, 0xb9, 0x54, 0xe0, 0xe0, 0xe2, 0xe3, 0xe4, 0xe5, 0xe6, 0xe6, 0xe6, 0xe7, 0xe7, 0x89, 0x8a, 0x8a, 0x8b, 0x66, 0x93, 0xf1, 0xf3, 0xe8, 0xf4, 0x85, 0x88, 0xf7, 0xf9, 0xf9, 0xfa, 0xe1, 0xe3,
	0xfd, 0xf4, 0xa2, 0x62, 0xa4, 0x03, 0x64, 0x04, 0x05, 0xa9, 0x06, 0xac, 0xad, 0x08, 0x09, 0x09, 0x0a, 0x0b, 0x0b, 0x0c, 0x0c, 0x0d, 0x0d, 0x0e, 0x0e, 0x0f, 0x0f, 0x10, 0x11, 0x11, 0x12, 0x13, 0x13, 0x14, 0xa2, 0x62, 0xa3, 0x63, 0x24, 0x25,
	0x26, 0x26, 0x26, 0x27, 0x28, 0x29, 0x29, 0x2a, 0x2a, 0x2c, 0x2c, 0x2d, 0x2e, 0x2f, 0x2f, 0x30, 0xb2, 0xb3, 0xb3, 0xb4, 0x6f, 0xb5, 0xb6, 0xb6, 0xb7, 0xb8, 0x5c, 0x5d, 0x5e, 0x5f, 0x5f, 0x40, 0x41, 0x41, 0x42, 0x43, 0x44, 0x44, 0x45, 0x46,
	0x46, 0x47, 0xa2, 0x62, 0x02, 0xa4, 0x03, 0x03, 0x56, 0x04, 0x57, 0x57, 0x58, 0x59, 0x59, 0x5a, 0x5b, 0x5c, 0xa2, 0x62, 0xa3, 0x63, 0x64, 0x65, 0x65, 0x66, 0x66, 0x67, 0x68, 0x68, 0x69, 0x6a, 0x6a, 0x6b, 0x6c, 0x6d, 0x6d, 0x6e, 0x6e, 0x6e,
	0x6f, 0x6f, 0x70, 0x70, 0x71, 0x71, 0x72, 0x72, 0x73, 0x73, 0xa2, 0xa3, 0x23, 0x24, 0x25, 0x84, 0x85, 0x86, 0x86, 0x87, 0x88, 0x88, 0x89, 0x8a, 0x8a, 0x8b, 0x2a, 0xf0, 0xf0, 0x91, 0x91, 0x92, 0x92, 0x93, 0x93, 0x94, 0x95, 0x95, 0x96, 0x97,
	0x98, 0x98, 0xa2, 0x62, 0xa3, 0xa4, 0x63, 0xa5, 0xa6, 0x64, 0xa7, 0xa8, 0xa8, 0xa9, 0xaa, 0xaa, 0xab, 0xac, 0xad, 0xae, 0xaf, 0xaf, 0xb0, 0xb1, 0xb1, 0xb2, 0xb3, 0xb3, 0xb4, 0xb5, 0xb5, 0xb6, 0xb6, 0xb7, 0x26, 0xc0, 0xc1, 0xc2, 0xc2, 0xc3,
	0xc3, 0xc4, 0xc5, 0xc5, 0x30, 0x31, 0x32, 0x34, 0x35, 0x36, 0x8b, 0xc5, 0xc5, 0x30, 0x31, 0x32, 0x33, 0x34, 0x34, 0x35, 0x36, 0x37, 0x37, 0x38, 0x74, 0x75, 0x54, 0x54, 0x55, 0xe2, 0xe4, 0xe4, 0xe5, 0xe6, 0xe6, 0xe7, 0xe7, 0xe7, 0x89, 0x8a,
	0x8a, 0x8b, 0x66, 0x93, 0xf1, 0xf3, 0xe8, 0xf4, 0x85, 0x88, 0xf7, 0xf9, 0xfa, 0xfa, 0xe1, 0xe3, 0xfd, 0xf4, 0x62, 0xa3, 0x63, 0xa6, 0x04, 0x05, 0xa9, 0x06, 0x07, 0x07, 0x08, 0xaf, 0x09, 0x0a, 0x0a, 0x0b, 0x0c, 0x0c, 0x0d, 0x0d, 0x0e, 0x0e,
	0x0e, 0x0f, 0x10, 0x11, 0x11, 0x12, 0x12, 0x13, 0x14, 0x15, 0x62, 0xa3, 0xa4, 0x63, 0xa5, 0x25, 0x26, 0x26, 0x27, 0x28, 0x29, 0x29, 0x2a, 0x2a, 0x2b, 0x2c, 0x2d, 0x2d, 0x2e, 0x2f, 0x30, 0xb1, 0xb2, 0xb3, 0xb3, 0xb4, 0xb5, 0xb5, 0xb6, 0xb6,
	0xb8, 0xb8, 0x5d, 0x5d, 0x5e, 0x5f, 0x40, 0x40, 0x41, 0x42, 0x43, 0x43, 0x44, 0x44, 0x45, 0x46, 0x47, 0x47, 0x62, 0xa3, 0xa4, 0x54, 0x03, 0x55, 0x56, 0x57, 0x57, 0x58, 0x58, 0x59, 0x59, 0x5a, 0x5b, 0x5c, 0x62, 0xa3, 0x63, 0xa5, 0x64, 0x65,
	0x65, 0x66, 0x67, 0x67, 0x68, 0x69, 0x69, 0x6a, 0x6b, 0x6c, 0x6c, 0x6d, 0x6e, 0x6e, 0x6e, 0x6f, 0x6f, 0x70, 0x70, 0x70, 0x71, 0x71, 0x72, 0x73, 0x73, 0x74, 0x62, 0xa3, 0x24, 0x25, 0x25, 0xc0, 0x27, 0x86, 0x87, 0x87, 0x88, 0x89, 0x89, 0x8a,
	0x8b, 0x8b, 0x2a, 0xf0, 0x90, 0x91, 0x91, 0x92, 0x92, 0x93, 0x94, 0x94, 0x95, 0x96, 0x97, 0x97, 0x98, 0x99, 0x62, 0xa3, 0xa3, 0x63, 0x03, 0xa6, 0x64, 0xa7, 0xa8, 0x65, 0xa9, 0xa9, 0xaa, 0xab, 0xab, 0xac, 0xad, 0xae, 0xaf, 0xb0, 0xb0, 0xb1,
	0xb2, 0xb2, 0xb3, 0xb4, 0xb4, 0xb5, 0xb6, 0xb6, 0xb7, 0xb8, 0x26, 0xc1, 0xc1, 0xc2, 0xc2, 0xc3, 0xc4, 0xc4, 0xc5, 0xc5, 0x31, 0x32, 0x33, 0x34, 0x35, 0xb7, 0x8b, 0xc5, 0xc5, 0xc6, 0x32, 0x32, 0x33, 0x34, 0x35, 0x35, 0x36, 0x37, 0x38, 0x38,
	0xb9, 0x75, 0x55, 0xe0, 0x55, 0xe2, 0xe4, 0xe5, 0xe5, 0xe6, 0xe6, 0xe7, 0xe7, 0xe7, 0x8a, 0x8a, 0x8b, 0x8b, 0x67, 0x94, 0x9a, 0xf3, 0xe8, 0xf4, 0x85, 0x88, 0xf7, 0xf9, 0xfa, 0xfa, 0xe0, 0xe3, 0xfd, 0xf4, 0xa3, 0xa4, 0x03, 0x64, 0xa7, 0x05,
	0xa9, 0x06, 0x07, 0xad, 0x08, 0xaf, 0x09, 0x0a, 0x0b, 0x0c, 0x0c, 0x0c, 0x0d, 0x0e, 0x0e, 0x0e, 0x0f, 0x0f, 0x10, 0x11, 0x11, 0x12, 0x13, 0x13, 0x14, 0x15, 0xa3, 0xa3, 0xa4, 0xa5, 0x25, 0x26, 0x26, 0xa8, 0x28, 0x28, 0x29, 0x29, 0x2a, 0x2b,
	0x2c, 0x2c, 0x2d, 0x2e, 0x2f, 0x2f, 0x30, 0x31, 0xb2, 0xb3, 0xb4, 0xb4, 0xb5, 0xb6, 0xb6, 0xb7, 0xb8, 0xb8, 0x5d, 0x5e, 0x5f, 0x5f, 0x40, 0x41, 0x41, 0x42, 0x43, 0x44, 0x44, 0x45, 0x46, 0x46, 0x47, 0x48, 0xa3, 0xa4, 0x54, 0x03, 0x03, 0x04,
	0x04, 0x05, 0x05, 0x58, 0x59, 0x59, 0x5a, 0x5b, 0x5b, 0x5c, 0xa3, 0xa4, 0x63, 0xa6, 0x65, 0x65, 0x66, 0x66, 0x67, 0x68, 0x68, 0x69, 0x6a, 0x6a, 0x6b, 0x6c, 0x6c, 0x6d, 0x6e, 0x6e, 0x6f, 0x6f, 0x6f, 0x70, 0x71, 0x71, 0x71, 0x72, 0x72, 0x73,
	0x74, 0x74, 0xa3, 0x63, 0x24, 0x25, 0x25, 0xc0, 0x27, 0x28, 0x87, 0x88, 0x88, 0x89, 0x8a, 0x8a, 0x8b, 0x8b, 0x68, 0xf0, 0x90, 0x91, 0x91, 0x92, 0x93, 0x93, 0x94, 0x95, 0x95, 0x96, 0x97, 0x98, 0x98, 0x99, 0xa3, 0xa3, 0x63, 0x63, 0x03, 0xa6,
	0xa7, 0xa7, 0xa8, 0x66, 0xa9, 0xaa, 0xaa, 0xab, 0xac, 0xad, 0xae, 0xaf, 0xaf, 0xb0, 0xb1, 0xb1, 0xb2, 0xb3, 0xb3, 0xb4, 0xb5, 0xb5, 0xb6, 0xb6, 0xb7, 0xb8, 0x26, 0xc1, 0x29, 0xc2, 0xc3, 0xc3, 0xc4, 0xc4, 0xc5, 0x30, 0x31, 0x32, 0x33, 0x34,
	0x36, 0xb7, 0x8c, 0xc5, 0xc6, 0xc6, 0x32, 0x33, 0x33, 0x34, 0x35, 0x36, 0x37, 0x37, 0x38, 0x38, 0x39, 0x75, 0x55, 0x55, 0x55, 0x55, 0xe4, 0xe5, 0xe5, 0xe6, 0xe7, 0xe7, 0xe7, 0xe9, 0x8a, 0x8a, 0x8b, 0x8b, 0xf0, 0x95, 0x9a, 0xf3, 0xe8, 0xf4,
	0x85, 0x89, 0xf7, 0xf9, 0xfa, 0xfa, 0xe0, 0xe3, 0xfd, 0xf4, 0xa4, 0x63, 0x03, 0x04, 0x65, 0xa9, 0x06, 0xab, 0xac, 0xad, 0x08, 0x09, 0x0a, 0xb1, 0x0b, 0x0c, 0x0c, 0x0d, 0x0d, 0x0e, 0x0e, 0x0e, 0x0f, 0x10, 0x11, 0x11, 0x12, 0x12, 0x13, 0x14,
	0x15, 0x16, 0xa4, 0x63, 0x63, 0x25, 0x26, 0xa7, 0xa8, 0x28, 0x28, 0x29, 0x29, 0x2a, 0x2b, 0x2c, 0x2c, 0x2d, 0x2e, 0x2e, 0x2f, 0x30, 0x31, 0xb2, 0x32, 0xb4, 0xb4, 0xb5, 0xb6, 0xb6, 0xb7, 0xb7, 0xb8, 0xb9, 0x5e, 0x5e, 0x5f, 0x40, 0x40, 0x41,
	0x42, 0x42, 0x43, 0x44, 0x44, 0x45, 0x46, 0x47, 0x47, 0x48, 0xa4, 0x63, 0x03, 0x03, 0x04, 0x04, 0x05, 0x05, 0x05, 0x59, 0x59, 0x5a, 0x5b, 0x5b, 0x5c, 0x5d, 0xa4, 0x63, 0xa5, 0x64, 0x65, 0x66, 0x66, 0x67, 0x67, 0x68, 0x69, 0x69, 0x6a, 0x6b,
	0x6b, 0x6c, 0x6d, 0x6e, 0x6e, 0x6e, 0x6f, 0x6f, 0x70, 0x70, 0x71, 0x71, 0x72, 0x72, 0x73, 0x73, 0x74, 0x74, 0xa4, 0x24, 0x25, 0x25, 0x26, 0x27, 0x28, 0x28, 0x87, 0x88, 0x88, 0x89, 0x8a, 0x8a, 0x8b, 0x8c, 0x2b, 0x90, 0x91, 0x91, 0x92, 0x92,
	0x93, 0x94, 0x94, 0x95, 0x96, 0x96, 0x97, 0x98, 0x99, 0x99, 0xa4, 0x63, 0x63, 0xa5, 0xa6, 0xa7, 0xa7, 0x65, 0xa8, 0xa9, 0xaa, 0xaa, 0xab, 0xac, 0xac, 0xae, 0xae, 0xaf, 0xb0, 0xb0, 0xb1, 0xb2, 0xb2, 0xb3, 0xb4, 0xb4, 0xb5, 0xb6, 0xb6, 0xb7,
	0xb8, 0xb8, 0x27, 0xc1, 0x29, 0xc2, 0xc3, 0xc3, 0xc4, 0xc5, 0xc5, 0x30, 0x31, 0x33, 0x33, 0x35, 0x36, 0x37, 0xc5, 0xc5, 0xc6, 0xc7, 0x32, 0x33, 0x34, 0x35, 0x36, 0x36, 0x37, 0x38, 0x38, 0x39, 0x3a, 0x3a, 0x55, 0x55, 0x56, 0x56, 0xe5, 0xe5,
	0xe6, 0xe6, 0xe7, 0xe7, 0xe9, 0xe9, 0x8a, 0x8b, 0x8b, 0x8c, 0xf0, 0x95, 0x9a, 0xf3, 0xe8, 0xf4, 0x86, 0x89, 0xf7, 0xf9, 0xfa, 0xfa, 0xe0, 0xe3, 0xfd, 0xf4, 0x63, 0x03, 0xa6, 0x04, 0x65, 0xa9, 0x67, 0x07, 0xad, 0x08, 0xaf, 0x09, 0x0a, 0x0b,
	0x0b, 0x0c, 0x0c, 0x0d, 0x0e, 0x0e, 0x0e, 0x0f, 0x0f, 0x10, 0x11, 0x12, 0x12, 0x13, 0x13, 0x14, 0x15, 0x16, 0x63, 0x63, 0xa5, 0xa6, 0x26, 0x26, 0xa8, 0x28, 0x29, 0x29, 0x2a, 0x2a, 0x2b, 0x2c, 0x2c, 0x2d, 0x2e, 0x2f, 0x2f, 0x31, 0x31, 0x31,
	0xb3, 0xb4, 0xb4, 0xb5, 0xb6, 0xb6, 0xb7, 0xb8, 0xb8, 0xb9, 0x5e, 0x5f, 0x5f, 0x40, 0x41, 0x41, 0x42, 0x43, 0x44, 0x44, 0x45, 0x45, 0x46, 0x47, 0x48, 0x48, 0x63, 0x03, 0x03, 0xa6, 0x04, 0x04, 0x05, 0xa9, 0x58, 0x06, 0x06, 0x07, 0x5b, 0x5c,
	0x5c, 0x5d, 0x63, 0x03, 0xa6, 0x64, 0x65, 0x66, 0x66, 0x67, 0x68, 0x68, 0x69, 0x6a, 0x6a, 0x6b, 0x6c, 0x6c, 0x6d, 0x6e, 0x6e, 0x6f, 0x6f, 0x6f, 0x70, 0x71, 0x71, 0x72, 0x72, 0x72, 0x73, 0x74, 0x74, 0x75, 0x63, 0x63, 0x25, 0x26, 0x26, 0x27,
	0x28, 0x28, 0xc2, 0x2b, 0x88, 0x8a, 0x8a, 0x8b, 0x8b, 0x8c, 0x90, 0x90, 0x91, 0x91, 0x92, 0x93, 0x93, 0x94, 0x94, 0x95, 0x96, 0x97, 0x98, 0x98, 0x99, 0x99, 0x63, 0x63, 0xa5, 0xa6, 0xa7, 0xa7, 0x65, 0xa8, 0xa9, 0xaa, 0xaa, 0xab, 0x68, 0xac,
	0xad, 0xae, 0xaf, 0xaf, 0xb0, 0xb1, 0xb1, 0xb2, 0xb3, 0xb3, 0xb4, 0xb5, 0xb5, 0xb6, 0xb6, 0xb7, 0xb8, 0xb9, 0x27, 0x29, 0x2a, 0x2b, 0x90, 0xc4, 0xc4, 0xc5, 0xc6, 0xc6, 0x32, 0x33, 0x34, 0x35, 0x36, 0x38, 0xc6, 0xc6, 0xc6, 0x31, 0x33, 0x33,
	0x34, 0x35, 0x36, 0x36, 0x37, 0x38, 0x39, 0x39, 0x3a, 0x3a, 0x56, 0x55, 0x56, 0x56, 0xe5, 0xe5, 0xe6, 0xe6, 0xe7, 0xe7, 0xe9, 0xe9, 0x2e, 0x8b, 0x8b, 0x8c, 0xf0, 0x95, 0x9a, 0xe5, 0xe8, 0xf4, 0x86, 0x89, 0x8c, 0xf9, 0xfa, 0xfa, 0x55, 0xe3,
	0xfd, 0xf4, 0x63, 0xa6, 0xa7, 0x65, 0xa9, 0x06, 0x07, 0xac, 0x08, 0x08, 0x09, 0x0a, 0x0b, 0x0b, 0xb2, 0x0c, 0x0d, 0x0d, 0x0e, 0x0e, 0x0f, 0x0f, 0x10, 0x11, 0x11, 0x12, 0x13, 0x13, 0x14, 0x14, 0x16, 0x16, 0x63, 0x64, 0xa6, 0xa7, 0x65, 0xa8,
	0x66, 0xaa, 0x29, 0x2a, 0x2a, 0x2b, 0x90, 0x90, 0x2d, 0x2e, 0x2f, 0x2f, 0x30, 0x31, 0x31, 0x32, 0xb4, 0xb4, 0xb5, 0xb5, 0xb6, 0xb7, 0xb7, 0xb8, 0xb9, 0xba, 0x5f, 0x5f, 0x40, 0x41, 0x41, 0x42, 0x43, 0x43, 0x44, 0x45, 0x45, 0x46, 0x47, 0x48,
	0x48, 0x49, 0x63, 0xa6, 0xa6, 0x04, 0x04, 0x05, 0x05, 0x06, 0x06, 0x07, 0x07, 0x5b, 0x5b, 0x5c, 0x5d, 0x5d, 0x63, 0xa6, 0x64, 0x65, 0x65, 0x66, 0x67, 0x67, 0x68, 0x69, 0x6a, 0x6a, 0x6b, 0x6b, 0x6c, 0x6d, 0x6d, 0x6e, 0x6f, 0x6f, 0x6f, 0x70,
	0x70, 0x71, 0x71, 0x72, 0x73, 0x73, 0x74, 0x74, 0x74, 0x76, 0x63, 0xa5, 0x26, 0x26, 0x27, 0x28, 0x29, 0x29, 0x2a, 0x2b, 0xc3, 0xc4, 0xc4, 0x8b, 0x8c, 0x8d, 0x90, 0x90, 0x91, 0x92, 0x92, 0x93, 0x94, 0x94, 0x95, 0x95, 0x96, 0x98, 0x98, 0x98,
	0x99, 0x9a, 0x63, 0x64, 0xa6, 0x64, 0x65, 0xa8, 0x66, 0xa9, 0xaa, 0xaa, 0xab, 0x68, 0xac, 0xad, 0xae, 0xaf, 0xaf, 0xb0, 0xb0, 0xb1, 0xb2, 0xb2, 0xb3, 0xb4, 0xb4, 0xb5, 0xb6, 0xb6, 0xb7, 0xb7, 0xb8, 0xb9, 0xc1, 0x29, 0x2a, 0x90, 0x90, 0xc4,
	0xc5, 0xc5, 0xc6, 0xc6, 0x32, 0x33, 0x34, 0x35, 0x36, 0x38, 0xc6, 0xc6, 0xc7, 0x32, 0x33, 0x34, 0x34, 0x35, 0x36, 0x37, 0x37, 0x38, 0x39, 0x3a, 0x3a, 0x3a, 0x56, 0x56, 0x56, 0x57, 0xe5, 0xaa, 0xe6, 0xe7, 0xe7, 0xe7, 0xe9, 0xe9, 0x2e, 0x8b,
	0x8c, 0x8d, 0xf0, 0x95, 0x9c, 0x28, 0xe8, 0xf4, 0x86, 0x89, 0x8d, 0xf9, 0xfa, 0xfa, 0x55, 0xe3, 0xfd, 0xf4, 0xa6, 0xa6, 0x04, 0x66, 0xa9, 0x06, 0x07, 0xad, 0x08, 0x09, 0x09, 0x0a, 0x0b, 0xb2, 0x0c, 0x0d, 0x0d, 0x0e, 0x0e, 0x0f, 0x0f, 0x10,
	0x10, 0x11, 0x12, 0x12, 0x13, 0x13, 0x14, 0x15, 0x16, 0x17, 0xa6, 0xa6, 0xa6, 0x65, 0xa8, 0xa8, 0xa9, 0x29, 0xab, 0xac, 0xac, 0x2b, 0x90, 0x90, 0x90, 0x2e, 0x2f, 0xb1, 0x31, 0x31, 0x32, 0x32, 0xb4, 0xb4, 0xb5, 0xb6, 0xb7, 0xb7, 0xb8, 0xb8,
	0xb9, 0xba, 0x5f, 0x40, 0x40, 0x41, 0x42, 0x42, 0x43, 0x44, 0x45, 0x45, 0x46, 0x46, 0x47, 0x48, 0x49, 0x49, 0xa6, 0xa6, 0xa6, 0x04, 0x65, 0x05, 0xa9, 0x06, 0x06, 0x07, 0x07, 0x5b, 0x08, 0x5d, 0x5d, 0x5e, 0xa6, 0xa6, 0x65, 0x65, 0x66, 0x66,
	0x67, 0x68, 0x68, 0x69, 0x6a, 0x6a, 0x6b, 0x6c, 0x6c, 0x6d, 0x6e, 0x6f, 0x6f, 0x6f, 0x70, 0x70, 0x71, 0x71, 0x72, 0x73, 0x73, 0x73, 0x74, 0x75, 0x76, 0x76, 0xa6, 0xa6, 0x26, 0x26, 0x27, 0x28, 0x29, 0x2a, 0x2b, 0x2b, 0xc3, 0xc4, 0xc4, 0xc5,
	0xc5, 0x8d, 0x90, 0x91, 0x91, 0x92, 0x93, 0x93, 0x94, 0x95, 0x95, 0x96, 0x97, 0x98, 0x98, 0x99, 0x99, 0x9a, 0xa6, 0xa6, 0x64, 0x65, 0xa7, 0x65, 0x66, 0xa9, 0x67, 0x67, 0x68, 0xac, 0xad, 0xad, 0xae, 0xaf, 0xb0, 0xb0, 0xb1, 0xb1, 0xb2, 0xb3,
	0xb3, 0xb4, 0xb5, 0xb5, 0xb6, 0xb7, 0xb7, 0xb8, 0xb9, 0xb9, 0xc1, 0x29, 0x2a, 0x90, 0x90, 0x91, 0xc5, 0xc5, 0xc6, 0x32, 0x33, 0x33, 0x34, 0x36, 0x37, 0x38, 0xc6, 0xc6, 0xc7, 0x33, 0x33, 0x34, 0x34, 0x36, 0x37, 0x37, 0x38, 0x39, 0x39, 0x3a,
	0x3a, 0x3a, 0x57, 0x56, 0x57, 0x57, 0xe5, 0xaa, 0xe6, 0xe7, 0xe7, 0xe9, 0xe9, 0xe9, 0x2e, 0x2f, 0xc5, 0x8d, 0xf0, 0x95, 0x9c, 0x28, 0xe9, 0xf4, 0x87, 0x8a, 0x8d, 0xf9, 0xfa, 0xfa, 0x56, 0xe3, 0xfd, 0xf4, 0xa6, 0x64, 0xa7, 0x66, 0x06, 0xab,
	0xac, 0xad, 0x08, 0x09, 0xb0, 0xb1, 0x0b, 0xb2, 0x0c, 0x0d, 0x0d, 0x0e, 0x0e, 0x0f, 0x10, 0x10, 0x11, 0x11, 0x12, 0x13, 0x13, 0x14, 0x14, 0x16, 0x16, 0x18, 0xa6, 0x64, 0xa7, 0xa8, 0xa8, 0x66, 0xaa, 0xab, 0x2a, 0x68, 0x2b, 0x2c, 0x90, 0x90,
	0x2e, 0x2f, 0x2f, 0x30, 0x31, 0x31, 0x32, 0x33, 0xb4, 0xb5, 0xb5, 0xb6, 0xb7, 0xb7, 0xb8, 0xb9, 0xb9, 0xba, 0x5f, 0x0a, 0x41, 0x41, 0x42, 0x43, 0x44, 0x44, 0x45, 0x46, 0x46, 0x47, 0x48, 0x48, 0x49, 0x4a, 0xa6, 0x64, 0x04, 0xa7, 0x05, 0x05,
	0x06, 0x06, 0x07, 0x07, 0x07, 0x08, 0x08, 0x09, 0x5e, 0x0a, 0xa6, 0x64, 0x65, 0x66, 0x66, 0x67, 0x67, 0x68, 0x69, 0x6a, 0x6a, 0x6b, 0x6c, 0x6c, 0x6c, 0x6d, 0x6e, 0x6f, 0x6f, 0x70, 0x70, 0x71, 0x71, 0x72, 0x72, 0x73, 0x74, 0x74, 0x74, 0x75,
	0x76, 0x78, 0xa6, 0x26, 0x26, 0x27, 0x28, 0x28, 0x2a, 0x2b, 0x2b, 0xc3, 0xc3, 0xc4, 0xc4, 0xc5, 0x8c, 0xc6, 0x90, 0x91, 0x92, 0x92, 0x93, 0x94, 0x94, 0x95, 0x95, 0x96, 0x98, 0x98, 0x98, 0x99, 0x9a, 0x9a, 0xa6, 0x64, 0x65, 0x65, 0x65, 0x66,
	0x66, 0x67, 0xab, 0x68, 0xac, 0xac, 0xad, 0xae, 0xaf, 0xaf, 0xb0, 0x6b, 0xb1, 0xb2, 0xb2, 0xb3, 0xb4, 0xb4, 0xb5, 0xb6, 0xb6, 0xb7, 0xb7, 0xb8, 0xb9, 0xba, 0x29, 0x2a, 0x2b, 0x90, 0x90, 0xc4, 0xc5, 0xc6, 0xc6, 0x32, 0x33, 0x34, 0x35, 0x36,
	0x37, 0x39, 0xc6, 0xc7, 0xc7, 0x33, 0x34, 0x34, 0x35, 0x36, 0x37, 0x38, 0x38, 0x39, 0x3a, 0x3a, 0x3a, 0x3c, 0x57, 0x57, 0x57, 0x58, 0xaa, 0xab, 0xac, 0xe7, 0xe7, 0xe9, 0xe9, 0xea, 0x2f, 0x2f, 0x8d, 0xc6, 0xf0, 0x96, 0x9c, 0x28, 0xe9, 0xf4,
	0x87, 0x8a, 0x8d, 0xf9, 0xfa, 0xfa, 0x56, 0xe3, 0xfd, 0xf4, 0x64, 0x65, 0x65, 0x66, 0x06, 0x07, 0xad, 0x08, 0x09, 0xb0, 0x0a, 0xb1, 0x0b, 0x0c, 0xb3, 0x0d, 0x0e, 0x0e, 0x0f, 0x0f, 0x10, 0x11, 0x11, 0x12, 0x12, 0x13, 0x14, 0x14, 0x15, 0x16,
	0x17, 0x18, 0x64, 0x65, 0x65, 0xa8, 0x66, 0xa9, 0x67, 0xab, 0x2a, 0xac, 0xad, 0x90, 0x90, 0x2e, 0x2e, 0x2f, 0x30, 0x31, 0x31, 0x32, 0x32, 0x33, 0xb4, 0x35, 0xb6, 0x36, 0xb7, 0xb8, 0xb8, 0xb9, 0xba, 0x3a, 0x0a, 0x40, 0x41, 0x42, 0x0c, 0x43,
	0x44, 0x44, 0x45, 0x46, 0x46, 0x47, 0x48, 0x49, 0x49, 0x4a, 0x64, 0x65, 0x04, 0x05, 0x05, 0xa9, 0x06, 0x07, 0x07, 0x07, 0x08, 0x08, 0x08, 0x5e, 0x5e, 0x5f, 0x64, 0x65, 0x65, 0x66, 0x67, 0x67, 0x68, 0x68, 0x69, 0x6a, 0x6a, 0x6b, 0x6c, 0x6c,
	0x6d, 0x6e, 0x6e, 0x6f, 0x70, 0x70, 0x71, 0x71, 0x71, 0x72, 0x73, 0x73, 0x74, 0x74, 0x75, 0x76, 0x76, 0x78, 0x64, 0xa7, 0xa8, 0x27, 0x28, 0x29, 0x2a, 0x2b, 0x2b, 0xc3, 0x2d, 0xc4, 0xc5, 0xc5, 0xc6, 0xc6, 0x90, 0x91, 0x92, 0x93, 0x93, 0x94,
	0x95, 0x95, 0x95, 0x96, 0x98, 0x98, 0x99, 0x99, 0x9a, 0x9b, 0x64, 0x65, 0x65, 0x65, 0x66, 0xa9, 0x67, 0xaa, 0x67, 0xac, 0xac, 0xad, 0xae, 0xaf, 0xaf, 0xb0, 0xb0, 0xb1, 0xb2, 0xb2, 0xb3, 0xb3, 0xb4, 0xb5, 0xb5, 0xb6, 0xb7, 0xb7, 0xb8, 0xb8,
	0xb9, 0xba, 0x67, 0x68, 0x90, 0x90, 0x91, 0x2f, 0xc5, 0xc6, 0xc6, 0x32, 0x33, 0x34, 0x35, 0x36, 0x37, 0x39, 0xc7, 0xc7, 0xc7, 0x33, 0x34, 0x35, 0x35, 0x36, 0x37, 0x38, 0x39, 0x39, 0x3a, 0x3a, 0x3a, 0x3c, 0x05, 0x57, 0x05, 0x58, 0xaa, 0xab,
	0xac, 0xe7, 0xe9, 0xe9, 0xe9, 0xea, 0x2f, 0x2f, 0xc6, 0xc6, 0x69, 0x96, 0x9c, 0x28, 0xe9, 0xf4, 0x87, 0x8a, 0x8e, 0xf9, 0xfa, 0xfa, 0x56, 0x58, 0xfd, 0xf4, 0x65, 0x65, 0x66, 0x66, 0x67, 0x07, 0xad, 0x08, 0x09, 0xb0, 0xb1, 0x0b, 0x0c, 0x0c,
	0x0d, 0x0e, 0x0e, 0x0e, 0x0f, 0x10, 0x10, 0x11, 0x12, 0x12, 0x13, 0x13, 0x14, 0x15, 0x16, 0x16, 0x17, 0x18, 0x65, 0x65, 0xa8, 0x66, 0xa9, 0xaa, 0x67, 0xac, 0xac, 0x90, 0x90, 0x90, 0x90, 0x2e, 0x2f, 0x2f, 0x31, 0x31, 0x31, 0x32, 0x33, 0xb4,
	0x34, 0x35, 0xb6, 0xb7, 0x37, 0x38, 0x38, 0xb9, 0xba, 0x3a, 0x40, 0x41, 0x41, 0x42, 0x43, 0x44, 0x44, 0x45, 0x46, 0x46, 0x47, 0x47, 0x48, 0x49, 0x4a, 0x4b, 0x65, 0x65, 0x65, 0x05, 0xa9, 0x06, 0x06, 0x07, 0x07, 0x08, 0x08, 0x08, 0x08, 0x09,
	0x0a, 0x0a, 0x65, 0x65, 0x66, 0x66, 0x67, 0x67, 0x68, 0x69, 0x69, 0x6a, 0x6b, 0x6c, 0x6c, 0x6d, 0x6d, 0x6e, 0x6f, 0x6f, 0x70, 0x71, 0x71, 0x71, 0x72, 0x72, 0x73, 0x74, 0x74, 0x75, 0x76, 0x76, 0x78, 0x78, 0x65, 0x65, 0xa8, 0x28, 0x29, 0x29,
	0x2a, 0x2b, 0x2c, 0x2d, 0xc4, 0xc4, 0xc5, 0xc5, 0xc6, 0xc7, 0x90, 0x91, 0x92, 0x93, 0x94, 0x94, 0x95, 0x95, 0x96, 0x97, 0x98, 0x98, 0x99, 0x99, 0x9a, 0x9b, 0x65, 0x65, 0x65, 0x66, 0x66, 0xaa, 0x67, 0x67, 0x68, 0xac, 0xad, 0xad, 0xaf, 0xaf,
	0xaf, 0xb0, 0xb1, 0xb1, 0xb2, 0xb3, 0xb3, 0xb4, 0xb4, 0xb5, 0xb6, 0xb6, 0xb7, 0xb8, 0xb8, 0xb9, 0xba, 0xba, 0x29, 0x68, 0x90, 0x90, 0x2e, 0x92, 0x30, 0xc6, 0xc7, 0x33, 0x34, 0x34, 0x35, 0x37, 0x38, 0x39, 0xc7, 0xc7, 0x33, 0xc9, 0x34, 0x35,
	0x36, 0xcb, 0x37, 0x38, 0x39, 0x3a, 0x3a, 0x3a, 0x3c, 0x3c, 0x05, 0x57, 0x58, 0x58, 0xaa, 0xab, 0xae, 0xae, 0xe9, 0x2e, 0xe9, 0xea, 0x2f, 0x2f, 0xc6, 0xc7, 0x69, 0x96, 0x9c, 0x29, 0xe9, 0xf4, 0x2a, 0x8b, 0xee, 0xf0, 0xfa, 0xfa, 0x57, 0x58,
	0xfd, 0xf4, 0x65, 0x65, 0x66, 0x06, 0x68, 0xac, 0x69, 0x08, 0x09, 0x0a, 0xb1, 0xb2, 0x0c, 0xb3, 0x0d, 0x0e, 0x0e, 0x0f, 0x0f, 0x10, 0x11, 0x11, 0x12, 0x12, 0x13, 0x14, 0x14, 0x15, 0x16, 0x17, 0x18, 0x18, 0x65, 0x65, 0xa8, 0x66, 0xaa, 0x67,
	0x67, 0xac, 0xad, 0xae, 0x90, 0x90, 0x2e, 0x2e, 0x2f, 0x30, 0x31, 0x31, 0x32, 0x32, 0x33, 0x34, 0x35, 0x36, 0x36, 0xb7, 0xb8, 0x38, 0xb9, 0x39, 0xba, 0xbb, 0x0b, 0x0c, 0x0c, 0x0c, 0x43, 0x44, 0x45, 0x45, 0x46, 0x47, 0x47, 0x48, 0x49, 0x49,
	0x4a, 0x4b, 0x65, 0x65, 0x65, 0xa9, 0x06, 0x06, 0x07, 0x07, 0x08, 0x08, 0x08, 0x08, 0x09, 0x0a, 0x0a, 0x0a, 0x65, 0x65, 0x66, 0x67, 0x67, 0x68, 0x68, 0x69, 0x6a, 0x6a, 0x6b, 0x6c, 0x6c, 0x6d, 0x6e, 0x6e, 0x6f, 0x70, 0x70, 0x71, 0x71, 0x71,
	0x72, 0x73, 0x73, 0x74, 0x75, 0x76, 0x76, 0x77, 0x78, 0x78, 0x65, 0xa8, 0xa8, 0x28, 0x29, 0x2a, 0x2b, 0x2b, 0x2c, 0x2d, 0x2e, 0xc4, 0xc5, 0xc5, 0xc6, 0xc7, 0x6b, 0x92, 0x92, 0x93, 0x94, 0x94, 0x95, 0x96, 0x96, 0x98, 0x98, 0x99, 0x99, 0x99,
	0x9a, 0x9b, 0x65, 0x65, 0x65, 0x66, 0x66, 0x67, 0x67, 0x68, 0xac, 0xad, 0xad, 0xae, 0xaf, 0xaf, 0xb0, 0xb0, 0xb1, 0xb2, 0xb2, 0xb3, 0xb4, 0xb4, 0xb5, 0xb5, 0xb6, 0xb6, 0xb7, 0xb8, 0xb9, 0xb9, 0xba, 0xbb, 0x67, 0x90, 0x90, 0x91, 0x2f, 0x2f,
	0x31, 0xc6, 0xc7, 0x33, 0x34, 0x35, 0x36, 0x37, 0x38, 0x39, 0xc7, 0xc7, 0xc9, 0xc9, 0x34, 0x35, 0xcb, 0x37, 0x38, 0x39, 0x39, 0x3a, 0x3a, 0x3a, 0x3c, 0x3d, 0x05, 0x58, 0x58, 0x59, 0xab, 0xac, 0xae, 0x2d, 0xe9, 0x2e, 0x2f, 0xea, 0x2f, 0x30,
	0xc6, 0xc7, 0x6a, 0x97, 0x9c, 0x2a, 0xea, 0xf4, 0x2a, 0x8b, 0xee, 0xf0, 0xfa, 0xfa, 0x57, 0x5a, 0x5a, 0xf4, 0x65, 0x66, 0xa9, 0x67, 0x68, 0xad, 0x08, 0x6a, 0xb0, 0xb1, 0x0b, 0xb2, 0x0c, 0x0d, 0x0e, 0x0e, 0xb6, 0x0f, 0x10, 0x11, 0x11, 0x12,
	0x13, 0x13, 0x14, 0x15, 0x15, 0x16, 0x16, 0x18, 0x18, 0x19, 0x65, 0x65, 0x66, 0xaa, 0x67, 0x67, 0x68, 0xad, 0xad, 0x90, 0x90, 0x2e, 0x2e, 0x2f, 0x30, 0x31, 0x31, 0x32, 0x32, 0x33, 0x34, 0x35, 0x35, 0x36, 0x36, 0x37, 0x38, 0x38, 0x39, 0x3a,
	0x3a, 0x3b, 0x41, 0x0c, 0x0c, 0x43, 0x44, 0x44, 0x45, 0x45, 0x46, 0x47, 0x47, 0x48, 0x49, 0x14, 0x4b, 0x4b, 0x65, 0x66, 0x66, 0xa9, 0x06, 0x06, 0x07, 0x07, 0x08, 0x08, 0x08, 0x09, 0x0a, 0x0a, 0x0a, 0x0b, 0x65, 0x66, 0x66, 0x67, 0x68, 0x68,
	0x69, 0x6a, 0x6a, 0x6b, 0x6c, 0x6c, 0x6d, 0x6e, 0x6e, 0x6f, 0x6f, 0x70, 0x71, 0x71, 0x72, 0x72, 0x73, 0x73, 0x74, 0x75, 0x76, 0x76, 0x77, 0x78, 0x78, 0x79, 0x65, 0xa8, 0xa9, 0x29, 0x29, 0x2a, 0x2b, 0x2c, 0x2d, 0x2e, 0x2e, 0xc5, 0xc5, 0xc6,
	0xc7, 0xc7, 0x6b, 0x92, 0x93, 0x94, 0x94, 0x95, 0x95, 0x96, 0x97, 0x98, 0x98, 0x99, 0x99, 0x9a, 0x9b, 0x9c, 0x65, 0x65, 0x66, 0x66, 0x67, 0x67, 0x68, 0x68, 0xad, 0x69, 0xae, 0xaf, 0xaf, 0xb0, 0xb0, 0xb1, 0xb1, 0xb2, 0xb3, 0xb3, 0xb4, 0xb5,
	0xb5, 0xb6, 0xb6, 0xb7, 0xb8, 0xb9, 0xb9, 0xba, 0xba, 0xbb, 0x68, 0x90, 0x90, 0x92, 0x92, 0x30, 0x94, 0x31, 0xc9, 0x33, 0x34, 0x35, 0x36, 0x38, 0x39, 0x3a, 0xc7, 0xc7, 0xc9, 0xca, 0xca, 0xcb, 0xcb, 0xcc, 0x38, 0x39, 0x3a, 0x3a, 0x3a, 0x3c,
	0x3d, 0x3d, 0x06, 0x59, 0x06, 0x5a, 0x07, 0xae, 0xae, 0x2d, 0xe9, 0x2f, 0x2f, 0xec, 0x30, 0x30, 0xc7, 0xc7, 0x6a, 0x98, 0x9d, 0x2a, 0xea, 0xf4, 0x2b, 0x8b, 0xee, 0x69, 0xfa, 0xfb, 0x58, 0x5a, 0x5a, 0xf4, 0x66, 0x66, 0x67, 0x67, 0x68, 0x69,
	0x6a, 0x09, 0x0a, 0xb1, 0xb2, 0x0c, 0xb3, 0xb4, 0x0e, 0x0f, 0x0f, 0x10, 0x11, 0x11, 0x11, 0x12, 0x13, 0x13, 0x14, 0x15, 0x16, 0x16, 0x17, 0x18, 0x19, 0x19, 0x66, 0x66, 0x66, 0x67, 0x67, 0xac, 0x68, 0xad, 0xae, 0x90, 0x90, 0xb0, 0x2f, 0x2f,
	0x30, 0x31, 0x31, 0x32, 0x33, 0x33, 0x34, 0x35, 0x35, 0x36, 0xb7, 0x37, 0x38, 0x39, 0x39, 0x3a, 0x3a, 0x3c, 0x0c, 0x0c, 0x0d, 0x44, 0x0e, 0x45, 0x45, 0x46, 0x47, 0x11, 0x12, 0x12, 0x49, 0x14, 0x4b, 0x4b, 0x66, 0x66, 0x66, 0x06, 0x06, 0x07,
	0x07, 0x08, 0x08, 0x08, 0x09, 0x09, 0x0a, 0x0a, 0x0a, 0x41, 0x66, 0x66, 0x66, 0x67, 0x68, 0x69, 0x69, 0x6a, 0x6b, 0x6b, 0x6c, 0x6c, 0x6d, 0x6e, 0x6e, 0x6f, 0x70, 0x70, 0x71, 0x71, 0x72, 0x72, 0x73, 0x74, 0x75, 0x75, 0x76, 0x76, 0x78, 0x78,
	0x78, 0x79, 0x66, 0x66, 0xaa, 0x29, 0x2a, 0x2b, 0x2b, 0x2c, 0x2d, 0x2e, 0x2f, 0x2f, 0xc6, 0xc6, 0xc7, 0xc7, 0x6b, 0x92, 0x93, 0x94, 0x95, 0x95, 0x96, 0x96, 0x97, 0x98, 0x98, 0x99, 0x9a, 0x9a, 0x9c, 0x9c, 0x66, 0x66, 0x66, 0x67, 0x67, 0x67,
	0x68, 0x68, 0xad, 0x69, 0xaf, 0xaf, 0x6a, 0x6b, 0xb0, 0xb1, 0xb2, 0xb2, 0xb3, 0xb4, 0xb4, 0xb5, 0xb5, 0xb6, 0xb7, 0xb8, 0xb8, 0xb9, 0xb9, 0xba, 0xbb, 0xbb, 0x68, 0x90, 0x90, 0x92, 0x30, 0x31, 0x31, 0x32, 0xc9, 0x34, 0x34, 0x36, 0x37, 0x38,
	0x39, 0x3a, 0xc7, 0xc9, 0xc9, 0xca, 0xca, 0xcb, 0xcb, 0xcc, 0x39, 0x39, 0x3a, 0x3a, 0x3c, 0x3c, 0x3d, 0x3d, 0x06, 0x06, 0x06, 0x06, 0x07, 0xae, 0xae, 0x2e, 0x2e, 0x2f, 0x2f, 0xec, 0x30, 0x30, 0xc7, 0xc7, 0x6a, 0x98, 0x9d, 0x2b, 0xea, 0xec,
	0x2b, 0x8b, 0xee, 0x69, 0xfa, 0xfb, 0x58, 0x5a, 0x5c, 0xec, 0x66, 0x66, 0x67, 0x68, 0xad, 0x69, 0x6a, 0x6b, 0x6c, 0x6c, 0x6d, 0xb3, 0x0d, 0xb4, 0xb5, 0x0f, 0x0f, 0x10, 0xb8, 0x11, 0x12, 0x12, 0x13, 0x14, 0x15, 0x16, 0x16, 0x17, 0x17, 0x18,
	0x19, 0x1a, 0x66, 0x66, 0x67, 0x67, 0x68, 0x68, 0x69, 0xae, 0xae, 0x90, 0xaf, 0x6b, 0xb1, 0x30, 0x31, 0x31, 0x32, 0x32, 0x33, 0x34, 0x35, 0x35, 0x36, 0x37, 0x37, 0x38, 0x38, 0x39, 0x39, 0x3a, 0x3b, 0x3c, 0x0c, 0x0c, 0x0d, 0x44, 0x44, 0x0f,
	0x46, 0x46, 0x47, 0x48, 0x12, 0x13, 0x14, 0x4b, 0x4b, 0x16, 0x66, 0x66, 0x66, 0x67, 0x07, 0x07, 0x07, 0x08, 0x08, 0x09, 0x09, 0x0a, 0x0a, 0x0a, 0x0b, 0x0c, 0x66, 0x66, 0x67, 0x67, 0x68, 0x69, 0x69, 0x6a, 0x6b, 0x6c, 0x6c, 0x6d, 0x6e, 0x6e,
	0x6f, 0x6f, 0x70, 0x71, 0x71, 0x72, 0x72, 0x73, 0x74, 0x75, 0x75, 0x76, 0x77, 0x77, 0x78, 0x78, 0x79, 0x7a, 0x66, 0x66, 0x67, 0x2a, 0x2a, 0x2b, 0x2c, 0x2d, 0x2e, 0x2e, 0x2f, 0x2f, 0xc6, 0xc6, 0xc7, 0xc7, 0x6c, 0x93, 0x93, 0x94, 0x95, 0x95,
	0x96, 0x97, 0x98, 0x98, 0x99, 0x99, 0x9a, 0x9b, 0x9c, 0x9c, 0x66, 0x66, 0x66, 0x67, 0x67, 0x68, 0x68, 0xad, 0x69, 0x69, 0x6a, 0x6a, 0x6b, 0x6b, 0xb1, 0x6c, 0x6d, 0x6d, 0x6e, 0x6f, 0xb4, 0xb5, 0xb6, 0xb7, 0xb7, 0xb8, 0xb9, 0xb9, 0xba, 0xba,
	0xbb, 0x3c, 0x90, 0x90, 0x91, 0x92, 0x93, 0x31, 0x94, 0x33, 0xc9, 0x34, 0x35, 0x36, 0x37, 0x38, 0x39, 0x3b, 0xc9, 0xc9, 0xc9, 0xca, 0xcb, 0xcb, 0xcc, 0xcc, 0x39, 0x3a, 0x3a, 0x3a, 0x3c, 0x3d, 0x3d, 0x3d, 0x07, 0x06, 0x06, 0x07, 0xac, 0xae,
	0xae, 0x2e, 0x2f, 0x2f, 0x30, 0x30, 0x30, 0x30, 0xc7, 0xc7, 0x6b, 0xf1, 0x9e, 0x2b, 0xea, 0xec, 0x2b, 0x8c, 0xef, 0x69, 0xfa, 0xfb, 0x59, 0x5a, 0x5c, 0xec, 0x66, 0x66, 0x67, 0x68, 0x69, 0x69, 0x6a, 0x6b, 0x6c, 0x6d, 0x6d, 0x6e, 0x6f, 0x0e,
	0xb5, 0x0f, 0x10, 0x11, 0xb8, 0x12, 0x12, 0x13, 0x14, 0x14, 0x15, 0x16, 0x16, 0x17, 0x18, 0x18, 0x19, 0x1a, 0x66, 0x66, 0x67, 0x67, 0x68, 0x68, 0xad, 0x69, 0xaf, 0xaf, 0x6b, 0x6b, 0xb1, 0x30, 0x31, 0x31, 0x32, 0x33, 0x33, 0x34, 0x35, 0x36,
	0x36, 0x37, 0x37, 0x38, 0x39, 0x39, 0x3a, 0x3a, 0x3b, 0x3c, 0x0c, 0x0c, 0x0d, 0x44, 0x0e, 0x45, 0x46, 0x46, 0x48, 0x12, 0x49, 0x13, 0x14, 0x14, 0x4c, 0x4c, 0x66, 0x66, 0x67, 0x67, 0x68, 0x07, 0x08, 0x08, 0x08, 0x09, 0x09, 0x0a, 0x0a, 0x0a,
	0x0b, 0x0c, 0x66, 0x66, 0x67, 0x68, 0x69, 0x69, 0x6a, 0x6a, 0x6b, 0x6c, 0x6d, 0x6d, 0x6e, 0x6f, 0x6f, 0x70, 0x70, 0x71, 0x72, 0x72, 0x73, 0x73, 0x74, 0x75, 0x76, 0x76, 0x77, 0x78, 0x78, 0x79, 0x79, 0x7a, 0x66, 0x67, 0x67, 0x2a, 0x2a, 0x2c,
	0x2c, 0x2d, 0x2e, 0x2f, 0x2f, 0x30, 0xc6, 0xc7, 0xc7, 0xc7, 0x6c, 0x93, 0x94, 0x94, 0x95, 0x96, 0x96, 0x98, 0x98, 0x98, 0x99, 0x99, 0x9a, 0x9b, 0x9c, 0x9c, 0x66, 0x66, 0x67, 0x67, 0x68, 0x68, 0x68, 0x69, 0x69, 0x6a, 0x6a, 0x6a, 0x6b, 0x6b,
	0x6c, 0x6c, 0x6d, 0x6e, 0xb3, 0x6f, 0xb5, 0xb5, 0xb6, 0xb7, 0xb8, 0xb8, 0xb9, 0xb9, 0xba, 0xba, 0xbb, 0x3c, 0x90, 0x90, 0x91, 0x92, 0x93, 0x94, 0x94, 0x33, 0xc9, 0x34, 0x35, 0x37, 0x37, 0x39, 0x39, 0x3b, 0xc9, 0xc9, 0xca, 0xca, 0xcb, 0xcb,
	0xcc, 0xcc, 0x39, 0x3a, 0x3a, 0x3c, 0x3c, 0x3d, 0x3d, 0x3d, 0x07, 0x07, 0x07, 0x07, 0xae, 0xae, 0xaf, 0xb0, 0x2f, 0x30, 0x30, 0x30, 0x30, 0x31, 0xc7, 0xc7, 0x6b, 0xf1, 0x9e, 0x2b, 0xea, 0xec, 0x2b, 0x8c, 0xef, 0x69, 0xfa, 0xfb, 0x59, 0x5a,
	0x5d, 0xec, 0x66, 0x67, 0x67, 0x68, 0x69, 0x6a, 0x6a, 0x6b, 0x6c, 0x6d, 0x0c, 0xb3, 0x0d, 0x70, 0x70, 0x10, 0x10, 0x11, 0x11, 0x12, 0x13, 0x13, 0x14, 0x14, 0x15, 0x16, 0x16, 0x17, 0x18, 0x19, 0x19, 0x1a, 0x66, 0x67, 0x67, 0x68, 0x68, 0x68,
	0x69, 0xaf, 0xaf, 0x6b, 0x6b, 0xb1, 0xb1, 0xb2, 0x31, 0x32, 0x32, 0x33, 0x34, 0x34, 0x35, 0x36, 0x36, 0x37, 0x38, 0x38, 0x39, 0x39, 0x3a, 0x3a, 0x3c, 0x3d, 0x0c, 0x0d, 0x44, 0x44, 0x45, 0x46, 0x10, 0x47, 0x48, 0x49, 0x49, 0x14, 0x14, 0x4b,
	0x4c, 0x4c, 0x66, 0x67, 0x67, 0x67, 0x68, 0x07, 0x08, 0x08, 0x09, 0x09, 0x0a, 0x0a, 0x0a, 0x0b, 0x0c, 0x0c, 0x66, 0x67, 0x67, 0x68, 0x69, 0x69, 0x6a, 0x6b, 0x6b, 0x6c, 0x6d, 0x6e, 0x6e, 0x6f, 0x6f, 0x70, 0x71, 0x71, 0x72, 0x73, 0x73, 0x74,
	0x75, 0x75, 0x76, 0x77, 0x78, 0x78, 0x78, 0x79, 0x7a, 0x7b, 0x66, 0x67, 0x67, 0x2a, 0x2b, 0x2c, 0x2d, 0x2e, 0x2e, 0x2f, 0x2f, 0x30, 0xc6, 0xc7, 0xc7, 0xc8, 0x6c, 0x93, 0x94, 0x95, 0x95, 0x96, 0x97, 0x98, 0x98, 0x99, 0x99, 0x9a, 0x9a, 0x9b,
	0x9c, 0x9c, 0x66, 0x67, 0x67, 0x67, 0x68, 0x68, 0x69, 0x69, 0x69, 0x6a, 0x6a, 0x6b, 0x6b, 0x6c, 0x6c, 0x6d, 0x6d, 0x6e, 0x6f, 0x6f, 0x70, 0xb6, 0xb6, 0xb7, 0xb8, 0xb8, 0xb9, 0xba, 0xba, 0xbb, 0x3c, 0x3c, 0x69, 0x91, 0x91, 0x92, 0x93, 0x94,
	0x94, 0x33, 0xc9, 0x35, 0xcb, 0x37, 0x37, 0x39, 0x3a, 0x3b, 0xc9, 0xc9, 0xca, 0xca, 0xcb, 0xcb, 0xcc, 0x39, 0x3a, 0x3a, 0x3a, 0x3c, 0x3d, 0x3d, 0x3d, 0x3e, 0x07, 0x07, 0x07, 0x07, 0xae, 0xae, 0xaf, 0xb0, 0x2f, 0x30, 0x30, 0x30, 0x31, 0x32,
	0xc7, 0xc8, 0x6b, 0xf1, 0x9e, 0xae, 0xea, 0xec, 0x2b, 0x8c, 0xef, 0x6a, 0xfa, 0xfb, 0x59, 0x5b, 0x5d, 0xec, 0x67, 0x67, 0x68, 0x69, 0x69, 0x6a, 0x6b, 0x6c, 0x6c, 0x6d, 0x6e, 0x6e, 0x6f, 0x70, 0x0f, 0x10, 0x10, 0xb8, 0x12, 0x12, 0x14, 0x14,
	0x14, 0x15, 0x16, 0x16, 0x17, 0x18, 0x18, 0x19, 0x1a, 0x1b, 0x67, 0x67, 0x67, 0x68, 0x68, 0xad, 0x69, 0xaf, 0x6a, 0x6b, 0x6b, 0x6c, 0x6c, 0x31, 0x31, 0x32, 0x33, 0x33, 0x34, 0x35, 0x35, 0x36, 0x37, 0x37, 0x38, 0x39, 0x3a, 0x3a, 0x3a, 0x3a,
	0x3c, 0x3d, 0x0c, 0x0d, 0x44, 0x45, 0x45, 0x46, 0x46, 0x47, 0x48, 0x49, 0x13, 0x14, 0x14, 0x4b, 0x4c, 0x4c, 0x67, 0x67, 0x67, 0x68, 0x68, 0x08, 0x08, 0x6a, 0x09, 0x0a, 0x0a, 0x0a, 0x0a, 0x0b, 0x0c, 0x0c, 0x67, 0x67, 0x68, 0x68, 0x69, 0x6a,
	0x6a, 0x6b, 0x6c, 0x6d, 0x6d, 0x6e, 0x6e, 0x6f, 0x6f, 0x70, 0x71, 0x72, 0x72, 0x73, 0x74, 0x74, 0x75, 0x76, 0x76, 0x77, 0x78, 0x78, 0x79, 0x79, 0x7a, 0x7c, 0x67, 0x67, 0x68, 0x68, 0x2b, 0x90, 0x2d, 0x2e, 0x2f, 0x2f, 0x2f, 0x30, 0xc6, 0xc7,
	0xc7, 0xc9, 0x6d, 0x93, 0x94, 0x95, 0x95, 0x96, 0x97, 0x98, 0x98, 0x99, 0x9a, 0x9a, 0x9b, 0x9c, 0x9c, 0x9d, 0x67, 0x67, 0x67, 0x68, 0x68, 0x68, 0x69, 0x69, 0x6a, 0x6a, 0x6b, 0x6b, 0x6c, 0x6c, 0x6c, 0x6d, 0x6e, 0x6e, 0x6f, 0x6f, 0x70, 0xb6,
	0xb7, 0xb7, 0xb8, 0xb9, 0xb9, 0xba, 0xba, 0xbb, 0x3c, 0x3d, 0x69, 0x6a, 0x92, 0x92, 0x93, 0x94, 0x33, 0x33, 0xc9, 0xca, 0xcb, 0x37, 0x38, 0x39, 0x3a, 0x3c, 0xc9, 0xc9, 0xca, 0xca, 0xcb, 0xcc, 0xcc, 0xcd, 0x3a, 0x3a, 0x3a, 0x3c, 0x3d, 0x3d,
	0x3d, 0x3e, 0x07, 0x07, 0x07, 0x07, 0xae, 0xaf, 0xaf, 0xb0, 0x30, 0x30, 0x30, 0x30, 0x32, 0x32, 0xc7, 0xc9, 0x6b, 0xf1, 0x9e, 0xae, 0xea, 0xec, 0x2c, 0x8c, 0xef, 0x6a, 0xfa, 0xfb, 0x5a, 0x5c, 0x5d, 0xec, 0x67, 0x67, 0x68, 0x69, 0x69, 0x6a,
	0x6b, 0x6c, 0x6c, 0x6d, 0x6e, 0x6e, 0x6f, 0x70, 0x0f, 0x10, 0xb8, 0xb8, 0x12, 0x13, 0x14, 0x14, 0x14, 0x15, 0x16, 0x16, 0x17, 0x18, 0x18, 0x19, 0x1a, 0x1b, 0x67, 0x67, 0x67, 0x68, 0x68, 0x69, 0x69, 0x6a, 0xaf, 0x6b, 0x6b, 0x6c, 0xb2, 0x31,
	0x31, 0x32, 0x33, 0x6f, 0x34, 0x35, 0x36, 0x36, 0x37, 0x37, 0x38, 0x39, 0x3a, 0x3a, 0x3a, 0x3c, 0x3c, 0x3d, 0x0c, 0x44, 0x0e, 0x45, 0x0f, 0x46, 0x46, 0x47, 0x48, 0x49, 0x14, 0x14, 0x14, 0x4c, 0x4c, 0x4d, 0x67, 0x67, 0x68, 0x68, 0x68, 0x08,
	0x08, 0x09, 0x09, 0x0a, 0x0a, 0x0a, 0x0b, 0x0b, 0x0c, 0x0c, 0x67, 0x67, 0x68, 0x69, 0x69, 0x6a, 0x6a, 0x6b, 0x6c, 0x6d, 0x6d, 0x6e, 0x6f, 0x6f, 0x70, 0x71, 0x71, 0x72, 0x73, 0x73, 0x74, 0x75, 0x75, 0x76, 0x76, 0x78, 0x78, 0x78, 0x79, 0x79,
	0x7b, 0x7c, 0x67, 0x67, 0x68, 0x68, 0x90, 0x2c, 0x2d, 0x2e, 0x2f, 0x2f, 0x30, 0x30, 0xc7, 0xc7, 0xc7, 0xc9, 0x6d, 0x94, 0x94, 0x95, 0x95, 0x96, 0x98, 0x98, 0x98, 0x99, 0x9a, 0x9a, 0x9b, 0x9c, 0x9c, 0x9d, 0x67, 0x67, 0x68, 0x68, 0x68, 0x69,
	0x69, 0x6a, 0x6a, 0x6a, 0x6b, 0x6b, 0x6c, 0x6c, 0x6d, 0x6d, 0x6e, 0x6e, 0x6f, 0x6f, 0x70, 0xb6, 0xb7, 0xb8, 0xb8, 0xb9, 0xba, 0xba, 0xbb, 0xbb, 0x3c, 0x3d, 0x69, 0x91, 0x92, 0x93, 0x94, 0x94, 0x95, 0x33, 0xca, 0xca, 0xcb, 0x37, 0x38, 0x39,
	0x3a, 0x3c, 0xc9, 0xc9, 0xca, 0xcb, 0xcb, 0xcc, 0xcc, 0xcd, 0x3a, 0x3a, 0x3c, 0x3d, 0x3d, 0x3d, 0x3e, 0x3e, 0x07, 0x07, 0x07, 0x08, 0xae, 0xaf, 0xb0, 0xb0, 0x30, 0x30, 0x30, 0x30, 0x32, 0x32, 0xc7, 0xc9, 0x6c, 0xf1, 0x9e, 0xae, 0xea, 0xec,
	0x2c, 0x8d, 0xef, 0x6a, 0xfa, 0xfb, 0x5a, 0x5c, 0x5d, 0xec, 0x67, 0x67, 0x68, 0x69, 0x6a, 0x6a, 0x6b, 0x6c, 0x6d, 0x6d, 0x6e, 0x6f, 0x70, 0x70, 0x0f, 0x11, 0x11, 0x12, 0xb9, 0x13, 0x14, 0x14, 0x15, 0x16, 0x16, 0x17, 0x18, 0x18, 0x19, 0x19,
	0x1a, 0x1c, 0x67, 0x67, 0x68, 0x68, 0x69, 0x69, 0x6a, 0x6a, 0x6b, 0x6b, 0x6c, 0x6c, 0x6d, 0x6d, 0x32, 0x33, 0x33, 0x34, 0x35, 0x35, 0x36, 0x37, 0x37, 0x38, 0x38, 0x39, 0x3a, 0x3a, 0x3a, 0x3c, 0x3d, 0x3d, 0x0d, 0x0d, 0x0e, 0x45, 0x0f, 0x46,
	0x11, 0x47, 0x49, 0x49, 0x49, 0x14, 0x4b, 0x4c, 0x4c, 0x4d, 0x67, 0x67, 0x68, 0x68, 0x68, 0x08, 0x08, 0x09, 0x09, 0x0a, 0x0a, 0x0b, 0x0b, 0x0c, 0x0c, 0x0c, 0x67, 0x67, 0x68, 0x69, 0x69, 0x6a, 0x6b, 0x6b, 0x6c, 0x6d, 0x6e, 0x6e, 0x6f, 0x6f,
	0x70, 0x71, 0x71, 0x72, 0x73, 0x74, 0x75, 0x75, 0x76, 0x76, 0x77, 0x78, 0x78, 0x78, 0x79, 0x7a, 0x7b, 0x7c, 0x67, 0x67, 0x68, 0x68, 0x90, 0x90, 0x2e, 0x2e, 0x2f, 0x2f, 0x30, 0x30, 0xc7, 0xc7, 0xc9, 0xc9, 0x6d, 0x6e, 0x95, 0x95, 0x96, 0x96,
	0x98, 0x98, 0x99, 0x99, 0x9a, 0x9a, 0x9b, 0x9c, 0x9d, 0x9d, 0x67, 0x67, 0x68, 0x68, 0x69, 0x69, 0x69, 0x6a, 0x6a, 0x6a, 0x6b, 0x6b, 0x6c, 0x6c, 0x6d, 0x6e, 0x6e, 0x6f, 0x6f, 0x70, 0x70, 0x71, 0xb7, 0xb8, 0xb9, 0xb9, 0xba, 0x3a, 0xbb, 0xbb,
	0x3c, 0x3d, 0x6a, 0x6b, 0x92, 0x93, 0x94, 0x94, 0x95, 0x96, 0xca, 0xca, 0xcb, 0x37, 0x38, 0x3a, 0x3a, 0x3c, 0xc9, 0xca, 0xca, 0xcb, 0xcb, 0xcc, 0xcc, 0xcd, 0x3a, 0x3a, 0x3c, 0x3d, 0x3d, 0x3d, 0x3e, 0x3f, 0x08, 0x07, 0x08, 0x08, 0xae, 0x09,
	0xb0, 0xb1, 0x30, 0x30, 0x30, 0x30, 0x32, 0x32, 0xc9, 0xc9, 0x6c, 0xf1, 0x9e, 0xae, 0xea, 0xec, 0x2d, 0x8d, 0xd0, 0x6a, 0xfa, 0xfb, 0x07, 0x5c, 0x5e, 0xec, 0x67, 0x68, 0x69, 0x69, 0x6a, 0x6a, 0x6b, 0x6c, 0x6d, 0x6e, 0x6e, 0x6f, 0x70, 0x70,
	0x10, 0xb8, 0x11, 0xb9, 0x13, 0x14, 0x14, 0x14, 0x15, 0x16, 0x16, 0x17, 0x18, 0x18, 0x19, 0x1a, 0x1a, 0x1c, 0x67, 0x68, 0x68, 0x69, 0x69, 0x69, 0x6a, 0x6b, 0x6b, 0x6b, 0x6c, 0x6c, 0x6d, 0x31, 0x32, 0x33, 0x6f, 0x34, 0x35, 0x36, 0x36, 0x37,
	0x37, 0x38, 0x39, 0x39, 0x3a, 0x3a, 0x3b, 0x3c, 0x3d, 0x3d, 0x44, 0x44, 0x45, 0x45, 0x46, 0x10, 0x47, 0x48, 0x49, 0x49, 0x14, 0x14, 0x4b, 0x4c, 0x4d, 0x4d, 0x67, 0x68, 0x68, 0x68, 0x69, 0x08, 0x6a, 0x09, 0x0a, 0x0a, 0x0a, 0x0b, 0x0b, 0x0c,
	0x0c, 0x0c, 0x67, 0x68, 0x68, 0x69, 0x6a, 0x6a, 0x6b, 0x6c, 0x6c, 0x6d, 0x6e, 0x6e, 0x6f, 0x70, 0x70, 0x71, 0x71, 0x73, 0x73, 0x74, 0x75, 0x75, 0x76, 0x77, 0x78, 0x78, 0x78, 0x79, 0x79, 0x7b, 0x7c, 0x7c, 0x67, 0x68, 0x68, 0xad, 0x90, 0x90,
	0x2e, 0x2e, 0x2f, 0x2f, 0x30, 0x31, 0xc7, 0xc7, 0xc9, 0xc9, 0x6d, 0x6e, 0x95, 0x95, 0x96, 0x98, 0x98, 0x98, 0x99, 0x99, 0x9a, 0x9b, 0x9c, 0x9c, 0x9d, 0x9e, 0x67, 0x68, 0x68, 0x69, 0x69, 0x69, 0x69, 0x6a, 0x6a, 0x6b, 0x6b, 0x6c, 0x6c, 0x6d,
	0x6d, 0x6e, 0x6e, 0x6f, 0x6f, 0x70, 0x70, 0xb7, 0x72, 0xb8, 0xb9, 0xb9, 0xba, 0x3a, 0xbb, 0x3c, 0x3c, 0x3d, 0x6a, 0x6b, 0x92, 0x93, 0x94, 0x95, 0x95, 0x96, 0xca, 0xcb, 0xcb, 0x38, 0x39, 0x3a, 0x3b, 0x3d, 0xc9, 0xca, 0xca, 0xcb, 0xcc, 0xcc,
	0xcc, 0xcd, 0x3a, 0xd9, 0x3c, 0x3d, 0x3d, 0xdb, 0x3e, 0x3f, 0x08, 0x07, 0x08, 0x08, 0x09, 0x09, 0xb0, 0x0b, 0x30, 0x31, 0x31, 0x31, 0x32, 0x33, 0xc9, 0xc9, 0x6c, 0xf1, 0x9e, 0xae, 0xea, 0xec, 0x2d, 0xc6, 0xd0, 0x6a, 0xfa, 0xfb, 0x5b, 0x5c,
	0x5e, 0xec, 0x67, 0x68, 0x69, 0x69, 0x6a, 0x6b, 0x6c, 0x6c, 0x6d, 0x6e, 0x6f, 0x6f, 0x70, 0x71, 0x71, 0xb8, 0x73, 0xb9, 0x13, 0x14, 0x14, 0x14, 0x16, 0x16, 0x16, 0x18, 0x18, 0x19, 0x19, 0x1a, 0x1b, 0x1c, 0x67, 0x68, 0x68, 0x69, 0x69, 0x6a,
	0x6a, 0x6b, 0x6b, 0x6c, 0x6c, 0x6d, 0x6d, 0x6e, 0x6e, 0x33, 0x6f, 0x70, 0x70, 0x36, 0x37, 0x37, 0x37, 0x38, 0x75, 0x39, 0x3a, 0x3a, 0x3c, 0x3d, 0x3d, 0x3d, 0x44, 0x44, 0x45, 0x45, 0x46, 0x47, 0x47, 0x48, 0x49, 0x49, 0x14, 0x4b, 0x4c, 0x4c,
	0x4d, 0x4d, 0x67, 0x68, 0x68, 0x68, 0x69, 0x08, 0x6a, 0x6a, 0x0a, 0x0a, 0x0a, 0x0b, 0x0c, 0x0c, 0x0c, 0x0c, 0x67, 0x68, 0x68, 0x69, 0x6a, 0x6a, 0x6b, 0x6c, 0x6c, 0x6d, 0x6e, 0x6f, 0x6f, 0x70, 0x70, 0x71, 0x72, 0x73, 0x73, 0x75, 0x75, 0x76,
	0x76, 0x77, 0x78, 0x78, 0x79, 0x79, 0x7a, 0x7b, 0x7c, 0x7c, 0x67, 0x68, 0x68, 0x69, 0x90, 0x90, 0x2e, 0x2f, 0x2f, 0x30, 0x30, 0x31, 0xc7, 0x32, 0xc9, 0xc9, 0x6e, 0x6e, 0x95, 0x95, 0x96, 0x98, 0x98, 0x99, 0x99, 0x99, 0x9a, 0x9b, 0x9c, 0x9c,
	0x9d, 0x9e, 0x67, 0x68, 0x68, 0x69, 0x69, 0x69, 0x6a, 0x6a, 0x6a, 0x6b, 0x6b, 0x6c, 0x6c, 0x6d, 0x6d, 0x6e, 0x6e, 0x6f, 0x70, 0x70, 0x71, 0x71, 0x72, 0xb9, 0xb9, 0xb9, 0x3a, 0x3a, 0x3b, 0x3c, 0x3d, 0x3d, 0x6a, 0x6b, 0x92, 0x93, 0x94, 0x95,
	0x96, 0x96, 0x97, 0xcb, 0xcb, 0x38, 0x39, 0x3a, 0x3b, 0x3d, 0xc9, 0xca, 0xcb, 0xcb, 0xcc, 0xcc, 0xcc, 0xd8, 0xd9, 0xd9, 0xda, 0x3d, 0xdb, 0xdb, 0x3f, 0x3f, 0x08, 0x08, 0x08, 0x08, 0x09, 0x09, 0x0a, 0x0b, 0x30, 0x32, 0x32, 0x31, 0x32, 0x33,
	0xc9, 0xc9, 0x6d, 0xf1, 0x9e, 0xae, 0xea, 0xec, 0x2d, 0xc6, 0xd0, 0x6a, 0xfa, 0xfb, 0x5b, 0x5c, 0x5e, 0xec, 0x68, 0x68, 0x69, 0x6a, 0x6a, 0x6b, 0x6c, 0x6d, 0x6e, 0x6e, 0x6f, 0x6f, 0x70, 0x71, 0x72, 0x73, 0x73, 0x13, 0x13, 0x14, 0x14, 0x14,
	0x16, 0x16, 0x18, 0x18, 0x18, 0x19, 0x1a, 0x1a, 0x1c, 0x1c, 0x68, 0x68, 0x68, 0x69, 0x69, 0x6a, 0x6a, 0x6b, 0x6b, 0x6c, 0x6c, 0x6d, 0x6d, 0x6e, 0x6e, 0x6f, 0x6f, 0x70, 0x70, 0x36, 0x37, 0x37, 0x38, 0x74, 0x75, 0x76, 0x3a, 0x3a, 0x3c, 0x3d,
	0x3d, 0x3e, 0x44, 0x44, 0x45, 0x46, 0x46, 0x47, 0x48, 0x48, 0x49, 0x49, 0x14, 0x4b, 0x4c, 0x4c, 0x4d, 0x4d, 0x68, 0x68, 0x68, 0x69, 0x69, 0x6a, 0x6a, 0x6a, 0x0a, 0x6c, 0x0a, 0x0c, 0x0c, 0x0c, 0x0c, 0x44, 0x68, 0x68, 0x69, 0x69, 0x6a, 0x6b,
	0x6b, 0x6c, 0x6d, 0x6e, 0x6e, 0x6f, 0x6f, 0x70, 0x70, 0x71, 0x72, 0x73, 0x74, 0x75, 0x76, 0x76, 0x77, 0x78, 0x78, 0x79, 0x79, 0x79, 0x7b, 0x7c, 0x7c, 0x7d, 0x68, 0x68, 0x69, 0x69, 0x90, 0x90, 0x2e, 0x2f, 0x2f, 0x30, 0x31, 0x31, 0x32, 0x32,
	0xc9, 0xc9, 0x6e, 0x6e, 0x95, 0x96, 0x96, 0x98, 0x98, 0x99, 0x99, 0x9a, 0x9a, 0x9b, 0x9c, 0x9c, 0x9d, 0x9e, 0x68, 0x68, 0x68, 0x69, 0x69, 0x69, 0x6a, 0x6a, 0x6b, 0x6b, 0x6c, 0x6c, 0x6d, 0x6d, 0x6d, 0x6e, 0x6f, 0x6f, 0x70, 0x70, 0x71, 0x72,
	0x72, 0xb9, 0x74, 0xba, 0x3a, 0x3a, 0xbb, 0x3c, 0x3d, 0x3d, 0x6a, 0x6b, 0x6c, 0x93, 0x94, 0x95, 0x96, 0x96, 0x97, 0xcb, 0x37, 0x38, 0x39, 0x3a, 0x3b, 0x3d, 0xca, 0xca, 0xcb, 0xcb, 0xcc, 0xcc, 0xcd, 0xd8, 0xd9, 0xd9, 0x3d, 0xdb, 0xdb, 0xdb,
	0x3f, 0xdd, 0x08, 0x08, 0x08, 0x08, 0x09, 0x0a, 0x0a, 0x0b, 0xb2, 0x32, 0x32, 0x32, 0x33, 0x33, 0xc9, 0xc9, 0x6d, 0xf1, 0x9f, 0xaf, 0xea, 0xec, 0x2e, 0xc6, 0xd0, 0x6a, 0xfa, 0xfb, 0x5b, 0x5d, 0x5e, 0xec, 0x68, 0x68, 0x69, 0x6a, 0x6a, 0x6b,
	0x6c, 0x6d, 0x6e, 0x6e, 0x6f, 0x70, 0x70, 0x71, 0x72, 0x73, 0x73, 0x13, 0x14, 0x14, 0x14, 0x16, 0x16, 0x16, 0x18, 0x18, 0x19, 0x19, 0x1a, 0x1a, 0x1c, 0x1c, 0x68, 0x68, 0x68, 0x69, 0x69, 0x6a, 0x6a, 0x6b, 0x6c, 0x6c, 0x6d, 0x6d, 0x6e, 0x6e,
	0x6e, 0x6f, 0x70, 0x70, 0x36, 0x71, 0x37, 0x37, 0x38, 0x75, 0x75, 0x3a, 0x3a, 0x3a, 0x3c, 0x3d, 0x3d, 0x3e, 0x44, 0x45, 0x45, 0x46, 0x47, 0x47, 0x48, 0x49, 0x49, 0x4a, 0x4b, 0x4b, 0x4c, 0x4d, 0x4d, 0x4e, 0x68, 0x68, 0x69, 0x69, 0x69, 0x6a,
	0x6a, 0x6b, 0x0a, 0x6c, 0x0b, 0x0c, 0x0c, 0x0c, 0x0c, 0x44, 0x68, 0x68, 0x69, 0x69, 0x6a, 0x6b, 0x6c, 0x6c, 0x6d, 0x6e, 0x6e, 0x6f, 0x6f, 0x70, 0x71, 0x72, 0x72, 0x73, 0x75, 0x75, 0x76, 0x76, 0x77, 0x78, 0x78, 0x79, 0x7a, 0x7a, 0x7b, 0x7c,
	0x7c, 0x7d, 0x68, 0x68, 0x69, 0x69, 0x90, 0x90, 0x2e, 0x2f, 0x30, 0x30, 0x31, 0x32, 0x32, 0xc9, 0xc9, 0xc9, 0x6e, 0x6e, 0x95, 0x96, 0x71, 0x98, 0x98, 0x99, 0x99, 0x9a, 0x9a, 0x9c, 0x9c, 0x9c, 0x9e, 0x9e, 0x68, 0x68, 0x69, 0x69, 0x69, 0x6a,
	0x6a, 0x6a, 0x6b, 0x6b, 0x6c, 0x6c, 0x6d, 0x6d, 0x6e, 0x6e, 0x6f, 0x6f, 0x70, 0x71, 0x71, 0x72, 0x73, 0x74, 0x74, 0x76, 0x3a, 0x3a, 0x3c, 0x3c, 0x3d, 0x3e, 0x6a, 0x6b, 0x6d, 0x94, 0x94, 0x95, 0x96, 0x96, 0x97, 0xcb, 0x37, 0x39, 0x39, 0x3a,
	0x3b, 0x3d, 0xca, 0xca, 0xcb, 0xcb, 0xcc, 0xcc, 0xcd, 0xd8, 0xd9, 0xd9, 0xda, 0xdb, 0xdb, 0xdc, 0x3f, 0xdd, 0x08, 0x08, 0x08, 0x08, 0x09, 0x0a, 0x0b, 0xb2, 0xb2, 0x32, 0x32, 0x32, 0x33, 0x33, 0xc9, 0xc9, 0x6d, 0xf1, 0x9f, 0xaf, 0xec, 0xec,
	0x2e, 0xc6, 0xd1, 0x6b, 0xfa, 0xfb, 0x5b, 0x5d, 0x5f, 0xec, 0x68, 0x69, 0x69, 0x6a, 0x6a, 0x6b, 0x6c, 0x6d, 0x6e, 0x6e, 0x6f, 0x70, 0x70, 0x71, 0x72, 0x73, 0x12, 0x13, 0x14, 0x14, 0x14, 0x16, 0x16, 0x16, 0x18, 0x18, 0x19, 0x19, 0x1a, 0x1a,
	0x1c, 0x1d, 0x68, 0x69, 0x69, 0x69, 0x6a, 0x6a, 0x6b, 0x6b, 0x6c, 0x6c, 0x6d, 0x6d, 0x6e, 0x6e, 0x6e, 0x6f, 0x70, 0x70, 0x71, 0x71, 0x37, 0x38, 0x38, 0x75, 0x75, 0x3a, 0x77, 0x3a, 0x3d, 0x3d, 0x3d, 0x3e, 0x44, 0x45, 0x46, 0x46, 0x47, 0x48,
	0x48, 0x49, 0x49, 0x4b, 0x4b, 0x4c, 0x4c, 0x4d, 0x4d, 0x4e, 0x68, 0x69, 0x69, 0x69, 0x69, 0x6a, 0x6a, 0x0a, 0x0a, 0x6c, 0x0b, 0x0c, 0x0c, 0x0c, 0x0c, 0x44, 0x68, 0x69, 0x69, 0x69, 0x6a, 0x6b, 0x6c, 0x6c, 0x6d, 0x6e, 0x6e, 0x6f, 0x70, 0x70,
	0x71, 0x72, 0x73, 0x74, 0x75, 0x75, 0x76, 0x76, 0x78, 0x78, 0x78, 0x79, 0x7a, 0x7b, 0x7c, 0x7c, 0x7c, 0x7e, 0x68, 0x68, 0x69, 0x69, 0x6a, 0x90, 0x6b, 0x2f, 0x30, 0x31, 0x31, 0x32, 0x33, 0x33, 0xc9, 0xc9, 0x6e, 0x6e, 0x6f, 0x70, 0x71, 0x98,
	0x98, 0x99, 0x99, 0x9a, 0x9b, 0x9c, 0x9c, 0x9c, 0x9e, 0x9e, 0x68, 0x69, 0x69, 0x69, 0x69, 0x6a, 0x6a, 0x6a, 0x6b, 0x6c, 0x6c, 0x6d, 0x6d, 0x6e, 0x6e, 0x6e, 0x6f, 0x6f, 0x70, 0x71, 0x71, 0x72, 0x73, 0x74, 0x75, 0x76, 0x3a, 0xbb, 0x3c, 0x3d,
	0x3d, 0x3e, 0x6b, 0x6c, 0x6d, 0x94, 0x95, 0x95, 0x96, 0x96, 0x97, 0xcb, 0x37, 0x39, 0x39, 0x3a, 0x3c, 0x3d, 0xca, 0xca, 0xcb, 0xcb, 0xcc, 0xcc, 0xcd, 0xd9, 0xd9, 0xda, 0xdb, 0xdb, 0xdb, 0xdc, 0x3f, 0xde, 0x08, 0x08, 0x08, 0x08, 0x09, 0x0a,
	0x0b, 0xb2, 0xb2, 0x32, 0x32, 0x32, 0x33, 0x33, 0xc9, 0xc9, 0x6d, 0xf1, 0x9f, 0xaf, 0xec, 0xec, 0x2e, 0xc6, 0xd1, 0x6b, 0xfa, 0xfb, 0x5b, 0x5d, 0x5f, 0xec, 0x69, 0x69, 0x69, 0x6a, 0x6b, 0x6b, 0x6c, 0x6d, 0x6e, 0x6f, 0x6f, 0x70, 0x71, 0x72,
	0x72, 0x73, 0x74, 0x13, 0x14, 0x14, 0x14, 0x16, 0x16, 0x16, 0x18, 0x18, 0x19, 0x1a, 0x1a, 0x1b, 0x1c, 0x1d, 0x69, 0x69, 0x69, 0x69, 0x6a, 0x6a, 0x6b, 0x6b, 0x6c, 0x6c, 0x6d, 0x6d, 0x6e, 0x6e, 0x6f, 0x6f, 0x70, 0x70, 0x71, 0x71, 0x72, 0x38,
	0x74, 0x75, 0x76, 0x3a, 0x77, 0x3c, 0x3d, 0x3d, 0x3d, 0x3f, 0x45, 0x45, 0x46, 0x46, 0x47, 0x48, 0x48, 0x49, 0x49, 0x4b, 0x4b, 0x4c, 0x4c, 0x4d, 0x4d, 0x4e, 0x69, 0x69, 0x69, 0x69, 0x6a, 0x6a, 0x6a, 0x0a, 0x6c, 0x6c, 0x6d, 0x0c, 0x0c, 0x0c,
	0x43, 0x44, 0x69, 0x69, 0x69, 0x6a, 0x6a, 0x6b, 0x6c, 0x6d, 0x6d, 0x6e, 0x6f, 0x6f, 0x70, 0x71, 0x71, 0x72, 0x73, 0x74, 0x75, 0x76, 0x76, 0x77, 0x78, 0x78, 0x79, 0x79, 0x7b, 0x7b, 0x7c, 0x7c, 0x7d, 0x7e, 0x69, 0x69, 0x69, 0x69, 0x6a, 0x6b,
	0x6b, 0x2f, 0x30, 0x31, 0x31, 0x32, 0x33, 0x33, 0xc9, 0xc9, 0x6e, 0x6f, 0x6f, 0x70, 0x71, 0x98, 0xf1, 0x99, 0x99, 0x9a, 0x9b, 0x9c, 0x9c, 0x9d, 0x9e, 0x9e, 0x69, 0x69, 0x69, 0x69, 0x69, 0x6a, 0x6a, 0x6b, 0x6b, 0x6c, 0x6c, 0x6d, 0x6d, 0x6e,
	0x6e, 0x6e, 0x6f, 0x70, 0x70, 0x71, 0x72, 0x72, 0x73, 0x74, 0x75, 0x76, 0x77, 0xbb, 0x3c, 0x3d, 0x3d, 0x3e, 0x6b, 0x6c, 0x6d, 0x94, 0x95, 0x95, 0x96, 0x97, 0x98, 0x98, 0x37, 0x39, 0x3a, 0x3a, 0x3c, 0x3d, 0xca, 0xca, 0xcb, 0xcc, 0xcc, 0xcd,
	0x3a, 0xd9, 0xd9, 0xda, 0xdb, 0xdb, 0xdb, 0xdd, 0xdd, 0xde, 0x08, 0x08, 0x08, 0x09, 0x09, 0x0a, 0x0b, 0xb2, 0xb3, 0x32, 0x32, 0x32, 0x33, 0x33, 0xc9, 0xc9, 0x6d, 0xf1, 0x9f, 0xb0, 0x32, 0xd2, 0x2e, 0xc7, 0xd1, 0x6b, 0xfa, 0xfb, 0x5c, 0x5e,
	0x5f, 0xd2, 0x69, 0x69, 0x69, 0x6a, 0x6b, 0x6c, 0x6d, 0x6d, 0x6e, 0x6f, 0x6f, 0x70, 0x71, 0x72, 0x73, 0x74, 0x74, 0x75, 0x14, 0x14, 0x16, 0x16, 0x16, 0x18, 0x18, 0x19, 0x1a, 0x1a, 0x1a, 0x1c, 0x1c, 0x1d, 0x69, 0x69, 0x69, 0x69, 0x6a, 0x6a,
	0x6b, 0x6c, 0x6c, 0x6d, 0x6d, 0x6e, 0x6e, 0x6e, 0x6f, 0x6f, 0x70, 0x71, 0x71, 0x71, 0x72, 0x73, 0x74, 0x75, 0x76, 0x77, 0x77, 0x78, 0x3d, 0x3d, 0x3d, 0x3f, 0x45, 0x45, 0x46, 0x46, 0x48, 0x48, 0x48, 0x49, 0x49, 0x4b, 0x4b, 0x4c, 0x4c, 0x4d,
	0x4e, 0x4e, 0x69, 0x69, 0x69, 0x69, 0x6a, 0x6a, 0x6a, 0x6c, 0x6c, 0x6c, 0x0c, 0x0c, 0x0c, 0x43, 0x44, 0x44, 0x69, 0x69, 0x69, 0x6a, 0x6b, 0x6b, 0x6c, 0x6d, 0x6e, 0x6e, 0x6f, 0x6f, 0x70, 0x71, 0x72, 0x73, 0x73, 0x74, 0x75, 0x76, 0x77, 0x78,
	0x78, 0x79, 0x79, 0x7a, 0x7b, 0x7c, 0x7c, 0x7d, 0x7e, 0x7e, 0x69, 0x69, 0x69, 0x69, 0x6a, 0x6b, 0x6b, 0x92, 0x31, 0x31, 0x32, 0x32, 0x33, 0x33, 0xc9, 0xca, 0x6e, 0x6f, 0x70, 0x71, 0x71, 0x72, 0xf1, 0x99, 0x9a, 0x9a, 0x9c, 0x9c, 0x9c, 0x9d,
	0x9e, 0x9e, 0x69, 0x69, 0x69, 0x69, 0x6a, 0x6a, 0x6b, 0x6b, 0x6b, 0x6c, 0x6c, 0x6d, 0x6d, 0x6e, 0x6e, 0x6f, 0x6f, 0x70, 0x70, 0x71, 0x72, 0x73, 0x73, 0x75, 0x75, 0x76, 0x77, 0x77, 0x3d, 0x3d, 0x3d, 0x3e, 0x6b, 0x6c, 0x6d, 0x6e, 0x95, 0x95,
	0x96, 0x97, 0x98, 0x98, 0x38, 0x39, 0x3a, 0x3a, 0x3c, 0x3d, 0xca, 0xcb, 0xcb, 0xcc, 0xcc, 0xcd, 0x3a, 0xd9, 0xd9, 0xda, 0xdb, 0xdb, 0xdb, 0xdd, 0xdd, 0xde, 0x6a, 0x08, 0x09, 0x09, 0x0a, 0x0a, 0x0b, 0xb2, 0xb3, 0xb4, 0x33, 0x32, 0x34, 0x34,
	0xc9, 0xca, 0x6e, 0x76, 0xf2, 0xb0, 0x32, 0xd2, 0x2e, 0xc7, 0xd1, 0x6c, 0xfa, 0xfb, 0x5c, 0x5e, 0x5f, 0xd2, 0x69, 0x69, 0x6a, 0x6a, 0x6b, 0x6c, 0x6d, 0x6e, 0x6e, 0x6f, 0x70, 0x70, 0x71, 0x72, 0x73, 0x74, 0x74, 0x76, 0x14, 0x14, 0x78, 0x16,
	0x16, 0x18, 0x18, 0x19, 0x1a, 0x1a, 0x1a, 0x1c, 0x1c, 0x1d, 0x69, 0x69, 0x69, 0x6a, 0x6a, 0x6a, 0x6b, 0x6c, 0x6c, 0x6d, 0x6d, 0x6e, 0x6e, 0x6f, 0x6f, 0x70, 0x70, 0x71, 0x71, 0x72, 0x72, 0x73, 0x75, 0x76, 0x76, 0x77, 0x78, 0x78, 0x3d, 0x3d,
	0x3e, 0x3f, 0x45, 0x45, 0x46, 0x47, 0x48, 0x48, 0x49, 0x49, 0x49, 0x4b, 0x4b, 0x4c, 0x4d, 0x4d, 0x4e, 0x4f, 0x69, 0x69, 0x69, 0x6a, 0x6a, 0x6a, 0x6a, 0x6c, 0x6c, 0x6d, 0x0c, 0x0c, 0x0c, 0x44, 0x44, 0x44, 0x69, 0x69, 0x69, 0x6a, 0x6b, 0x6c,
	0x6c, 0x6d, 0x6e, 0x6e, 0x6f, 0x6f, 0x71, 0x71, 0x72, 0x73, 0x74, 0x75, 0x76, 0x76, 0x78, 0x78, 0x78, 0x79, 0x79, 0x7b, 0x7c, 0x7c, 0x7c, 0x7d, 0x7e, 0x7e, 0x69, 0x69, 0x69, 0x6a, 0x6a, 0x6b, 0x6b, 0x92, 0x31, 0x31, 0x32, 0x32, 0x33, 0x33,
	0xc9, 0xca, 0x6e, 0x6f, 0x70, 0x71, 0x71, 0x72, 0xf1, 0x99, 0x75, 0x76, 0x9c, 0x9c, 0x9c, 0x9d, 0x9e, 0x9e, 0x69, 0x69, 0x69, 0x6a, 0x6a, 0x6a, 0x6b, 0x6b, 0x6c, 0x6c, 0x6d, 0x6d, 0x6e, 0x6e, 0x6e, 0x6f, 0x6f, 0x70, 0x71, 0x71, 0x72, 0x73,
	0x74, 0x75, 0x76, 0x76, 0x77, 0x78, 0x3d, 0x3d, 0x3d, 0x3e, 0x6b, 0x6c, 0x6d, 0x6e, 0x95, 0x96, 0x96, 0x97, 0x98, 0x98, 0x38, 0x39, 0x3a, 0x3c, 0x3d, 0x3e, 0xca, 0xcb, 0xcb, 0xcc, 0xcc, 0xcd, 0x3a, 0xd9, 0xd9, 0xdb, 0xdb, 0xdb, 0xdd, 0xdd,
	0xde, 0xde, 0x6a, 0x08, 0x09, 0x09, 0x0a, 0x0a, 0x0b, 0xb2, 0xb3, 0xb4, 0x33, 0x33, 0x34, 0x34, 0xca, 0xca, 0x6e, 0x76, 0xf2, 0xb0, 0x32, 0xd3, 0x2e, 0xc7, 0xd1, 0x6c, 0xfa, 0xfb, 0x5c, 0x5e, 0x5f, 0xd3, 0x69, 0x69, 0x6a, 0x6a, 0x6b, 0x6c,
	0x6d, 0x6e, 0x6f, 0x6f, 0x70, 0x71, 0x72, 0x73, 0x73, 0x74, 0x75, 0x76, 0x77, 0x77, 0x78, 0x16, 0x16, 0x18, 0x18, 0x1a, 0x1a, 0x1a, 0x1c, 0x1c, 0x1d, 0x1e, 0x69, 0x69, 0x69, 0x6a, 0x6a, 0x6b, 0x6b, 0x6c, 0x6d, 0x6d, 0x6e, 0x6e, 0x6f, 0x6f,
	0x6f, 0x70, 0x71, 0x71, 0x71, 0x72, 0x73, 0x73, 0x75, 0x76, 0x76, 0x77, 0x78, 0x3d, 0x3d, 0x3d, 0x3e, 0x3f, 0x45, 0x46, 0x46, 0x47, 0x48, 0x48, 0x49, 0x49, 0x4b, 0x4b, 0x4c, 0x4c, 0x4d, 0x4e, 0x4e, 0x4f, 0x69, 0x69, 0x69, 0x6a, 0x6a, 0x6a,
	0x6b, 0x6c, 0x6c, 0x6d, 0x0c, 0x0c, 0x0c, 0x44, 0x44, 0x44, 0x69, 0x69, 0x6a, 0x6a, 0x6b, 0x6c, 0x6d, 0x6d, 0x6e, 0x6e, 0x6f, 0x70, 0x71, 0x71, 0x72, 0x73, 0x74, 0x75, 0x76, 0x77, 0x78, 0x78, 0x78, 0x79, 0x7a, 0x7b, 0x7c, 0x7c, 0x7d, 0x7e,
	0x7e, 0x7f, 0x69, 0x69, 0x69, 0x6a, 0x6b, 0x6b, 0x6b, 0x6c, 0x31, 0x31, 0x32, 0x33, 0x33, 0x34, 0xca, 0xca, 0x6f, 0x6f, 0x70, 0x71, 0x72, 0xf1, 0xf1, 0x99, 0x75, 0x76, 0x9c, 0x9c, 0x9c, 0x9d, 0x9e, 0x9e, 0x69, 0x69, 0x69, 0x6a, 0x6a, 0x6a,
	0x6b, 0x6b, 0x6c, 0x6c, 0x6d, 0x6d, 0x6e, 0x6e, 0x6e, 0x6f, 0x70, 0x70, 0x71, 0x72, 0x73, 0x73, 0x74, 0x75, 0x76, 0x77, 0x77, 0x78, 0x3d, 0x3d, 0x3e, 0x3f, 0x6b, 0x6c, 0x6e, 0x6e, 0x95, 0x96, 0x97, 0x98, 0x98, 0x99, 0x38, 0x3a, 0x3a, 0x3c,
	0x3d, 0x3e, 0xca, 0xcb, 0xcb, 0xcc, 0x39, 0xd8, 0x3a, 0xd9, 0xd9, 0xdb, 0xdb, 0xdb, 0xdd, 0xdd, 0xde, 0xde, 0x6a, 0x08, 0x09, 0x09, 0x0a, 0x0a, 0x0b, 0xb3, 0xb3, 0xb4, 0x33, 0x33, 0x34, 0x34, 0xca, 0xca, 0x6e, 0x76, 0xf2, 0xb0, 0x32, 0xd3,
	0x2f, 0xc7, 0xd2, 0x6c, 0xfa, 0xfb, 0x5d, 0x5e, 0x5f, 0xd3, 0xa0, 0xa0, 0x61, 0x62, 0xa4, 0x03, 0x04, 0x04, 0xa9, 0x06, 0x07, 0x07, 0x08, 0x09, 0x09, 0x0a, 0x0a, 0x0b, 0x0b, 0x0c, 0x0c, 0x0d, 0x0d, 0x0e, 0x0e, 0x0f, 0x0f, 0x10, 0x10, 0x11,
	0x12, 0x13, 0xa0, 0xa0, 0xa0, 0x22, 0x23, 0x23, 0x24, 0x25, 0x25, 0x26, 0x26, 0x27, 0x28, 0x29, 0x29, 0x2a, 0x2b, 0x2c, 0x2c, 0x2d, 0x2e, 0xb0, 0xb1, 0xb1, 0xb2, 0xb2, 0xb3, 0xb4, 0xb4, 0xb5, 0xb6, 0xb6, 0x5b, 0x5b, 0x5c, 0x5d, 0x5e, 0x5f,
	0x5f, 0x40, 0x41, 0x42, 0x42, 0x43, 0x44, 0x44, 0x45, 0x46, 0xa0, 0xa0, 0x61, 0x61, 0x53, 0x53, 0x54, 0x55, 0x55, 0x56, 0x57, 0x57, 0x58, 0x58, 0x59, 0x5a, 0xa0, 0xa0, 0x61, 0x62, 0x63, 0x63, 0xa6, 0x65, 0x65, 0x66, 0x66, 0x67, 0x68, 0x68,
	0x69, 0x6a, 0x6b, 0x6b, 0x6c, 0x6c, 0x6d, 0x6d, 0x6e, 0x6e, 0x6f, 0x6f, 0x6f, 0x70, 0x70, 0x71, 0x71, 0x72, 0xa0, 0xa0, 0x81, 0x82, 0x83, 0x83, 0x84, 0x85, 0x85, 0x86, 0x87, 0x87, 0x88, 0x89, 0x89, 0x8a, 0xc1, 0xc1, 0xc2, 0xf0, 0x90, 0x91,
	0x91, 0x92, 0x92, 0x93, 0x94, 0x95, 0x95, 0x96, 0x97, 0x98, 0xa0, 0xa0, 0xa1, 0x61, 0xa2, 0xa3, 0xa4, 0x63, 0xa5, 0xa6, 0xa6, 0xa7, 0xa8, 0xa8, 0xa9, 0xaa, 0xab, 0xac, 0xad, 0xae, 0xaf, 0xb0, 0xb0, 0xb1, 0xb1, 0xb2, 0xb3, 0xb3, 0xb4, 0xb4,
	0xb5, 0xb6, 0x24, 0xc0, 0xc0, 0xc1, 0xc2, 0xc2, 0xc3, 0xc3, 0xc4, 0xc4, 0x2f, 0x30, 0x31, 0x32, 0x33, 0xb5, 0x8a, 0x8a, 0xc5, 0xc5, 0x2f, 0x30, 0x31, 0x32, 0x33, 0x34, 0x35, 0x36, 0x36, 0x72, 0xb8, 0xb8, 0x52, 0x52, 0xe1, 0xe1, 0xe2, 0xe4,
	0xe4, 0xf3, 0xe6, 0xe6, 0xe6, 0xe7, 0x88, 0x89, 0x89, 0x8a, 0x65, 0x93, 0xf1, 0x83, 0xe7, 0xf4, 0x84, 0xf6, 0xf7, 0xf9, 0xf9, 0xfa, 0xfc, 0xfc, 0xfd, 0xf4, 0xa0, 0xa0, 0x22, 0xa3, 0xa5, 0xa6, 0xa7, 0xa8, 0xa9, 0x06, 0x07, 0xac, 0xae, 0x09,
	0x09, 0x0a, 0xb1, 0x0b, 0x0b, 0x0c, 0x0c, 0x0d, 0x0d, 0x0e, 0x0e, 0x0f, 0x0f, 0x10, 0x11, 0x11, 0x12, 0x13, 0xa0, 0xa0, 0x81, 0x22, 0x23, 0x23, 0x24, 0x25, 0x25, 0x26, 0x27, 0x27, 0x28, 0x29, 0x29, 0x2a, 0x2b, 0x2c, 0x2c, 0x2d, 0x2e, 0x2f,
	0x2f, 0xb2, 0xb2, 0xb3, 0xb3, 0xb4, 0xb4, 0xb5, 0xb6, 0xb7, 0x5b, 0x5c, 0x5c, 0x5d, 0x5e, 0x5f, 0x5f, 0x40, 0x41, 0x42, 0x42, 0x43, 0x44, 0x45, 0x45, 0x46, 0xa0, 0xa0, 0x61, 0x22, 0x53, 0x53, 0x54, 0x55, 0x55, 0x56, 0x57, 0x57, 0x58, 0x59,
	0x59, 0x5a, 0xa0, 0xa0, 0x22, 0xa3, 0x63, 0x63, 0xa6, 0x65, 0xa8, 0x66, 0x67, 0x67, 0x68, 0xad, 0x69, 0x6a, 0x6b, 0x6b, 0x6c, 0x6d, 0x6d, 0x6e, 0x6e, 0x6e, 0x6f, 0x6f, 0x6f, 0x70, 0x70, 0x71, 0x71, 0x72, 0xa0, 0x81, 0x81, 0x82, 0x83, 0x84,
	0x84, 0x85, 0x85, 0x86, 0x87, 0x87, 0x88, 0x89, 0x8a, 0x8a, 0xc1, 0xc2, 0xc2, 0x90, 0x90, 0x91, 0x91, 0x92, 0x93, 0x93, 0x94, 0x95, 0x95, 0x96, 0x97, 0x98, 0xa0, 0xa0, 0xa1, 0x22, 0xa3, 0xa3, 0xa4, 0xa5, 0xa5, 0xa6, 0xa7, 0xa7, 0xa8, 0xa9,
	0xa9, 0xaa, 0xab, 0xac, 0xad, 0xae, 0xaf, 0xb0, 0xb0, 0xb1, 0xb2, 0xb2, 0xb3, 0xb4, 0xb4, 0xb5, 0xb6, 0xb6, 0x24, 0xc0, 0xc0, 0xc1, 0xc2, 0xc2, 0xc3, 0xc3, 0xc4, 0xc5, 0x2f, 0x30, 0x31, 0x32, 0x34, 0x35, 0x8a, 0x8b, 0xc5, 0xc5, 0x30, 0x30,
	0x31, 0x33, 0x33, 0x34, 0x35, 0x36, 0x36, 0x37, 0xb8, 0xb8, 0x53, 0x53, 0xe1, 0xe2, 0xe2, 0xe4, 0xe4, 0xf3, 0xe6, 0xe6, 0xe7, 0x88, 0x88, 0x89, 0x8a, 0x8a, 0x65, 0x93, 0xf1, 0xf3, 0xe7, 0xf4, 0x84, 0xf6, 0xf7, 0xf9, 0xf9, 0xfa, 0xfc, 0xfc,
	0xfd, 0xf4, 0x81, 0xa1, 0xa3, 0xa4, 0xa5, 0xa6, 0xa7, 0xa8, 0xaa, 0xab, 0x07, 0xad, 0xae, 0xaf, 0x09, 0x0a, 0xb1, 0x0b, 0x0c, 0x0c, 0x0d, 0x0d, 0x0d, 0x0e, 0x0e, 0x0f, 0x10, 0x10, 0x11, 0x12, 0x12, 0x13, 0x81, 0xa1, 0x22, 0x82, 0x23, 0x24,
	0x24, 0x25, 0x26, 0xc0, 0x27, 0x28, 0x29, 0x29, 0x2a, 0x2b, 0x2c, 0x2c, 0x2d, 0x2e, 0x2e, 0x2f, 0x30, 0xb2, 0xb2, 0xb3, 0xb4, 0xb4, 0xb4, 0xb5, 0xb6, 0xb7, 0x5b, 0x5c, 0x5c, 0x5d, 0x5e, 0x5f, 0x40, 0x40, 0x41, 0x42, 0x42, 0x43, 0x44, 0x45,
	0x45, 0x46, 0x81, 0xa1, 0x61, 0xa3, 0x02, 0xa4, 0x03, 0x55, 0x56, 0x56, 0x57, 0x57, 0x58, 0x59, 0x59, 0x5a, 0x81, 0xa1, 0xa3, 0x23, 0x63, 0xa5, 0x64, 0x65, 0xa8, 0x66, 0x67, 0x68, 0x68, 0x69, 0x69, 0x6a, 0x6b, 0x6c, 0x6c, 0x6d, 0x6d, 0x6e,
	0x6e, 0x6f, 0x6f, 0x6f, 0x70, 0x70, 0x71, 0x71, 0x72, 0x72, 0x81, 0x81, 0x82, 0x83, 0x83, 0x84, 0x84, 0x85, 0x86, 0x87, 0x87, 0x88, 0x88, 0x89, 0x8a, 0x8a, 0x29, 0xc2, 0xc2, 0x90, 0x91, 0x91, 0x92, 0x92, 0x93, 0x93, 0x94, 0x95, 0x95, 0x96,
	0x97, 0x98, 0x81, 0xa1, 0x22, 0xa3, 0xa3, 0x23, 0x24, 0xa5, 0xa6, 0xa7, 0xa7, 0xa8, 0xa8, 0xa9, 0xaa, 0xab, 0xac, 0xac, 0xae, 0xaf, 0xaf, 0xb0, 0xb1, 0xb1, 0xb2, 0xb3, 0xb3, 0xb4, 0xb4, 0xb5, 0xb6, 0xb7, 0x25, 0xc0, 0xc1, 0xc1, 0xc2, 0xc2,
	0xc3, 0xc4, 0xc4, 0xc5, 0xc5, 0x31, 0x32, 0x33, 0x34, 0x36, 0x8b, 0x8b, 0xc5, 0xc5, 0x30, 0x31, 0x32, 0x33, 0x33, 0x34, 0x35, 0x36, 0x37, 0x37, 0xb8, 0x38, 0x53, 0x53, 0xe1, 0xe2, 0xe2, 0xe4, 0xf3, 0xe5, 0xe6, 0xe6, 0xe7, 0x88, 0x89, 0x89,
	0x8a, 0x8a, 0xc1, 0x93, 0xf1, 0xf3, 0xe8, 0xf4, 0x84, 0xf6, 0xf7, 0x64, 0xf9, 0xfa, 0xe1, 0xe2, 0xfd, 0xf4, 0x81, 0x22, 0x23, 0x24, 0x25, 0xa6, 0xa8, 0xa9, 0xaa, 0xab, 0xac, 0xae, 0xaf, 0xaf, 0xb0, 0xb1, 0xb1, 0x0b, 0xb3, 0xb3, 0x0d, 0x0d,
	0x0e, 0xb5, 0xb6, 0x0f, 0x10, 0x11, 0x11, 0x12, 0x12, 0x14, 0x81, 0x22, 0x82, 0x82, 0x23, 0x24, 0x25, 0x25, 0xc0, 0x27, 0x28, 0x28, 0x29, 0x29, 0x2a, 0x2b, 0x2c, 0x2c, 0x2d, 0x2e, 0x2f, 0x2f, 0x30, 0x31, 0x31, 0x32, 0x33, 0xb4, 0xb5, 0xb5,
	0xb7, 0xb7, 0x5c, 0x5c, 0x5d, 0x5e, 0x5e, 0x5f, 0x40, 0x41, 0x42, 0x42, 0x42, 0x0d, 0x0e, 0x45, 0x0f, 0x10, 0x81, 0x22, 0x22, 0xa3, 0xa4, 0xa4, 0xa5, 0xa6, 0x04, 0x04, 0x57, 0x58, 0x58, 0x59, 0x5a, 0x5b, 0x81, 0x22, 0x23, 0x23, 0x24, 0x25,
	0x26, 0xa8, 0xa8, 0xaa, 0x67, 0x68, 0xad, 0x69, 0xaf, 0x6b, 0x6b, 0x6c, 0x6d, 0x6d, 0x6d, 0x6e, 0x6e, 0x6f, 0x6f, 0x6f, 0x70, 0x70, 0x71, 0x71, 0x72, 0x73, 0x81, 0x82, 0x82, 0x83, 0x83, 0x84, 0x85, 0x85, 0x86, 0x87, 0x87, 0x88, 0x89, 0x89,
	0x8a, 0x8b, 0x29, 0xc2, 0xc2, 0x90, 0x91, 0x91, 0x92, 0x92, 0x93, 0x94, 0x94, 0x95, 0x96, 0x96, 0x97, 0x98, 0x81, 0x22, 0x22, 0x23, 0x23, 0x24, 0x24, 0x25, 0x26, 0x26, 0xa8, 0xa8, 0xa9, 0xa9, 0xaa, 0xab, 0xac, 0xad, 0xae, 0xaf, 0xaf, 0xb0,
	0xb1, 0xb2, 0xb2, 0xb3, 0xb3, 0xb4, 0xb5, 0xb5, 0xb6, 0xb7, 0x25, 0xc0, 0xc1, 0xc1, 0xc2, 0xc3, 0xc3, 0xc4, 0xc5, 0xc5, 0xc5, 0x31, 0x32, 0x33, 0x34, 0x36, 0x8b, 0x8b, 0xc5, 0xc5, 0xc6, 0x31, 0x32, 0x33, 0x34, 0x34, 0x35, 0x36, 0x37, 0x37,
	0x38, 0x38, 0x53, 0x53, 0xe2, 0xe2, 0xe4, 0xe4, 0xf3, 0xe6, 0xe6, 0xe7, 0xe7, 0x88, 0x89, 0x8a, 0x8a, 0x8b, 0xc1, 0x93, 0x99, 0xf3, 0xe8, 0xf4, 0x85, 0xf6, 0xf7, 0x64, 0xf9, 0xfa, 0xe1, 0xe3, 0xfd, 0xf4, 0x81, 0x82, 0x23, 0x24, 0x25, 0xa7,
	0xa8, 0xa9, 0xaa, 0xab, 0xad, 0xae, 0xaf, 0xaf, 0xb0, 0xb1, 0x0b, 0xb2, 0xb3, 0xb3, 0x0d, 0x0d, 0xb5, 0xb5, 0xb6, 0x0f, 0x10, 0x11, 0x11, 0x12, 0x13, 0x14, 0x81, 0x82, 0x82, 0x23, 0x24, 0x84, 0x25, 0xc0, 0x27, 0x27, 0x28, 0x29, 0x29, 0x2a,
	0x2b, 0x2b, 0x2c, 0x2d, 0x2e, 0x2e, 0x2f, 0x30, 0x30, 0x31, 0x32, 0x32, 0x33, 0x34, 0x35, 0xb6, 0xb7, 0xb7, 0x5c, 0x5c, 0x5d, 0x5e, 0x0a, 0x40, 0x0b, 0x41, 0x0c, 0x0c, 0x0d, 0x0e, 0x45, 0x45, 0x0f, 0x10, 0x81, 0x82, 0xa3, 0x23, 0x24, 0xa5,
	0xa5, 0x04, 0x04, 0x05, 0x05, 0x06, 0x58, 0x5a, 0x5a, 0x5b, 0x81, 0x82, 0x23, 0x24, 0x25, 0x26, 0x26, 0x27, 0xa9, 0x67, 0x67, 0xac, 0xad, 0x69, 0xaf, 0x6b, 0x6b, 0x6c, 0x6d, 0x6d, 0x6e, 0x6e, 0x6f, 0x6f, 0x6f, 0x70, 0x70, 0x71, 0x71, 0x71,
	0x72, 0x73, 0x81, 0x82, 0x83, 0x83, 0x84, 0x84, 0x85, 0x86, 0x86, 0x87, 0x88, 0x88, 0x89, 0x8a, 0x8a, 0x8b, 0x29, 0xc2, 0xc3, 0x90, 0x91, 0x91, 0x92, 0x93, 0x93, 0x94, 0x95, 0x95, 0x96, 0x96, 0x98, 0x98, 0x81, 0x82, 0x23, 0x23, 0x23, 0x24,
	0x25, 0x25, 0x26, 0x26, 0x27, 0xa8, 0x28, 0xaa, 0x29, 0xab, 0xac, 0xad, 0xae, 0xaf, 0xb0, 0xb0, 0xb1, 0xb2, 0xb2, 0xb3, 0xb4, 0xb4, 0xb5, 0xb5, 0xb6, 0xb7, 0xc0, 0xc0, 0xc1, 0xc2, 0xc2, 0xc3, 0xc3, 0xc4, 0xc5, 0xc5, 0xc6, 0x31, 0x32, 0x33,
	0x34, 0x36, 0x8b, 0x8c, 0xc5, 0xc6, 0xc6, 0xc7, 0x32, 0x33, 0x34, 0x35, 0x36, 0x36, 0x37, 0x37, 0x38, 0x38, 0x53, 0x53, 0xe2, 0xe2, 0xe4, 0xe4, 0xf3, 0xe6, 0xe6, 0xe7, 0xe7, 0xe8, 0x8a, 0x8a, 0x8b, 0x8b, 0xc1, 0x93, 0x99, 0xf3, 0xe8, 0xf4,
	0xf6, 0x88, 0xf7, 0x64, 0xf9, 0xfa, 0xe1, 0xe3, 0xfd, 0xf4, 0x82, 0x82, 0x24, 0x24, 0x26, 0x26, 0x27, 0x28, 0xab, 0xac, 0xad, 0xae, 0xaf, 0xb0, 0xb1, 0xb2, 0xb2, 0xb2, 0xb3, 0xb4, 0xb4, 0xb5, 0xb5, 0xb6, 0xb6, 0x10, 0x11, 0xb8, 0x12, 0x12,
	0xba, 0x14, 0x82, 0x82, 0x82, 0x24, 0x84, 0x25, 0xc0, 0xc0, 0x27, 0x28, 0x28, 0x29, 0x2a, 0x2b, 0x2b, 0x2b, 0x2c, 0x2d, 0x2e, 0x2f, 0x2f, 0x30, 0x30, 0x31, 0x32, 0x33, 0x34, 0x34, 0x35, 0x36, 0xb7, 0x37, 0x5c, 0x08, 0x09, 0x09, 0x0a, 0x0a,
	0x0b, 0x0c, 0x0c, 0x0d, 0x0d, 0x0e, 0x0e, 0x0f, 0x10, 0x11, 0x82, 0x82, 0x23, 0x23, 0xa5, 0xa5, 0xa6, 0xa7, 0x05, 0x05, 0x05, 0x06, 0x06, 0x07, 0x07, 0x5b, 0x82, 0x82, 0x23, 0x24, 0x25, 0x26, 0x26, 0x28, 0x29, 0x29, 0xac, 0xad, 0xae, 0x90,
	0xaf, 0x6b, 0x6c, 0x6d, 0x6d, 0x6e, 0x6e, 0x6e, 0x6f, 0x6f, 0x70, 0x70, 0x70, 0x71, 0x71, 0x72, 0x72, 0x73, 0x82, 0x82, 0x83, 0x84, 0x84, 0x85, 0x85, 0x86, 0x87, 0x87, 0x88, 0x89, 0x8a, 0x8a, 0x8b, 0x8b, 0x2a, 0xc2, 0xc3, 0x90, 0x91, 0x92,
	0x92, 0x93, 0x93, 0x94, 0x95, 0x96, 0x96, 0x97, 0x98, 0x99, 0x82, 0x82, 0x23, 0x24, 0x24, 0x25, 0x25, 0x26, 0x26, 0x27, 0x27, 0x28, 0x28, 0x29, 0x2a, 0x2a, 0x2b, 0xae, 0xaf, 0xaf, 0xb0, 0xb1, 0xb1, 0xb2, 0xb3, 0xb3, 0xb4, 0xb4, 0xb5, 0xb6,
	0xb7, 0xb7, 0xc0, 0x27, 0xc1, 0xc2, 0xc2, 0xc3, 0xc4, 0xc4, 0xc5, 0xc5, 0xc6, 0x31, 0x32, 0x33, 0x34, 0x36, 0x8c, 0x8c, 0xc6, 0xc6, 0xc7, 0xc7, 0x33, 0x33, 0x34, 0x35, 0x36, 0x37, 0x37, 0x38, 0x38, 0x39, 0xa5, 0x53, 0xe2, 0xe3, 0xe4, 0xf3,
	0xe5, 0xe6, 0xe7, 0xe7, 0xe7, 0xe8, 0x8a, 0x8a, 0x8b, 0x8b, 0xc1, 0x94, 0x99, 0xf3, 0xe8, 0xf4, 0xf6, 0x89, 0xf7, 0x65, 0xf9, 0xfa, 0xe1, 0xe3, 0xfd, 0xf4, 0x82, 0x23, 0x24, 0x25, 0x26, 0x27, 0x28, 0xaa, 0xab, 0xac, 0xae, 0xae, 0xb0, 0xb0,
	0xb1, 0xb2, 0xb2, 0xb3, 0xb3, 0xb4, 0xb4, 0xb5, 0xb5, 0xb6, 0xb6, 0xb7, 0xb8, 0xb8, 0xb9, 0xb9, 0xba, 0xbb, 0x82, 0x82, 0x83, 0x84, 0x25, 0x84, 0x85, 0x27, 0x28, 0x28, 0x29, 0x29, 0x2b, 0x2b, 0x2b, 0x2c, 0x2d, 0x2e, 0x2e, 0x2f, 0x30, 0x30,
	0x31, 0x32, 0x32, 0x33, 0x34, 0x35, 0x35, 0x36, 0xb7, 0x38, 0x08, 0x09, 0x09, 0x0a, 0x0a, 0x0b, 0x0b, 0x0c, 0x0c, 0x0d, 0x0d, 0x0e, 0x0f, 0x0f, 0x10, 0x11, 0x82, 0x23, 0x23, 0x24, 0x24, 0x25, 0x26, 0xa7, 0xa8, 0x05, 0xa9, 0xaa, 0x06, 0x07,
	0x07, 0x08, 0x82, 0x23, 0x24, 0x25, 0x26, 0x26, 0x27, 0x28, 0x29, 0x2a, 0x2b, 0x90, 0x90, 0x90, 0xaf, 0x6b, 0xb1, 0x6d, 0x6e, 0x6e, 0x6e, 0x6f, 0x6f, 0x70, 0x70, 0x70, 0x71, 0x71, 0x72, 0x72, 0x73, 0x73, 0x82, 0x83, 0x83, 0x84, 0x84, 0x85,
	0x86, 0x86, 0x87, 0x88, 0x88, 0x89, 0x8a, 0x8a, 0x8b, 0x8c, 0xc2, 0xc3, 0xc3, 0x90, 0x91, 0x92, 0x92, 0x93, 0x94, 0x94, 0x95, 0x96, 0x96, 0x97, 0x98, 0x99, 0x82, 0x82, 0x23, 0x24, 0x25, 0x25, 0x25, 0x26, 0x27, 0x27, 0x28, 0x28, 0x29, 0x29,
	0x2a, 0x2b, 0x2c, 0x2c, 0x2d, 0xb0, 0x2f, 0x30, 0xb2, 0x31, 0x32, 0xb4, 0xb4, 0x34, 0x35, 0x35, 0x36, 0x37, 0xc0, 0xc1, 0xc1, 0xc2, 0xc3, 0xc3, 0xc4, 0xc5, 0xc5, 0xc6, 0xc6, 0x32, 0x33, 0x34, 0x35, 0x36, 0x8c, 0x8c, 0xc6, 0xc7, 0xc7, 0xc7,
	0xc9, 0x34, 0x34, 0x35, 0x36, 0x37, 0x37, 0x38, 0x38, 0x39, 0xa5, 0xa5, 0xe2, 0xe4, 0xf3, 0xe5, 0xe6, 0xe6, 0xe7, 0xe7, 0xe8, 0xeb, 0x8a, 0x8b, 0x8b, 0x8c, 0xc1, 0x94, 0x9a, 0xf3, 0xe8, 0xf4, 0xf6, 0xf7, 0xf7, 0x65, 0xf9, 0xfa, 0xe2, 0xe3,
	0xfd, 0xf4, 0x83, 0x23, 0x24, 0x25, 0x26, 0x27, 0x28, 0x29, 0x2a, 0x2b, 0xae, 0xaf, 0xb0, 0xb0, 0xb1, 0xb2, 0xb2, 0xb3, 0xb4, 0xb4, 0xb5, 0xb5, 0xb6, 0xb6, 0xb7, 0xb7, 0xb8, 0xb8, 0xb9, 0xba, 0xba, 0xbb, 0x83, 0x83, 0x83, 0x84, 0x84, 0xc0,
	0x27, 0x86, 0x28, 0x28, 0x29, 0x2a, 0x2b, 0x2b, 0x2b, 0x2d, 0x2e, 0x2e, 0x2f, 0x2f, 0x30, 0x31, 0x31, 0x32, 0x33, 0x33, 0x34, 0x35, 0x36, 0x36, 0x37, 0x38, 0x08, 0x09, 0x0a, 0x0a, 0x0a, 0x0b, 0x0c, 0x0c, 0x0c, 0x0d, 0x0e, 0x0e, 0x0f, 0x10,
	0x10, 0x11, 0x83, 0x23, 0x24, 0x24, 0x25, 0x25, 0x26, 0xa8, 0xa8, 0xa9, 0xaa, 0xab, 0xab, 0x07, 0x07, 0x08, 0x83, 0x23, 0x24, 0x25, 0xc0, 0x27, 0x28, 0x29, 0x29, 0x2a, 0x2b, 0x2c, 0x90, 0x90, 0xb0, 0xb1, 0xb2, 0x6d, 0x6e, 0x6e, 0x6f, 0x6f,
	0x6f, 0x70, 0x70, 0x71, 0x71, 0x71, 0x72, 0x72, 0x73, 0x74, 0x83, 0x83, 0x84, 0x84, 0x85, 0x85, 0x86, 0x87, 0x87, 0x88, 0x89, 0x89, 0x8a, 0x8b, 0x8b, 0x8c, 0x2b, 0xc3, 0xc3, 0x91, 0xc4, 0x92, 0x93, 0x93, 0x94, 0x95, 0x96, 0x96, 0x97, 0x97,
	0x98, 0x99, 0x83, 0x83, 0x24, 0x24, 0x25, 0x25, 0x26, 0x26, 0x27, 0x27, 0x28, 0x29, 0x29, 0x2a, 0x2a, 0x2b, 0x2c, 0x2c, 0x2e, 0x2e, 0x2f, 0x30, 0x31, 0x31, 0x32, 0xb4, 0x33, 0x35, 0x35, 0x36, 0x36, 0x37, 0xc0, 0xc1, 0xc2, 0xc2, 0xc3, 0xc3,
	0xc4, 0xc5, 0xc6, 0xc6, 0xc7, 0x32, 0x33, 0x34, 0x35, 0x36, 0x8c, 0x8d, 0xc6, 0xc7, 0xc7, 0xc7, 0xc9, 0xca, 0x35, 0x35, 0x36, 0x37, 0x37, 0x38, 0x39, 0x39, 0xa5, 0xa5, 0x25, 0xe4, 0xf3, 0xf3, 0xe6, 0xe6, 0xe7, 0xe8, 0xe9, 0xeb, 0x8a, 0x8b,
	0x8b, 0x8c, 0xc2, 0x94, 0x9a, 0xf3, 0xe8, 0xf4, 0xf6, 0xf7, 0xf7, 0x65, 0xf9, 0xfa, 0xe2, 0xe3, 0xfd, 0xf4, 0x83, 0x83, 0x25, 0x26, 0x27, 0x27, 0x29, 0x2a, 0x2b, 0x2c, 0x2c, 0x2d, 0xb0, 0xb1, 0xb1, 0xb2, 0xb3, 0xb3, 0xb4, 0xb4, 0xb5, 0xb5,
	0xb6, 0xb7, 0xb7, 0xb7, 0xb8, 0xb9, 0xb9, 0xba, 0xba, 0xbb, 0x83, 0x83, 0x83, 0x84, 0x84, 0x85, 0x27, 0x28, 0x28, 0x29, 0x2a, 0x2b, 0x2b, 0x2b, 0x2c, 0x2d, 0x2e, 0x2f, 0x2f, 0x2f, 0x30, 0x31, 0x31, 0x32, 0x33, 0x34, 0x35, 0x35, 0x36, 0x36,
	0x37, 0x38, 0x09, 0x09, 0x0a, 0x0a, 0x0b, 0x0b, 0x0c, 0x0c, 0x0d, 0x0e, 0x0e, 0x0e, 0x0f, 0x10, 0x11, 0x12, 0x83, 0x83, 0x24, 0x25, 0x25, 0x26, 0xa8, 0xa8, 0xa9, 0xaa, 0xaa, 0xab, 0x07, 0x07, 0xae, 0xae, 0x83, 0x83, 0x25, 0xc0, 0xc0, 0x27,
	0x28, 0x29, 0x2a, 0x2b, 0x2c, 0x90, 0x90, 0x2e, 0x2f, 0x30, 0x31, 0x31, 0x32, 0x6e, 0x6f, 0x6f, 0x70, 0x70, 0x70, 0x71, 0x71, 0x71, 0x72, 0x73, 0x73, 0x74, 0x83, 0x83, 0x84, 0x85, 0x85, 0x86, 0x87, 0x87, 0x88, 0x88, 0x89, 0x8a, 0x8a, 0x8b,
	0x8c, 0x8d, 0xc3, 0xc3, 0xc3, 0xc4, 0xc4, 0x92, 0x93, 0x94, 0x94, 0x95, 0x96, 0x96, 0x97, 0x97, 0x99, 0x99, 0x83, 0x83, 0x24, 0x25, 0x25, 0xc0, 0x26, 0x27, 0x27, 0x28, 0x28, 0x29, 0x2a, 0x2a, 0x2b, 0x2b, 0x2c, 0x2d, 0x2e, 0x2f, 0x30, 0x30,
	0x31, 0x32, 0x32, 0x33, 0x34, 0x35, 0x35, 0x36, 0x37, 0x37, 0x86, 0xc1, 0xc2, 0xc3, 0xc3, 0xc4, 0xc5, 0xc5, 0xc6, 0xc6, 0xc7, 0xc7, 0x33, 0x34, 0x35, 0x37, 0x8d, 0x8d, 0xc7, 0xc7, 0xc7, 0xc9, 0xc9, 0xca, 0xca, 0xcb, 0xcb, 0x37, 0x38, 0x39,
	0x39, 0x39, 0x25, 0xa5, 0xe4, 0xf3, 0xf3, 0xe6, 0xe6, 0xe7, 0xe7, 0xe8, 0xe9, 0xeb, 0x8b, 0x8b, 0x8c, 0x8d, 0xc2, 0x95, 0x9a, 0xf3, 0xeb, 0xf4, 0xf6, 0xf7, 0xf7, 0x66, 0x6a, 0xfa, 0xa5, 0xe3, 0xfd, 0xf4, 0x83, 0x84, 0x84, 0x26, 0x27, 0x28,
	0x29, 0x2a, 0x2b, 0x2c, 0x2d, 0x2e, 0xb0, 0x30, 0x30, 0x32, 0xb3, 0xb4, 0xb4, 0xb5, 0xb5, 0xb6, 0xb6, 0xb7, 0xb7, 0xb8, 0xb9, 0xb9, 0xba, 0xba, 0xbb, 0xbc, 0x83, 0x84, 0x84, 0x84, 0x85, 0x85, 0x28, 0x86, 0x87, 0xc2, 0x2a, 0x2b, 0x2b, 0x2b,
	0x2d, 0x2e, 0x2e, 0x2f, 0x2f, 0x30, 0x30, 0x31, 0x32, 0x33, 0x33, 0x34, 0x35, 0x35, 0x36, 0x37, 0x37, 0x38, 0x09, 0x09, 0x0a, 0x0b, 0x0b, 0x0b, 0x0c, 0x0d, 0x0d, 0x0e, 0x0e, 0x0f, 0x0f, 0x11, 0x11, 0x12, 0x83, 0x84, 0x84, 0x25, 0x26, 0x26,
	0x27, 0x28, 0x28, 0xaa, 0xab, 0xab, 0xac, 0xad, 0xae, 0xae, 0x83, 0x84, 0x25, 0xc0, 0x27, 0x28, 0x29, 0x29, 0x2a, 0x2b, 0x2c, 0x90, 0x2e, 0x2f, 0x2f, 0x30, 0x31, 0x32, 0x32, 0x33, 0x33, 0x6f, 0x70, 0x70, 0x71, 0x71, 0x72, 0x72, 0x72, 0x73,
	0x73, 0x74, 0x83, 0x84, 0x84, 0x85, 0x85, 0x86, 0x87, 0x87, 0x88, 0x89, 0x89, 0x8a, 0x8b, 0x8b, 0x8c, 0x8d, 0xc3, 0xc3, 0xc4, 0xc4, 0xc5, 0x93, 0x93, 0x94, 0x94, 0x95, 0x96, 0x97, 0x97, 0x98, 0x99, 0x99, 0x83, 0x84, 0x84, 0x84, 0xc0, 0x85,
	0x27, 0x27, 0x28, 0x28, 0x29, 0x29, 0x2a, 0x2b, 0x2b, 0x2c, 0x2d, 0x2d, 0x2e, 0x2f, 0x30, 0x31, 0x32, 0x32, 0x33, 0x34, 0x34, 0x35, 0x36, 0x36, 0x37, 0x38, 0xc1, 0x87, 0xc2, 0xc3, 0xc4, 0xc4, 0xc5, 0xc5, 0xc6, 0xc7, 0xc7, 0xc9, 0xc9, 0x34,
	0x35, 0xcc, 0x8d, 0x8d, 0xc7, 0xc7, 0xc8, 0xc9, 0xc9, 0xca, 0xca, 0xcb, 0xcb, 0xcc, 0xcc, 0x39, 0x39, 0x3a, 0x26, 0x25, 0xf3, 0xf3, 0xf3, 0xe6, 0xe6, 0xe7, 0xe8, 0xe9, 0xea, 0xeb, 0x8b, 0x8b, 0x8c, 0x8d, 0xc2, 0x95, 0x9a, 0x86, 0xeb, 0xf4,
	0xf6, 0xf7, 0xf7, 0x66, 0x6a, 0xfa, 0xa5, 0xe4, 0xfd, 0xf4, 0x83, 0x84, 0x84, 0x27, 0x28, 0x28, 0x2a, 0x2a, 0x2b, 0x2c, 0x2d, 0x2e, 0x2f, 0x30, 0x31, 0x32, 0x32, 0xb4, 0xb4, 0xb5, 0xb6, 0xb6, 0xb7, 0xb7, 0xb8, 0xb8, 0xb9, 0xb9, 0xba, 0xba,
	0xbb, 0xbc, 0x83, 0x84, 0x84, 0x85, 0x85, 0x86, 0x28, 0x28, 0x87, 0xc2, 0x2b, 0x2b, 0xc3, 0x2d, 0x2d, 0x2e, 0x2f, 0x2f, 0x2f, 0x30, 0x30, 0x32, 0x32, 0x33, 0x33, 0x34, 0x35, 0x35, 0x36, 0x37, 0x37, 0x39, 0x09, 0x0a, 0x0a, 0x0b, 0x0b, 0x0c,
	0x0c, 0x0d, 0x0d, 0x0e, 0x0e, 0x0f, 0x10, 0x11, 0x11, 0x12, 0x83, 0x84, 0x25, 0x84, 0x26, 0x27, 0x27, 0x28, 0x28, 0xab, 0xab, 0xac, 0xac, 0xae, 0xae, 0x09, 0x83, 0x84, 0x84, 0xc0, 0x28, 0x28, 0x29, 0x2a, 0x2b, 0x2c, 0x2c, 0x2d, 0x2e, 0x2f,
	0x2f, 0x31, 0x31, 0x32, 0x33, 0x33, 0x34, 0x34, 0x70, 0x70, 0x71, 0x71, 0x72, 0x72, 0x73, 0x73, 0x74, 0x75, 0x83, 0x84, 0x85, 0x85, 0x86, 0x87, 0x87, 0x88, 0x88, 0x89, 0x8a, 0x8a, 0x8b, 0x8c, 0x8c, 0x8d, 0xc3, 0xc3, 0xc4, 0xc5, 0xc5, 0xc5,
	0xc6, 0x94, 0x94, 0x96, 0x96, 0x97, 0x97, 0x98, 0x99, 0x99, 0x83, 0x84, 0x84, 0x84, 0x85, 0x27, 0x27, 0x28, 0x28, 0x29, 0x29, 0x2a, 0x2b, 0x2b, 0x2b, 0x2c, 0x2d, 0x2e, 0x2f, 0x30, 0x30, 0x31, 0x32, 0x32, 0x33, 0x34, 0x34, 0x35, 0x36, 0x36,
	0x37, 0x38, 0x86, 0xc2, 0xc2, 0xc3, 0xc4, 0xc4, 0xc5, 0xc6, 0xc6, 0xc7, 0xc7, 0xc9, 0xc9, 0xca, 0xcb, 0xcc, 0x8d, 0x8e, 0xd0, 0xc7, 0xc8, 0xc9, 0xc9, 0xca, 0xcb, 0xcb, 0xcc, 0xcc, 0xcc, 0x39, 0x39, 0x3a, 0x26, 0x25, 0xf3, 0xf3, 0xf3, 0xe6,
	0xe7, 0xe7, 0xe8, 0xe9, 0xea, 0xeb, 0xec, 0x8c, 0x8d, 0x8d, 0xc2, 0x95, 0x9b, 0xf3, 0xeb, 0xf4, 0x87, 0xf7, 0xf8, 0x66, 0x6a, 0xfa, 0xe4, 0xe4, 0xfd, 0xf4, 0x84, 0x84, 0x85, 0x27, 0x28, 0x29, 0x2a, 0x2b, 0x2c, 0x2d, 0x2e, 0x2f, 0x30, 0x31,
	0x31, 0x32, 0x33, 0xb4, 0x34, 0xb5, 0xb6, 0x36, 0xb7, 0xb7, 0xb8, 0xb9, 0xb9, 0xba, 0xba, 0xbb, 0xbc, 0xbc, 0x84, 0x84, 0x85, 0x85, 0x85, 0x86, 0x87, 0x87, 0xc2, 0xc2, 0x2b, 0x2b, 0xc3, 0x2d, 0x2e, 0xc4, 0x2f, 0x2f, 0x30, 0x30, 0x31, 0x32,
	0x32, 0x33, 0x34, 0x34, 0x35, 0x36, 0x36, 0x37, 0x38, 0x39, 0xb0, 0x0a, 0x0b, 0x0b, 0x0b, 0x0c, 0x0d, 0x0d, 0x0e, 0x0e, 0x0f, 0x0f, 0x10, 0x11, 0x12, 0x12, 0x84, 0x84, 0x84, 0x85, 0x27, 0x27, 0x28, 0x28, 0x29, 0xab, 0xab, 0xac, 0xae, 0xae,
	0xae, 0xaf, 0x84, 0x84, 0x85, 0x27, 0x28, 0x28, 0x29, 0x2a, 0x2b, 0x2c, 0x2d, 0x2e, 0x2e, 0x2f, 0x30, 0x31, 0x32, 0x32, 0x33, 0x34, 0x34, 0x35, 0x35, 0x36, 0x71, 0x71, 0x72, 0x72, 0x73, 0x74, 0x75, 0x75, 0x84, 0x85, 0x85, 0x85, 0x86, 0x87,
	0x88, 0x88, 0x89, 0x8a, 0x8a, 0x8b, 0x8b, 0x8c, 0x8d, 0x8d, 0xc3, 0xc4, 0xc4, 0xc5, 0xc5, 0xc6, 0x94, 0x94, 0x95, 0x96, 0x96, 0x97, 0x97, 0x98, 0x99, 0x9a, 0x84, 0x84, 0x84, 0x85, 0x85, 0x27, 0x28, 0x28, 0x29, 0x29, 0x2a, 0x2a, 0x2b, 0x2b,
	0x2c, 0x2d, 0x2d, 0x2e, 0x2f, 0x30, 0x31, 0x31, 0x32, 0x33, 0x33, 0x34, 0x35, 0x36, 0x36, 0x37, 0x37, 0x38, 0x87, 0xc2, 0xc3, 0xc3, 0xc4, 0xc5, 0xc5, 0xc6, 0xc7, 0xc7, 0xc8, 0xc9, 0xc9, 0xca, 0xcb, 0xcc, 0x8e, 0x8e, 0xd1, 0xd1, 0xd2, 0xc9,
	0xc9, 0xca, 0xcb, 0xcb, 0xcc, 0xcc, 0xcc, 0xcd, 0xcd, 0x3a, 0x26, 0x26, 0xf3, 0xf3, 0xe6, 0xe6, 0xe7, 0xe8, 0xe9, 0xea, 0xea, 0xeb, 0xec, 0xed, 0x8d, 0x8d, 0xc3, 0x96, 0x9b, 0x87, 0xeb, 0xf4, 0x87, 0xf7, 0xf8, 0x66, 0x6a, 0xfa, 0xf3, 0xe4,
	0xe5, 0xf4, 0x84, 0x85, 0x85, 0x28, 0x28, 0x29, 0x2a, 0x2b, 0x2c, 0x2e, 0x2e, 0x2f, 0x30, 0x31, 0x32, 0x32, 0x33, 0x34, 0x34, 0x35, 0x35, 0x36, 0x36, 0x37, 0x37, 0xb9, 0xba, 0xba, 0xba, 0xbb, 0xbc, 0xbd, 0x84, 0x85, 0x85, 0x85, 0x86, 0x86,
	0x87, 0x87, 0x88, 0x2b, 0x2b, 0xc3, 0xc3, 0xc4, 0xc4, 0xc5, 0x2f, 0x2f, 0x30, 0x31, 0x32, 0x32, 0x33, 0x34, 0x34, 0x34, 0x35, 0x36, 0x37, 0x37, 0xcc, 0x39, 0xb0, 0x0a, 0x0b, 0x0b, 0xb2, 0xb3, 0x0d, 0x0d, 0x0e, 0x0e, 0x0f, 0x10, 0x11, 0x12,
	0x12, 0x12, 0x84, 0x85, 0x85, 0x85, 0x27, 0x27, 0x28, 0x29, 0x29, 0x2a, 0x2a, 0x2b, 0xae, 0xae, 0xaf, 0xaf, 0x84, 0x85, 0x85, 0x86, 0x28, 0x29, 0x2a, 0x2b, 0x2b, 0x2c, 0x2d, 0x2e, 0x2f, 0x30, 0x30, 0x31, 0x32, 0x33, 0x33, 0x34, 0x34, 0x35,
	0x35, 0x36, 0x36, 0x37, 0x72, 0x72, 0x73, 0x74, 0x75, 0x75, 0x84, 0x85, 0x85, 0x86, 0x87, 0x87, 0x88, 0x88, 0x89, 0x8a, 0x8a, 0x8b, 0x8c, 0x8c, 0x8d, 0x8e, 0xc4, 0xc4, 0xc4, 0xc5, 0xc6, 0xc6, 0xc6, 0xc7, 0x95, 0x96, 0x97, 0x97, 0x98, 0x99,
	0x9a, 0x9a, 0x84, 0x85, 0x85, 0x85, 0x27, 0x86, 0x28, 0x28, 0x29, 0x2a, 0x2b, 0x2b, 0x2b, 0x2c, 0x2c, 0x2d, 0x2e, 0x2f, 0x2f, 0x30, 0x31, 0x32, 0x32, 0x33, 0x34, 0x34, 0x35, 0x36, 0x36, 0x37, 0x37, 0x39, 0x87, 0xc2, 0xc3, 0xc4, 0xc4, 0xc5,
	0xc6, 0xc6, 0xc7, 0xc7, 0xc8, 0xc9, 0xca, 0xca, 0xcb, 0xcc, 0x8e, 0x8e, 0xd1, 0xd1, 0xd2, 0xc9, 0xca, 0xca, 0xcb, 0xcb, 0xcc, 0xcc, 0xcd, 0xcd, 0xcd, 0xce, 0x27, 0x85, 0xf3, 0xf3, 0xe6, 0xe7, 0xe7, 0xe8, 0xea, 0xea, 0xeb, 0xeb, 0xec, 0xed,
	0x8d, 0x8e, 0xc3, 0x96, 0x9b, 0x87, 0xeb, 0xff, 0x88, 0xf7, 0xf8, 0x67, 0x6b, 0xfa, 0xf3, 0xe5, 0xe5, 0xff, 0x85, 0x85, 0x85, 0x28, 0x29, 0x2a, 0x2b, 0x2b, 0x2d, 0x2e, 0x2f, 0x2f, 0x30, 0x31, 0x32, 0x33, 0x33, 0x34, 0x35, 0x35, 0x36, 0x36,
	0x37, 0x37, 0x38, 0x39, 0xba, 0xba, 0xbb, 0xbc, 0xbc, 0xbd, 0x85, 0x85, 0x85, 0x86, 0x86, 0x87, 0x87, 0x88, 0x88, 0x2b, 0xc3, 0xc3, 0xc4, 0xc4, 0xc4, 0x2f, 0x2f, 0x30, 0x30, 0x31, 0x32, 0x33, 0x33, 0x34, 0x34, 0x35, 0x36, 0xcb, 0xcc, 0x38,
	0xcc, 0xcd, 0xb0, 0xb1, 0x0b, 0x0b, 0xb2, 0x0d, 0x0d, 0xb4, 0x0e, 0x0f, 0x0f, 0x10, 0x11, 0x12, 0x12, 0x13, 0x85, 0x85, 0x85, 0x85, 0x28, 0x28, 0x28, 0x29, 0x2a, 0x2a, 0x2b, 0xae, 0xae, 0xae, 0xaf, 0xb0, 0x85, 0x85, 0x85, 0x28, 0x29, 0x2a,
	0x2a, 0x2b, 0x2c, 0x2d, 0x2e, 0x2e, 0x2f, 0x30, 0x30, 0x31, 0x32, 0x33, 0x33, 0x34, 0x35, 0x35, 0x36, 0x36, 0x37, 0x37, 0x73, 0x73, 0x73, 0x75, 0x75, 0x76, 0x85, 0x85, 0x86, 0x86, 0x87, 0x87, 0x88, 0x89, 0x8a, 0x8a, 0x8b, 0x8b, 0x8c, 0x8d,
	0x8d, 0x8e, 0xc4, 0xc4, 0xc5, 0xc5, 0xc6, 0xc6, 0xc7, 0xc7, 0x96, 0x96, 0x97, 0x97, 0x98, 0x99, 0x9a, 0x9b, 0x85, 0x85, 0x85, 0x85, 0x27, 0x28, 0x28, 0x29, 0x2a, 0x2b, 0x2b, 0x2b, 0x2c, 0x2c, 0x2d, 0x2e, 0x2e, 0x2f, 0x30, 0x30, 0x31, 0x32,
	0x33, 0x33, 0x34, 0x35, 0x35, 0x36, 0x36, 0x37, 0xcc, 0xcd, 0x87, 0xc2, 0xc3, 0xc4, 0xc4, 0xc5, 0xc6, 0xc7, 0xc7, 0xc7, 0xc8, 0xc9, 0xca, 0xca, 0xcb, 0xcc, 0xee, 0xd0, 0xd1, 0xd1, 0xd2, 0xd3, 0xd3, 0xd4, 0xcb, 0xcb, 0xcc, 0xcc, 0xcd, 0xcd,
	0xcd, 0xce, 0x27, 0x27, 0x27, 0xe6, 0xe6, 0xe7, 0xe7, 0xe9, 0xea, 0xea, 0xec, 0xeb, 0xed, 0xed, 0x8e, 0x8e, 0xc3, 0x96, 0x9b, 0x87, 0xeb, 0xff, 0x88, 0xf7, 0xf8, 0xf0, 0x6b, 0xfa, 0xf3, 0xe5, 0xe5, 0xff, 0x85, 0x85, 0x86, 0x28, 0x29, 0x2a,
	0x2b, 0x2c, 0x2d, 0x2e, 0x2f, 0x2f, 0x30, 0x32, 0x32, 0x33, 0x34, 0x34, 0x35, 0x36, 0x36, 0x36, 0x37, 0x38, 0x38, 0x39, 0xba, 0xba, 0xbc, 0xbc, 0xbc, 0xbd, 0x85, 0x85, 0x85, 0x86, 0x87, 0x87, 0x87, 0x88, 0x88, 0xc3, 0xc3, 0x8a, 0xc4, 0xc4,
	0xc5, 0xc5, 0xc5, 0x30, 0x30, 0xc7, 0x32, 0x33, 0x33, 0x34, 0x35, 0x35, 0xcb, 0xcb, 0xcc, 0xcc, 0xcc, 0xcd, 0xb0, 0x0b, 0xb2, 0xb2, 0xb3, 0xb4, 0xb4, 0xb5, 0xb6, 0xb6, 0x10, 0xb7, 0xb8, 0x12, 0xb9, 0xba, 0x85, 0x85, 0x85, 0x27, 0x28, 0x28,
	0x29, 0x2a, 0x2a, 0x2b, 0x2b, 0x2c, 0x2d, 0xaf, 0xaf, 0xb0, 0x85, 0x85, 0x86, 0x86, 0x29, 0x2a, 0x2b, 0x2b, 0x2c, 0x2d, 0x2e, 0x2f, 0x2f, 0x30, 0x31, 0x32, 0x33, 0x33, 0x34, 0x34, 0x35, 0x36, 0x36, 0x36, 0x37, 0x37, 0x38, 0x38, 0x38, 0x75,
	0x75, 0x76, 0x85, 0x85, 0x86, 0x87, 0x87, 0x88, 0x88, 0x89, 0x8a, 0x8b, 0x8b, 0x8c, 0x8d, 0x8d, 0x8e, 0xee, 0xc4, 0xc5, 0xc5, 0xc6, 0xc6, 0xc6, 0xc7, 0xc9, 0xc9, 0xc9, 0xca, 0xca, 0x98, 0x99, 0x9a, 0x9b, 0x85, 0x85, 0x85, 0x86, 0x86, 0x87,
	0x29, 0x2a, 0x2a, 0x2b, 0x2b, 0x2b, 0x2c, 0x2d, 0x2d, 0x2e, 0x2f, 0x2f, 0x30, 0x30, 0x32, 0x32, 0x33, 0x34, 0x34, 0x35, 0x36, 0x36, 0x37, 0xcc, 0xcc, 0xcd, 0x88, 0x88, 0xc3, 0xc4, 0xc5, 0xc5, 0xc6, 0xc7, 0xd1, 0xc8, 0xd2, 0xc9, 0xca, 0xd4,
	0xcb, 0xcc, 0xef, 0xd0, 0xd1, 0xd1, 0xd2, 0xd3, 0xd3, 0xd4, 0xd5, 0xcb, 0xd6, 0xcc, 0xcd, 0xcd, 0xcd, 0xce, 0x28, 0x27, 0x86, 0xe6, 0xe6, 0xe7, 0xe7, 0xe9, 0xea, 0xea, 0xec, 0xec, 0xed, 0xed, 0x8e, 0xee, 0xc3, 0x96, 0x9b, 0x88, 0xeb, 0xff,
	0x88, 0xf7, 0xf8, 0xf0, 0x6b, 0xfa, 0xf3, 0xe5, 0xe5, 0xff, 0x85, 0x85, 0x86, 0x29, 0x2a, 0x2b, 0x2c, 0x2c, 0x2e, 0x2e, 0x2f, 0x30, 0x31, 0x32, 0x32, 0x33, 0x34, 0x34, 0x35, 0x36, 0x36, 0x37, 0x37, 0x38, 0x38, 0x39, 0xcd, 0xbc, 0xbc, 0xce,
	0xbd, 0xcf, 0x85, 0x85, 0x86, 0x87, 0x87, 0x87, 0x88, 0x88, 0x89, 0xc3, 0x8a, 0xc4, 0xc4, 0xc4, 0xc5, 0xc5, 0xc6, 0xc6, 0xc7, 0xc7, 0xc9, 0x33, 0x34, 0x34, 0xca, 0xcb, 0xcb, 0xcb, 0xcc, 0xcc, 0xcd, 0xcd, 0xb1, 0xb2, 0xb2, 0xb3, 0xb3, 0xb4,
	0xb4, 0xb5, 0xb6, 0xb6, 0xb7, 0xb7, 0xb8, 0xb9, 0xba, 0xba, 0x85, 0x85, 0x85, 0x86, 0x28, 0x28, 0x2a, 0x2b, 0x2b, 0x2b, 0x2b, 0x2c, 0x2d, 0x2e, 0xaf, 0xb0, 0x85, 0x85, 0x86, 0x87, 0xc2, 0x2b, 0x2b, 0x2c, 0x2d, 0x2e, 0x2f, 0x2f, 0x30, 0x30,
	0x31, 0x32, 0x33, 0x33, 0x34, 0x35, 0x35, 0x36, 0x36, 0x37, 0x37, 0x37, 0x38, 0x38, 0x39, 0x75, 0x75, 0x76, 0x85, 0x86, 0x86, 0x87, 0x87, 0x88, 0x89, 0x8a, 0x8a, 0x8b, 0x8b, 0x8c, 0x8d, 0x8d, 0x8e, 0xef, 0xc4, 0xc5, 0xc5, 0xc6, 0xc6, 0xc7,
	0xc7, 0xc9, 0xc9, 0xc9, 0xca, 0xcb, 0xcb, 0xd6, 0x9b, 0x9b, 0x85, 0x85, 0x86, 0x86, 0x87, 0x87, 0x2a, 0x2a, 0x2b, 0x2b, 0x2b, 0x2c, 0x2d, 0x2d, 0x2e, 0x2e, 0x2f, 0x30, 0x30, 0x31, 0x32, 0x32, 0x33, 0x34, 0x34, 0x35, 0x36, 0xcb, 0xcc, 0xcc,
	0xcc, 0xcd, 0x88, 0xc3, 0xc4, 0xc4, 0xc5, 0xc6, 0xc7, 0xc7, 0xd1, 0xd1, 0xd2, 0xd3, 0xca, 0xd4, 0xd5, 0xcc, 0xef, 0xd0, 0xd1, 0xd2, 0xd2, 0xd3, 0xd4, 0xd4, 0xd5, 0xd5, 0xd6, 0xd7, 0xd7, 0xcd, 0xcd, 0xce, 0x28, 0x28, 0xe6, 0xe6, 0xe7, 0xe7,
	0xe9, 0xea, 0xea, 0xec, 0xec, 0xec, 0xed, 0xed, 0xee, 0xef, 0xc3, 0x96, 0x9c, 0x88, 0xeb, 0xff, 0x89, 0xf7, 0xf8, 0xf0, 0x6c, 0xfa, 0xf3, 0xe5, 0xe6, 0xff, 0x24, 0x25, 0x26, 0xa8, 0xa9, 0xaa, 0x67, 0xac, 0xae, 0xaf, 0xaf, 0xb0, 0xb1, 0xb2,
	0xb2, 0xb3, 0xb3, 0xb4, 0xb5, 0xb5, 0xb6, 0xb6, 0xb7, 0xb7, 0xb8, 0xb9, 0xb9, 0xba, 0xba, 0x15, 0x16, 0x17, 0x24, 0x25, 0x25, 0x26, 0x26, 0x27, 0x28, 0x29, 0x29, 0x2a, 0x2a, 0x2b, 0x2c, 0x2c, 0x2d, 0x2e, 0x2f, 0x2f, 0x30, 0x31, 0x31, 0x32,
	0x32, 0x33, 0x34, 0x35, 0x36, 0x36, 0x37, 0x38, 0x38, 0x39, 0x0a, 0x0a, 0x0a, 0x0b, 0x0c, 0x0c, 0x0c, 0x0d, 0x0e, 0x0e, 0x0f, 0x10, 0x11, 0x11, 0x12, 0x13, 0x24, 0x25, 0xa6, 0xa7, 0xa8, 0xa8, 0xa9, 0x06, 0x06, 0x07, 0x07, 0x07, 0x08, 0x08,
	0x08, 0x09, 0x24, 0x25, 0x26, 0xa8, 0x66, 0xaa, 0x67, 0x68, 0x68, 0x69, 0x69, 0x6a, 0x6b, 0x6b, 0x6c, 0x6d, 0x6e, 0x6e, 0x6f, 0x6f, 0x70, 0x70, 0x71, 0x71, 0x71, 0x72, 0x73, 0x73, 0x74, 0x74, 0x75, 0x76, 0x24, 0x25, 0x26, 0xc0, 0x27, 0x28,
	0x87, 0xc2, 0x88, 0x89, 0x89, 0x8a, 0x8b, 0x8b, 0x8c, 0x8d, 0x90, 0x90, 0x91, 0x92, 0x92, 0x93, 0x94, 0x94, 0x95, 0x96, 0x97, 0x97, 0x98, 0x98, 0x99, 0x9a, 0x24, 0x25, 0x64, 0x26, 0x26, 0xa8, 0xa8, 0xa9, 0xaa, 0x67, 0xab, 0xac, 0xac, 0xad,
	0xae, 0xaf, 0xaf, 0xb0, 0xb1, 0xb1, 0xb2, 0xb2, 0xb3, 0xb4, 0xb4, 0xb5, 0xb6, 0xb7, 0xb7, 0xb8, 0x38, 0xb9, 0xc1, 0x29, 0xc2, 0xc3, 0xc4, 0xc4, 0xc5, 0xc5, 0xc6, 0xc7, 0xc7, 0x33, 0x34, 0x36, 0x37, 0x38, 0xc6, 0xc7, 0xc7, 0xc7, 0xc9, 0xc9,
	0xca, 0xcb, 0x36, 0x37, 0x38, 0x38, 0x39, 0x39, 0x3a, 0x3a, 0x04, 0x04, 0x04, 0x05, 0xe5, 0xe6, 0xe6, 0xe7, 0xe7, 0xe9, 0xe9, 0xea, 0xec, 0x8b, 0x8c, 0x8d, 0xf0, 0x95, 0x9b, 0x28, 0xe8, 0xf4, 0x87, 0x8a, 0x8d, 0xf9, 0xfa, 0xfa, 0x55, 0xe3,
	0xfd, 0xf4, 0x63, 0x64, 0x26, 0x65, 0x66, 0x67, 0x68, 0x68, 0x69, 0x6a, 0xb0, 0xb0, 0xb1, 0xb2, 0xb3, 0xb4, 0xb4, 0xb5, 0xb5, 0xb6, 0xb6, 0xb6, 0xb7, 0xb8, 0xb8, 0xb9, 0xb9, 0xba, 0xba, 0x15, 0x16, 0x17, 0x63, 0x64, 0x26, 0xc0, 0x27, 0xc1,
	0xc1, 0x29, 0x2a, 0x2a, 0x2b, 0x90, 0x90, 0x90, 0x2d, 0x2e, 0x2f, 0x2f, 0x31, 0x31, 0x31, 0x32, 0x33, 0x34, 0x34, 0x35, 0x36, 0x36, 0x37, 0x38, 0x38, 0x39, 0x0a, 0x0a, 0x0b, 0x0b, 0x0c, 0x0c, 0x0d, 0x0d, 0x0e, 0x0f, 0x0f, 0x10, 0x11, 0x11,
	0x12, 0x13, 0x63, 0x64, 0x64, 0xa7, 0x65, 0xa8, 0x66, 0x06, 0x06, 0x07, 0x07, 0xad, 0x08, 0x08, 0x09, 0x09, 0x63, 0x64, 0x64, 0x65, 0x66, 0x67, 0x67, 0x68, 0x68, 0x69, 0x6a, 0x6a, 0x6b, 0x6c, 0x6c, 0x6d, 0x6e, 0x6f, 0x6f, 0x6f, 0x70, 0x70,
	0x71, 0x71, 0x72, 0x73, 0x73, 0x73, 0x74, 0x74, 0x76, 0x76, 0x63, 0x25, 0xc0, 0xc0, 0xc1, 0xc1, 0xc2, 0xc2, 0xc3, 0xc3, 0xc3, 0x8a, 0x8b, 0xc5, 0x8c, 0x8d, 0x90, 0x91, 0x91, 0x92, 0x93, 0x93, 0x94, 0x95, 0x95, 0x96, 0x97, 0x97, 0x98, 0x99,
	0x9a, 0x9a, 0x63, 0x64, 0x64, 0x26, 0x26, 0xa8, 0x66, 0x66, 0x29, 0x67, 0x67, 0x68, 0x68, 0x69, 0x69, 0xaf, 0xaf, 0x6b, 0x6c, 0x6c, 0xb2, 0xb3, 0xb3, 0xb4, 0xb5, 0xb5, 0xb6, 0xb7, 0xb7, 0x37, 0x38, 0x39, 0xc1, 0xc2, 0xc2, 0xc3, 0xc4, 0xc4,
	0xc5, 0xc6, 0xc6, 0xc7, 0xc7, 0x34, 0x34, 0x36, 0x37, 0x38, 0xc6, 0xc7, 0xc7, 0xc7, 0xc9, 0xc9, 0xca, 0xcb, 0xcb, 0x37, 0x38, 0x39, 0x39, 0x3a, 0x3a, 0x3a, 0xa7, 0x04, 0xa8, 0x05, 0x28, 0x28, 0x2a, 0x2b, 0xe9, 0x2d, 0x2e, 0xea, 0x8b, 0x8c,
	0x8c, 0x8d, 0xf0, 0x95, 0x9c, 0x28, 0xe9, 0xf4, 0x87, 0x8a, 0x8d, 0xf9, 0xfa, 0xfa, 0x55, 0xe3, 0xfd, 0xf4, 0x64, 0x64, 0x26, 0x66, 0x66, 0x67, 0x68, 0xad, 0x6a, 0xaf, 0x6b, 0xb1, 0xb2, 0xb2, 0xb3, 0xb4, 0xb4, 0xb5, 0xb5, 0xb6, 0xb6, 0xb7,
	0xb8, 0xb8, 0xb9, 0xb9, 0xba, 0xba, 0xbb, 0xbb, 0x16, 0x3d, 0x64, 0x64, 0x26, 0xc0, 0xc1, 0xc1, 0xc1, 0x29, 0x2a, 0x2b, 0x90, 0x90, 0x90, 0x90, 0x2e, 0x2f, 0x2f, 0x30, 0x31, 0x31, 0x32, 0x33, 0x33, 0x34, 0x35, 0x36, 0x36, 0x37, 0x37, 0x38,
	0x39, 0x3a, 0x0a, 0x0a, 0x0b, 0x0c, 0x0c, 0x0c, 0x0d, 0x0e, 0x0e, 0x0f, 0x0f, 0x10, 0x11, 0x12, 0x13, 0x14, 0x64, 0x64, 0x64, 0x65, 0x65, 0x66, 0x66, 0x67, 0xab, 0x07, 0x07, 0x08, 0x08, 0x09, 0x09, 0x0a, 0x64, 0x64, 0x65, 0x65, 0xc1, 0x67,
	0xf0, 0x68, 0x69, 0x6a, 0x6a, 0x6b, 0x6b, 0x6c, 0x6d, 0x6e, 0x6e, 0x6f, 0x6f, 0x70, 0x70, 0x71, 0x71, 0x72, 0x72, 0x73, 0x74, 0x74, 0x75, 0x75, 0x76, 0x78, 0x64, 0xc0, 0xc0, 0xc1, 0xc1, 0xc1, 0xc2, 0xc2, 0xc3, 0xc3, 0xc4, 0xc4, 0xc5, 0x8c,
	0x8d, 0x8d, 0x90, 0x91, 0x92, 0x92, 0x93, 0x94, 0x94, 0x95, 0x95, 0x96, 0x97, 0x98, 0x99, 0x99, 0x9a, 0x9a, 0x64, 0x64, 0x26, 0xc0, 0x65, 0x27, 0x66, 0x29, 0x67, 0x67, 0x68, 0x68, 0x69, 0x69, 0x90, 0xaf, 0x6b, 0x6b, 0xb1, 0x6d, 0xb2, 0xb3,
	0xb4, 0xb4, 0xb5, 0xb6, 0x36, 0xb7, 0x37, 0x37, 0x38, 0x39, 0xc1, 0xc2, 0xc3, 0xc3, 0xc4, 0xc5, 0xc5, 0xc6, 0xc6, 0xc7, 0xc9, 0x34, 0x35, 0x36, 0x37, 0x39, 0xc7, 0xc7, 0xc7, 0xc9, 0xc9, 0xca, 0xca, 0xcb, 0xcb, 0x37, 0x38, 0x39, 0x3a, 0x3a,
	0x3a, 0x3a, 0x65, 0xa7, 0xa8, 0xa8, 0x28, 0x2a, 0x2b, 0x2b, 0xe9, 0xe9, 0xe9, 0xea, 0x2f, 0x8c, 0x8d, 0x8d, 0xf0, 0x96, 0x9c, 0x28, 0xea, 0xf4, 0x87, 0x8b, 0x8e, 0xf0, 0xfa, 0xfa, 0x04, 0x58, 0xe5, 0xf4, 0x64, 0x65, 0x65, 0x66, 0x67, 0x68,
	0x69, 0x69, 0x6a, 0x6b, 0x6b, 0x6c, 0x6d, 0xb3, 0xb3, 0xb4, 0xb4, 0xb5, 0xb6, 0xb6, 0xb7, 0xb8, 0xb8, 0xb9, 0xb9, 0xba, 0xba, 0xbb, 0xbb, 0xbb, 0x3d, 0x3d, 0x64, 0xc0, 0xc0, 0xc1, 0xc1, 0xc1, 0x29, 0x2a, 0x2b, 0x90, 0x90, 0x90, 0x90, 0x2e,
	0x2e, 0x2f, 0x30, 0x31, 0x31, 0x32, 0x33, 0x33, 0x34, 0x35, 0x35, 0x36, 0x37, 0x37, 0x38, 0x38, 0x39, 0x3a, 0x0a, 0x0b, 0x0b, 0x0c, 0x0c, 0x0d, 0x0e, 0x0e, 0x0f, 0x0f, 0x10, 0x11, 0x11, 0x13, 0x13, 0x14, 0x64, 0x65, 0x65, 0x65, 0x66, 0x66,
	0x67, 0x68, 0x07, 0x68, 0xad, 0x08, 0x08, 0x09, 0x09, 0x0a, 0x64, 0x65, 0x65, 0xc1, 0xc1, 0xf0, 0xf0, 0x68, 0x90, 0x6a, 0x6b, 0x6b, 0x6c, 0x6d, 0x6d, 0x6e, 0x6e, 0x6f, 0x70, 0x70, 0x71, 0x71, 0x71, 0x72, 0x73, 0x73, 0x74, 0x74, 0x75, 0x76,
	0x76, 0x78, 0x64, 0xc0, 0xc0, 0xc1, 0xc1, 0xc2, 0xc2, 0xc2, 0xc3, 0xc4, 0xc4, 0xc4, 0xc5, 0xc5, 0xc6, 0xc7, 0x91, 0x92, 0x92, 0x93, 0x93, 0x94, 0x95, 0x96, 0x96, 0x97, 0x97, 0x98, 0x99, 0x99, 0x9a, 0x9b, 0x64, 0xc0, 0xc0, 0xc1, 0xc1, 0xc1,
	0x67, 0x29, 0x67, 0x68, 0x68, 0x69, 0x90, 0x90, 0x90, 0x6b, 0x6b, 0x6c, 0x6d, 0x6d, 0x6e, 0xb3, 0xb4, 0x34, 0x35, 0x36, 0x36, 0x37, 0x37, 0x38, 0x39, 0x3a, 0xc2, 0xc2, 0xc3, 0xc4, 0xc4, 0xc5, 0xc6, 0xc6, 0xc7, 0xc7, 0xc9, 0x34, 0x35, 0x36,
	0x37, 0x39, 0xc7, 0xc7, 0xc8, 0xc9, 0xc9, 0xca, 0xca, 0xcb, 0xcb, 0xcc, 0x39, 0x39, 0x3a, 0x3a, 0x3a, 0x3c, 0x66, 0xa8, 0xa8, 0xa9, 0x28, 0x2a, 0x2b, 0x2c, 0xe9, 0x2e, 0x2e, 0xec, 0x2f, 0x8d, 0xc6, 0xc7, 0x91, 0x96, 0x9c, 0x29, 0xea, 0xf4,
	0x88, 0x8b, 0x8e, 0xf0, 0xfa, 0xfa, 0x04, 0x58, 0xe5, 0xf4, 0xc0, 0xc0, 0x66, 0x67, 0x67, 0x68, 0x69, 0x69, 0x6b, 0x6b, 0xb1, 0x6d, 0x6e, 0xb3, 0xb4, 0xb5, 0xb5, 0xb6, 0xb6, 0xb7, 0xb7, 0xb8, 0xb8, 0xb9, 0xb9, 0xba, 0xbb, 0xbb, 0xbb, 0x3c,
	0x3d, 0x3d, 0xc0, 0xc0, 0xc0, 0xc1, 0xc1, 0x29, 0x29, 0xc2, 0x90, 0x90, 0x90, 0x90, 0x2e, 0x2e, 0x2f, 0x2f, 0x31, 0x31, 0x31, 0x32, 0x33, 0x33, 0x34, 0x35, 0x36, 0x36, 0x37, 0x38, 0x38, 0x39, 0x39, 0x3a, 0x0b, 0x0b, 0x0c, 0x0c, 0x0d, 0x0d,
	0x0e, 0x0e, 0x0f, 0x10, 0x11, 0x11, 0x12, 0x13, 0x14, 0x14, 0xc0, 0xc0, 0x65, 0x66, 0x66, 0x67, 0x67, 0x68, 0x68, 0xad, 0x08, 0x08, 0x09, 0x09, 0x0a, 0x0a, 0xc0, 0xc0, 0x66, 0xc1, 0x67, 0xf0, 0xf0, 0x69, 0x90, 0x91, 0x6b, 0x6b, 0x6c, 0x6d,
	0x6e, 0x6e, 0x6f, 0x70, 0x70, 0x71, 0x71, 0x71, 0x72, 0x72, 0x73, 0x74, 0x75, 0x75, 0x76, 0x76, 0x78, 0x78, 0xc0, 0xc0, 0xc1, 0xc1, 0xc1, 0xc2, 0xc2, 0xc3, 0xc3, 0xc4, 0xc4, 0xc5, 0xc5, 0xc6, 0xc6, 0xc7, 0x91, 0x92, 0x92, 0x93, 0x94, 0x94,
	0x95, 0x96, 0x96, 0x97, 0x98, 0x98, 0x99, 0x9a, 0x9a, 0x9b, 0xc0, 0xc0, 0xc1, 0xc1, 0xc1, 0xc1, 0x29, 0x67, 0x68, 0x68, 0x90, 0x90, 0x90, 0x90, 0xaf, 0x6b, 0x6c, 0x6c, 0x6d, 0x6e, 0x32, 0xb4, 0xb4, 0x35, 0x35, 0x36, 0x37, 0x37, 0x38, 0x38,
	0x39, 0x3a, 0xc2, 0xc3, 0x90, 0xc4, 0xc5, 0xc5, 0xc6, 0xc6, 0xc7, 0xc9, 0xc9, 0xca, 0xcb, 0x37, 0x38, 0x39, 0xc7, 0xc7, 0xc9, 0xc9, 0xc9, 0xca, 0xca, 0xcb, 0xcc, 0xcc, 0x39, 0x3a, 0x3a, 0x3a, 0x3a, 0x3c, 0xa9, 0xa9, 0xa9, 0xaa, 0xaa, 0x2a,
	0x2b, 0x2d, 0x2e, 0x2e, 0x2f, 0xec, 0xec, 0xc6, 0xc7, 0xc7, 0x91, 0x97, 0x9c, 0x2a, 0xea, 0xec, 0x88, 0x8b, 0x8e, 0xf0, 0xfa, 0xfa, 0x05, 0x58, 0xe5, 0xec, 0x65, 0xc1, 0x66, 0x67, 0x68, 0x68, 0x69, 0x6a, 0x6b, 0x6b, 0x6c, 0x6d, 0x6e, 0x6e,
	0xb4, 0xb5, 0x70, 0xb6, 0xb7, 0xb7, 0xb8, 0xb8, 0xb9, 0xb9, 0xba, 0xba, 0xbb, 0xbb, 0x3c, 0x3d, 0x3d, 0x3e, 0x65, 0xc1, 0xc1, 0xc1, 0xc1, 0xc2, 0x2a, 0x90, 0x90, 0x90, 0x90, 0x90, 0x92, 0x2f, 0x2f, 0x30, 0x31, 0x31, 0x32, 0x33, 0x33, 0x34,
	0x34, 0x35, 0x36, 0x37, 0x37, 0x38, 0x39, 0x39, 0x3a, 0x3a, 0x0b, 0x0c, 0x0c, 0x0c, 0x0d, 0x0e, 0x0e, 0x0f, 0x10, 0x10, 0x11, 0x12, 0x13, 0x13, 0x14, 0x14, 0x65, 0xc1, 0x66, 0x66, 0x67, 0x67, 0x67, 0x68, 0xad, 0x69, 0x08, 0x09, 0x09, 0x0a,
	0x0a, 0x0a, 0x65, 0xc1, 0x66, 0xc1, 0xf0, 0xf0, 0x69, 0x90, 0x6a, 0x6b, 0x6b, 0x6c, 0x6d, 0x6e, 0x6e, 0x6f, 0x6f, 0x70, 0x70, 0x71, 0x71, 0x72, 0x72, 0x73, 0x74, 0x75, 0x75, 0x76, 0x76, 0x78, 0x78, 0x78, 0x65, 0xc1, 0xc1, 0xc1, 0xc2, 0xc2,
	0xc3, 0xc3, 0xc4, 0xc4, 0xc4, 0xc5, 0xc5, 0xc6, 0xc7, 0xc7, 0x92, 0x92, 0x93, 0x93, 0x94, 0x95, 0x95, 0x96, 0x97, 0x97, 0x98, 0x99, 0x99, 0x9a, 0x9b, 0x9c, 0x65, 0xc1, 0x66, 0xc1, 0x66, 0x29, 0x67, 0x68, 0x68, 0x90, 0x90, 0x90, 0x6a, 0x90,
	0x6b, 0x6b, 0x6c, 0x6d, 0x6d, 0x6e, 0x6f, 0xb4, 0x34, 0x35, 0x36, 0x36, 0x37, 0x38, 0x38, 0x39, 0x39, 0x3a, 0xc2, 0x90, 0x91, 0x91, 0xc5, 0xc5, 0xc6, 0xc7, 0xc7, 0xc9, 0xc9, 0xca, 0xcb, 0xcc, 0xcc, 0x39, 0xc7, 0xc8, 0xc9, 0xc9, 0xca, 0xca,
	0xcb, 0xcb, 0xcc, 0xcc, 0x39, 0x3a, 0x3a, 0xd9, 0x3c, 0x3d, 0xa9, 0xa9, 0xaa, 0xaa, 0x2a, 0x2b, 0x2c, 0x2d, 0x2e, 0x2f, 0x2f, 0xec, 0x2f, 0xc6, 0xc7, 0xc7, 0x91, 0x97, 0x9d, 0x2a, 0xea, 0xec, 0xc3, 0x8b, 0xef, 0xf0, 0xfa, 0xfa, 0x05, 0x5a,
	0x5a, 0xec, 0xc1, 0xc1, 0xc1, 0x67, 0x68, 0x68, 0x69, 0x6a, 0x6b, 0x6c, 0x6c, 0x6d, 0x6e, 0x6f, 0x6f, 0x70, 0xb6, 0xb7, 0xb7, 0xb7, 0xb8, 0xb8, 0xb9, 0xb9, 0xba, 0xbb, 0xbb, 0x3c, 0x3c, 0x3d, 0x3d, 0x3e, 0xc1, 0xc1, 0xc1, 0xc1, 0x29, 0xc2,
	0xc2, 0x90, 0x90, 0x90, 0x90, 0x91, 0x92, 0x2f, 0x30, 0x31, 0x31, 0x32, 0x32, 0x33, 0x34, 0x34, 0x35, 0x36, 0x36, 0x37, 0x38, 0x38, 0x39, 0x3a, 0x3a, 0x3a, 0x0b, 0x0c, 0x0c, 0x0d, 0x0e, 0x0e, 0x0e, 0x0f, 0x10, 0x11, 0x11, 0x12, 0x13, 0x14,
	0x14, 0x16, 0xc1, 0xc1, 0x66, 0x66, 0x67, 0x67, 0x68, 0x68, 0x69, 0x69, 0x6a, 0x09, 0x09, 0x0a, 0x0a, 0x0b, 0xc1, 0xc1, 0xc1, 0xf0, 0xf0, 0xf0, 0x90, 0x91, 0x91, 0x6b, 0x6b, 0x6d, 0x6d, 0x6e, 0x6e, 0x6f, 0x70, 0x71, 0x71, 0x71, 0x72, 0x72,
	0x73, 0x73, 0x74, 0x75, 0x76, 0x76, 0x77, 0x78, 0x78, 0x79, 0xc1, 0xc1, 0xc1, 0xc2, 0xc2, 0xc2, 0xc3, 0xc3, 0xc4, 0xc4, 0xc5, 0xc5, 0xc6, 0xc6, 0xc7, 0xc7, 0x92, 0x93, 0x93, 0x94, 0x94, 0x95, 0x96, 0x96, 0x97, 0x98, 0x99, 0x99, 0x9a, 0x9a,
	0x9b, 0x9c, 0xc1, 0xc1, 0x66, 0xc1, 0x67, 0xf0, 0xf0, 0x68, 0x90, 0x90, 0x90, 0x90, 0x90, 0x6b, 0x6b, 0x6b, 0x6c, 0x6d, 0x6e, 0x6e, 0x6f, 0x34, 0x35, 0x35, 0x36, 0x37, 0x37, 0x38, 0x38, 0x39, 0x3a, 0x3a, 0xc2, 0x90, 0x91, 0x92, 0xc5, 0xc6,
	0xc6, 0xc7, 0xc8, 0xc9, 0xca, 0xca, 0xcb, 0xcc, 0xcc, 0x3a, 0xc8, 0xc8, 0xc9, 0xc9, 0xca, 0xca, 0xcb, 0xcc, 0xcc, 0xd7, 0xd8, 0x3a, 0xd9, 0xd9, 0xda, 0xda, 0x67, 0xaa, 0xab, 0xab, 0x2a, 0x2b, 0x2c, 0x2e, 0x2e, 0x2f, 0x2f, 0xec, 0xc6, 0xc7,
	0xc7, 0xc7, 0x91, 0x97, 0x9d, 0x2b, 0xea, 0xec, 0xc3, 0x8c, 0xef, 0xf0, 0xfa, 0xfb, 0xa9, 0x5a, 0x5a, 0xec, 0xc1, 0xc1, 0x29, 0xf0, 0xf0, 0x69, 0x6a, 0x6b, 0x6b, 0x6c, 0x6d, 0x6e, 0x6e, 0x6f, 0x70, 0x70, 0x71, 0xb7, 0xb7, 0xb8, 0xb9, 0xb9,
	0x39, 0xba, 0x3a, 0xbb, 0x3c, 0x3c, 0x3d, 0x3d, 0x3e, 0x3e, 0xc1, 0xc1, 0xc1, 0x29, 0xc2, 0xc2, 0x90, 0x90, 0x90, 0x91, 0x91, 0x92, 0x92, 0x30, 0x93, 0x31, 0x31, 0x32, 0x33, 0x33, 0x34, 0x35, 0x35, 0x36, 0x37, 0x37, 0x38, 0x39, 0x39, 0x3a,
	0x3a, 0x3c, 0x0c, 0x0c, 0x0d, 0x0d, 0x0e, 0x0e, 0x0f, 0x0f, 0x10, 0x11, 0x12, 0x13, 0x14, 0x14, 0x15, 0x16, 0xc1, 0xc1, 0x67, 0x67, 0x68, 0x68, 0x68, 0x69, 0x69, 0x6a, 0x6a, 0x6b, 0x6b, 0xb1, 0x6c, 0x0b, 0xc1, 0xc1, 0xc1, 0xf0, 0xf0, 0x90,
	0x90, 0x91, 0x6b, 0x92, 0x6c, 0x6d, 0x6e, 0x6e, 0x6f, 0x70, 0x70, 0x71, 0x71, 0x72, 0x73, 0x73, 0x74, 0x75, 0x75, 0x76, 0x76, 0x77, 0x78, 0x78, 0x79, 0x79, 0xc1, 0xc1, 0xc1, 0xc2, 0xc2, 0xc3, 0xc3, 0xc4, 0xc4, 0xc5, 0xc5, 0xc5, 0xc6, 0xc7,
	0xc7, 0xc8, 0x92, 0x93, 0x93, 0x94, 0x95, 0x96, 0x96, 0x97, 0x97, 0x98, 0x99, 0x99, 0x9a, 0x9b, 0x9c, 0x9c, 0xc1, 0xc1, 0xc1, 0x29, 0x67, 0xf0, 0xf0, 0x90, 0x90, 0x90, 0x90, 0x91, 0x6b, 0x6b, 0x6b, 0x6c, 0x6d, 0x6e, 0x6e, 0x6e, 0x6f, 0x35,
	0x35, 0x36, 0x37, 0x37, 0x38, 0x38, 0x39, 0x3a, 0x3a, 0x3b, 0x90, 0x91, 0x91, 0x92, 0x93, 0xc6, 0x94, 0xc7, 0xc9, 0xc9, 0xca, 0xcb, 0xcb, 0xcc, 0xcd, 0x3a, 0xc8, 0xc8, 0xc9, 0xca, 0xca, 0xcb, 0xcb, 0xcc, 0xd7, 0xd7, 0xd8, 0xd9, 0xd9, 0xd9,
	0xda, 0xdb, 0x67, 0xab, 0xab, 0xac, 0x2b, 0x2c, 0x2d, 0x2e, 0x2f, 0x2f, 0x30, 0xec, 0xc6, 0xc7, 0xc7, 0xc8, 0x92, 0x98, 0x9e, 0x2b, 0xea, 0xec, 0xc3, 0x8c, 0xef, 0xf0, 0xfa, 0xfb, 0xa9, 0x5a, 0x5c, 0xec, 0x66, 0x67, 0x67, 0x68, 0x68, 0x69,
	0x6a, 0x6b, 0x6c, 0x6c, 0x6d, 0x6e, 0x6f, 0x6f, 0x70, 0x71, 0xb7, 0xb7, 0xb8, 0xb8, 0xb9, 0xb9, 0x39, 0xba, 0x3a, 0x3b, 0x3c, 0x3c, 0x3d, 0x3d, 0x3e, 0x3f, 0x66, 0xc1, 0xc1, 0xf0, 0xf0, 0xc2, 0x90, 0x90, 0x90, 0x91, 0x91, 0x92, 0x92, 0x93,
	0x31, 0x31, 0x32, 0x32, 0x33, 0x34, 0x34, 0x35, 0x36, 0x37, 0x37, 0x38, 0x38, 0x39, 0x39, 0x3a, 0x3a, 0x3c, 0x0c, 0x0c, 0x0d, 0x0e, 0x0e, 0x0f, 0x0f, 0x10, 0x11, 0x11, 0x12, 0x13, 0x14, 0x14, 0x16, 0x16, 0x66, 0x67, 0x67, 0x67, 0x68, 0x68,
	0x68, 0x69, 0x69, 0x6a, 0x6a, 0x6b, 0x0a, 0x6c, 0x0b, 0x0c, 0x66, 0x67, 0x67, 0xf0, 0xf0, 0x69, 0x91, 0x91, 0x6b, 0x6c, 0x6c, 0x6d, 0x6e, 0x6e, 0x6f, 0x70, 0x71, 0x71, 0x72, 0x72, 0x73, 0x73, 0x74, 0x75, 0x75, 0x76, 0x77, 0x77, 0x78, 0x78,
	0x79, 0x7a, 0x66, 0xc1, 0x29, 0xc2, 0xc2, 0xc3, 0xc3, 0xc4, 0xc4, 0xc5, 0xc5, 0xc6, 0xc6, 0xc7, 0xc7, 0xc8, 0x92, 0x93, 0x94, 0x95, 0x95, 0x96, 0x96, 0x97, 0x98, 0x98, 0x99, 0x9a, 0x9a, 0x9b, 0x9c, 0x9d, 0x66, 0xc1, 0xc1, 0xf0, 0xf0, 0xf0,
	0xf0, 0x90, 0x90, 0x90, 0x6a, 0x6b, 0x6b, 0x6b, 0x6b, 0x6d, 0x6d, 0x6e, 0x6e, 0x6f, 0x34, 0x70, 0x36, 0x36, 0x37, 0x37, 0x38, 0x39, 0x39, 0x3a, 0x3a, 0x3b, 0x90, 0x91, 0x92, 0x92, 0x93, 0x94, 0xc7, 0xc7, 0xc9, 0xc9, 0xca, 0xcb, 0xcb, 0xcc,
	0xcd, 0x3a, 0xc8, 0xc9, 0xc9, 0xca, 0xca, 0xcb, 0xcb, 0xcc, 0xd7, 0xd7, 0xd8, 0xd9, 0xd9, 0xda, 0xda, 0xdb, 0x67, 0xab, 0xab, 0xac, 0xac, 0xae, 0x2d, 0x2e, 0x2f, 0x2f, 0x30, 0xec, 0xc7, 0xc7, 0xc7, 0xc8, 0x92, 0xf1, 0x9e, 0x2b, 0xec, 0xec,
	0xc3, 0x8c, 0xef, 0xf0, 0xfa, 0xfb, 0xaa, 0x5a, 0x5c, 0xec, 0xc1, 0x67, 0xf0, 0xf0, 0x69, 0x6a, 0x6b, 0x6b, 0x6c, 0x6d, 0x6e, 0x6e, 0x6f, 0x70, 0x70, 0x71, 0xb7, 0xb8, 0x38, 0xb9, 0x39, 0x39, 0x3a, 0x3a, 0x3a, 0x3c, 0x3c, 0x3d, 0x3d, 0x3d,
	0x3e, 0x3f, 0xc1, 0xf0, 0xf0, 0xf0, 0xf0, 0x90, 0x90, 0x90, 0x91, 0x91, 0x92, 0x92, 0x93, 0x93, 0x31, 0x94, 0x33, 0x33, 0x34, 0x34, 0x35, 0x36, 0x36, 0x37, 0x37, 0x38, 0x39, 0x39, 0x3a, 0x3a, 0x3c, 0x3d, 0x0c, 0x0d, 0x0e, 0x0e, 0x0e, 0x0f,
	0x10, 0x10, 0x11, 0x12, 0x13, 0x13, 0x14, 0x15, 0x16, 0x16, 0xc1, 0x67, 0x67, 0x68, 0x68, 0x68, 0x69, 0x6a, 0x6a, 0x6a, 0x6b, 0x6b, 0x6c, 0x6c, 0x0b, 0x0c, 0xc1, 0x67, 0xf0, 0xf0, 0x90, 0x91, 0x91, 0x6b, 0x92, 0x6c, 0x6d, 0x6e, 0x6e, 0x6f,
	0x6f, 0x70, 0x71, 0x72, 0x72, 0x73, 0x73, 0x74, 0x75, 0x76, 0x76, 0x76, 0x78, 0x78, 0x78, 0x79, 0x7a, 0x7a, 0xc1, 0xc1, 0xc2, 0xc2, 0xc3, 0xc3, 0xc4, 0xc4, 0xc5, 0xc5, 0xc5, 0xc6, 0xc7, 0xc7, 0xc7, 0xc8, 0x93, 0x93, 0x94, 0x95, 0x96, 0x96,
	0x97, 0x97, 0x98, 0x99, 0x99, 0x9a, 0x9b, 0x9b, 0x9c, 0x9d, 0xc1, 0xf0, 0xf0, 0xf0, 0xf0, 0xf0, 0x90, 0x90, 0x90, 0x91, 0x91, 0x6b, 0x6b, 0x6c, 0x6c, 0x6d, 0x6e, 0x6e, 0x6f, 0x6f, 0x35, 0x70, 0x36, 0x37, 0x37, 0x38, 0x38, 0x39, 0x3a, 0x3a,
	0x3a, 0x3c, 0x91, 0x91, 0x92, 0x92, 0x94, 0x94, 0xc7, 0xc9, 0xc9, 0xc9, 0xca, 0xcb, 0xcc, 0xcc, 0xcd, 0xd9, 0xc9, 0xc9, 0xc9, 0xca, 0xcb, 0xcb, 0xcc, 0xd7, 0xd7, 0xd8, 0xd9, 0xd9, 0xd9, 0xda, 0xdb, 0xdb, 0x68, 0xab, 0xac, 0xac, 0xae, 0x2d,
	0x2e, 0x2f, 0x2f, 0x30, 0x30, 0xed, 0xc7, 0xc7, 0xc8, 0xc8, 0x92, 0xf1, 0x9e, 0x2c, 0xec, 0xec, 0xc3, 0x8d, 0xef, 0xf0, 0xfa, 0xfb, 0xab, 0x5b, 0x5c, 0xec, 0xf0, 0xf0, 0xf0, 0x69, 0x90, 0x6a, 0x6b, 0x6c, 0x6d, 0x6d, 0x6e, 0x6f, 0x6f, 0x70,
	0x71, 0x72, 0x37, 0x38, 0x38, 0x39, 0x39, 0x3a, 0x3a, 0x3a, 0x3b, 0x3c, 0x3d, 0x3d, 0x3d, 0x3e, 0x3f, 0x3f, 0xf0, 0xf0, 0xf0, 0xf0, 0x90, 0x90, 0x91, 0x91, 0x91, 0x92, 0x92, 0x93, 0x93, 0x94, 0x94, 0x94, 0x33, 0x33, 0x34, 0x35, 0x35, 0x36,
	0x37, 0x37, 0x38, 0x39, 0x3a, 0x3a, 0x3a, 0x3a, 0x3c, 0x3d, 0x0d, 0x0d, 0x6f, 0x0e, 0x0f, 0x10, 0x10, 0x11, 0x12, 0x13, 0x13, 0x14, 0x14, 0x16, 0x16, 0x18, 0xf0, 0xf0, 0xf0, 0x68, 0x68, 0x69, 0x69, 0x6a, 0x6a, 0x6b, 0x6b, 0x6c, 0x6c, 0x6d,
	0x6d, 0x0c, 0xf0, 0xf0, 0xf0, 0xf0, 0x90, 0x91, 0x91, 0x6b, 0x93, 0x6d, 0x6d, 0x6e, 0x6f, 0x6f, 0x70, 0x71, 0x71, 0x72, 0x73, 0x73, 0x75, 0x75, 0x75, 0x76, 0x76, 0x77, 0x78, 0x78, 0x79, 0x7a, 0x7a, 0x7c, 0xf0, 0xf0, 0xf0, 0xc3, 0xc3, 0xc3,
	0xc4, 0xc4, 0xc5, 0xc5, 0xc6, 0xc6, 0xc7, 0xc7, 0xc8, 0xc8, 0x93, 0x94, 0x95, 0x95, 0x96, 0x97, 0x97, 0x98, 0x99, 0x99, 0x9a, 0x9a, 0x9b, 0x9c, 0x9d, 0x9d, 0xf0, 0xf0, 0xf0, 0xf0, 0xf0, 0x90, 0x90, 0x90, 0x91, 0x91, 0x6b, 0x6b, 0x6c, 0x6c,
	0x6d, 0x6e, 0x6e, 0x6e, 0x6f, 0x70, 0x35, 0x71, 0x36, 0x37, 0x38, 0x38, 0x39, 0x3a, 0x3a, 0x3a, 0x3b, 0x3c, 0x91, 0x92, 0x92, 0x93, 0x94, 0x94, 0xc9, 0xc9, 0xc9, 0xca, 0xcb, 0xcb, 0xcc, 0xd7, 0xd8, 0xd9, 0xc9, 0xc9, 0xca, 0xca, 0xcb, 0xcb,
	0xd6, 0xd7, 0xd8, 0xd8, 0xd9, 0xd9, 0xda, 0xda, 0xdb, 0xdb, 0x68, 0xac, 0xad, 0xad, 0xae, 0x2d, 0x2e, 0x2f, 0x30, 0x30, 0x30, 0x30, 0xc7, 0xc7, 0xc8, 0xc8, 0x93, 0xf1, 0x9e, 0x2c, 0xec, 0xec, 0xc4, 0x8d, 0xef, 0x6a, 0xfa, 0xfb, 0xab, 0x5b,
	0x5d, 0xec, 0xf0, 0xf0, 0xf0, 0x69, 0x91, 0x91, 0x6b, 0x6c, 0x6d, 0x6e, 0x6e, 0x6f, 0x70, 0x70, 0x71, 0x37, 0x37, 0x38, 0x39, 0x39, 0x3a, 0x3a, 0x3a, 0x3b, 0x3c, 0x3c, 0x3d, 0x3d, 0x3e, 0x3e, 0x3f, 0x3f, 0xf0, 0xf0, 0xf0, 0xf0, 0x90, 0x90,
	0x91, 0x91, 0x92, 0x92, 0x92, 0x93, 0x94, 0x94, 0x94, 0x33, 0x33, 0x34, 0x34, 0x35, 0x36, 0x36, 0x37, 0x38, 0x38, 0x39, 0x3a, 0x3a, 0x3a, 0x3c, 0x3c, 0xda, 0x0d, 0x6f, 0x0e, 0x70, 0x0f, 0x10, 0x11, 0x11, 0x12, 0x13, 0x14, 0x14, 0x16, 0x16,
	0x16, 0x18, 0xf0, 0xf0, 0xf0, 0xf0, 0x69, 0x69, 0x6a, 0x6a, 0x6b, 0x6b, 0x6c, 0x6c, 0x6d, 0x6d, 0x6d, 0x0c, 0xf0, 0xf0, 0xf0, 0xf0, 0x91, 0x91, 0x6b, 0x92, 0x93, 0x93, 0x6e, 0x6e, 0x6f, 0x70, 0x70, 0x71, 0x71, 0x72, 0x73, 0x74, 0x75, 0x75,
	0x76, 0x76, 0x77, 0x78, 0x78, 0x78, 0x79, 0x7a, 0x7a, 0x7c, 0xf0, 0xf0, 0xc2, 0xc3, 0x90, 0xc4, 0xc4, 0xc4, 0xc5, 0xc6, 0xc6, 0xc7, 0xc7, 0xc8, 0xc8, 0xd2, 0x94, 0x94, 0x95, 0x96, 0x96, 0x97, 0x98, 0x98, 0x99, 0x99, 0x9a, 0x9b, 0x9b, 0x9c,
	0x9d, 0x9e, 0xf0, 0xf0, 0xf0, 0xf0, 0x90, 0x90, 0x90, 0x91, 0x91, 0x6b, 0x6b, 0x6b, 0x6c, 0x6c, 0x6d, 0x6e, 0x6e, 0x6f, 0x6f, 0x70, 0x36, 0x36, 0x37, 0x37, 0x38, 0x39, 0x39, 0x3a, 0x3a, 0x3b, 0x3c, 0x3d, 0x91, 0x92, 0x93, 0x93, 0x94, 0x95,
	0xc9, 0xc9, 0xc9, 0xca, 0xcb, 0xcb, 0xcc, 0xd7, 0xd8, 0xd9, 0xc9, 0xc9, 0xca, 0xca, 0xcb, 0xd6, 0xd6, 0xd7, 0xd8, 0xd8, 0xd9, 0xd9, 0xda, 0xdb, 0xdb, 0xdb, 0x68, 0xad, 0xae, 0xae, 0xae, 0x2e, 0x2f, 0x30, 0x30, 0x30, 0x31, 0xc7, 0xc7, 0xc8,
	0xc8, 0xd2, 0x93, 0x99, 0x9e, 0x2d, 0xec, 0xed, 0xc4, 0x8d, 0xd0, 0x6a, 0xfa, 0xfb, 0xac, 0x5c, 0x5e, 0xed, 0xf0, 0xf0, 0xf0, 0x91, 0x91, 0x6b, 0x6c, 0x6c, 0x6e, 0x6e, 0x6f, 0x6f, 0x70, 0x71, 0x71, 0x72, 0x38, 0x38, 0x39, 0x39, 0x3a, 0x3a,
	0x3a, 0x3c, 0x3c, 0x3d, 0x3d, 0x3d, 0x3e, 0x3f, 0x3f, 0xde, 0xf0, 0xf0, 0xf0, 0x90, 0x90, 0x91, 0x91, 0x92, 0x92, 0x92, 0x93, 0x93, 0x94, 0x94, 0x94, 0x33, 0x96, 0x96, 0x35, 0x36, 0x98, 0x37, 0x37, 0x38, 0x39, 0x39, 0x3a, 0x3a, 0xd9, 0x3c,
	0xda, 0xdb, 0x6f, 0x6f, 0x70, 0x0f, 0x10, 0x10, 0x73, 0x12, 0x13, 0x14, 0x14, 0x14, 0x16, 0x16, 0x18, 0x18, 0xf0, 0xf0, 0xf0, 0x69, 0x69, 0x69, 0x6a, 0x6b, 0x6b, 0x6b, 0x6c, 0x6c, 0x6d, 0x6d, 0x6e, 0x6e, 0xf0, 0xf0, 0xf0, 0x91, 0x91, 0x91,
	0x92, 0x93, 0x93, 0x6d, 0x6e, 0x95, 0x6f, 0x70, 0x71, 0x71, 0x72, 0x73, 0x74, 0x75, 0x75, 0x76, 0x76, 0x77, 0x78, 0x78, 0x78, 0x79, 0x7a, 0x7a, 0x7c, 0x7c, 0xf0, 0xf0, 0x90, 0x90, 0x90, 0x91, 0xc4, 0xc5, 0xc5, 0xc6, 0xc6, 0xc7, 0xc7, 0xc8,
	0xc8, 0xd2, 0x94, 0x95, 0x95, 0x96, 0x97, 0x97, 0x98, 0x99, 0x99, 0x9a, 0x9a, 0x9b, 0x9c, 0x9c, 0x9d, 0x9e, 0xf0, 0xf0, 0xf0, 0xf0, 0x90, 0x90, 0x91, 0x91, 0x91, 0x6b, 0x92, 0x6c, 0x6d, 0x6d, 0x6e, 0x6e, 0x6f, 0x6f, 0x70, 0x70, 0x71, 0x71,
	0x37, 0x38, 0x38, 0x39, 0x3a, 0x3a, 0x3a, 0x3c, 0x3c, 0xda, 0x91, 0x92, 0x93, 0x94, 0x94, 0x95, 0x96, 0xc9, 0xca, 0xca, 0xcb, 0xcc, 0xd7, 0xd8, 0xd8, 0xda, 0xc9, 0xca, 0xca, 0xcb, 0xcb, 0xd6, 0xd7, 0xd7, 0xd8, 0xd9, 0xd9, 0xda, 0xda, 0xdb,
	0xdb, 0xdc, 0x69, 0xad, 0xae, 0xae, 0xaf, 0x2e, 0x2f, 0x30, 0x30, 0x31, 0x32, 0xc7, 0xc7, 0xc9, 0xc9, 0xd2, 0x93, 0xf1, 0x9e, 0x2d, 0xec, 0xed, 0xc4, 0xc7, 0xd0, 0x6b, 0xfa, 0xfb, 0xac, 0x5c, 0x5e, 0xed, 0xf0, 0xf0, 0x90, 0x91, 0x91, 0x6b,
	0x6c, 0x6d, 0x6e, 0x6e, 0x6f, 0x70, 0x70, 0x71, 0x71, 0x38, 0x38, 0x38, 0x39, 0x3a, 0x3a, 0x3a, 0x3c, 0x3c, 0x3d, 0x3d, 0x3d, 0x3e, 0x3e, 0x3f, 0x3f, 0xde, 0xf0, 0xf0, 0xf0, 0x90, 0x91, 0x91, 0x91, 0x92, 0x92, 0x93, 0x93, 0x94, 0x94, 0x94,
	0x95, 0x95, 0x96, 0x96, 0x97, 0x36, 0x98, 0x37, 0x37, 0x38, 0x39, 0x3a, 0x3a, 0xd9, 0xd9, 0xda, 0xda, 0xdb, 0x6f, 0x70, 0x70, 0x0f, 0x72, 0x72, 0x73, 0x74, 0x14, 0x14, 0x14, 0x16, 0x16, 0x16, 0x18, 0x19, 0xf0, 0xf0, 0xf0, 0x90, 0x69, 0x6a,
	0x6b, 0x6b, 0x6b, 0x6c, 0x6c, 0x6d, 0x6d, 0x6e, 0x6e, 0x6f, 0xf0, 0xf0, 0xf0, 0x91, 0x91, 0x92, 0x92, 0x93, 0x93, 0x94, 0x6e, 0x95, 0x70, 0x70, 0x71, 0x72, 0x72, 0x73, 0x75, 0x75, 0x76, 0x76, 0x77, 0x77, 0x78, 0x78, 0x7a, 0x7a, 0x7a, 0x7a,
	0x7c, 0x7c, 0xf0, 0xf0, 0x90, 0x90, 0x91, 0xc4, 0xc5, 0xc5, 0xc5, 0xc6, 0xc6, 0xc7, 0xc8, 0xc8, 0xc8, 0xd2, 0x94, 0x95, 0x95, 0x96, 0x97, 0x97, 0x98, 0x99, 0x99, 0x9a, 0x9b, 0x9b, 0x9c, 0x9d, 0x9d, 0x9e, 0xf0, 0xf0, 0xf0, 0xf0, 0x90, 0x91,
	0x91, 0x91, 0x92, 0x6b, 0x92, 0x6c, 0x6d, 0x6d, 0x6e, 0x6e, 0x6f, 0x6f, 0x70, 0x70, 0x71, 0x37, 0x37, 0x38, 0x39, 0x39, 0x3a, 0x3a, 0x3b, 0x3c, 0xda, 0xda, 0x91, 0x92, 0x93, 0x94, 0x94, 0x96, 0x96, 0xc9, 0xca, 0xcb, 0xcb, 0xd6, 0xd7, 0xd8,
	0xd9, 0xda, 0xc9, 0xca, 0xd4, 0xd5, 0xd6, 0xd6, 0xd7, 0xd8, 0xd8, 0xd9, 0xd9, 0xda, 0xdb, 0xdb, 0xdb, 0xdc, 0x69, 0x69, 0xae, 0xaf, 0xaf, 0xb0, 0x30, 0x30, 0x30, 0x32, 0x32, 0xc7, 0xc9, 0xc9, 0xc9, 0xd2, 0x93, 0x9a, 0x9f, 0x2e, 0xec, 0xd2,
	0xc4, 0x8e, 0xd0, 0x6b, 0xfa, 0xfb, 0xad, 0x5c, 0x5e, 0xd2, 0xf0, 0xf0, 0x91, 0x91, 0x92, 0x6b, 0x6d, 0x6d, 0x6e, 0x6f, 0x6f, 0x70, 0x71, 0x71, 0x72, 0x38, 0x38, 0x39, 0x3a, 0x3a, 0x3a, 0x3c, 0x3c, 0x3d, 0x3d, 0x3e, 0x3e, 0x3f, 0x3f, 0xdd,
	0xde, 0xde, 0xf0, 0xf0, 0x90, 0x91, 0x91, 0x91, 0x92, 0x92, 0x93, 0x93, 0x94, 0x94, 0x94, 0x95, 0x95, 0x96, 0x96, 0x97, 0x98, 0x98, 0x98, 0x37, 0x38, 0x39, 0x3a, 0x3a, 0xd9, 0xd9, 0xd9, 0xda, 0xdb, 0xdb, 0x70, 0x70, 0x71, 0x72, 0x72, 0x73,
	0x74, 0x74, 0x14, 0x14, 0x14, 0x16, 0x16, 0x18, 0x19, 0x19, 0xf0, 0xf0, 0x69, 0x91, 0x6a, 0x6a, 0x6b, 0x6b, 0x6c, 0x6c, 0x6d, 0x6d, 0x6e, 0x6e, 0x6f, 0x6f, 0xf0, 0xf0, 0x91, 0x91, 0x92, 0x92, 0x93, 0x93, 0x94, 0x95, 0x6f, 0x96, 0x70, 0x71,
	0x71, 0x72, 0x73, 0x75, 0x75, 0x76, 0x76, 0x77, 0x77, 0x78, 0x78, 0x7a, 0x7a, 0x7a, 0x7a, 0x7c, 0x7c, 0x7d, 0xf0, 0x90, 0x91, 0x91, 0x91, 0x92, 0xc5, 0xc5, 0xc6, 0xc6, 0xc7, 0xc8, 0xc8, 0xc9, 0xc9, 0xd3, 0x95, 0x95, 0x96, 0x97, 0x97, 0x98,
	0x99, 0x99, 0x9a, 0x9a, 0x9b, 0x9c, 0x9d, 0x9d, 0x9e, 0x9e, 0xf0, 0xf0, 0xf0, 0x91, 0x91, 0x91, 0x91, 0x92, 0x92, 0x6c, 0x93, 0x93, 0x6e, 0x6e, 0x6e, 0x6f, 0x6f, 0x70, 0x70, 0x71, 0x37, 0x37, 0x38, 0x39, 0x39, 0x3a, 0x3a, 0x3a, 0xd9, 0xda,
	0xda, 0xdb, 0x92, 0x93, 0x94, 0x94, 0x95, 0x96, 0x97, 0xca, 0xca, 0xcb, 0xd6, 0xd7, 0xd7, 0xd8, 0xd9, 0xda, 0xd3, 0xca, 0xd5, 0xd5, 0xd6, 0xd7, 0xd7, 0xd8, 0xd9, 0xd9, 0xda, 0xdb, 0xdb, 0xdb, 0xdc, 0xdd, 0x6a, 0x69, 0xaf, 0xaf, 0xb0, 0x2f,
	0x30, 0x31, 0x32, 0x32, 0x33, 0xd2, 0xc9, 0xc9, 0xc9, 0xd3, 0x94, 0x9a, 0x9f, 0x2e, 0xec, 0xd2, 0xc5, 0xc7, 0xd1, 0x6b, 0xfa, 0xfb, 0x69, 0x5d, 0x5f, 0xd2, 0xf0, 0xf0, 0x91, 0x91, 0x92, 0x6c, 0x6d, 0x6e, 0x6e, 0x6f, 0x70, 0x70, 0x71, 0x72,
	0x73, 0x38, 0x39, 0x39, 0x3a, 0x3a, 0x3a, 0x3c, 0x3d, 0x3d, 0x3d, 0x3e, 0x3f, 0x3f, 0xdd, 0xde, 0xde, 0xdf, 0xf0, 0xf0, 0x91, 0x91, 0x91, 0x92, 0x92, 0x93, 0x93, 0x94, 0x94, 0x94, 0x95, 0x95, 0x96, 0x96, 0x96, 0x97, 0x98, 0x98, 0x99, 0x99,
	0x38, 0x39, 0x3a, 0x3a, 0xd9, 0xd9, 0xda, 0xdb, 0xdb, 0xdb, 0x70, 0x71, 0x71, 0x72, 0x73, 0x73, 0x74, 0x75, 0x77, 0x77, 0x16, 0x16, 0x3d, 0x18, 0x3e, 0x3f, 0xf0, 0xf0, 0x69, 0x91, 0x6a, 0x6b, 0x6b, 0x6c, 0x6c, 0x6d, 0x6d, 0x6e, 0x6e, 0x6f,
	0x6f, 0x6f, 0xf0, 0xf0, 0x91, 0x91, 0x92, 0x92, 0x93, 0x94, 0x94, 0x95, 0x95, 0x70, 0x71, 0x71, 0x98, 0x73, 0x73, 0x75, 0x75, 0x76, 0x77, 0x77, 0x78, 0x78, 0x7a, 0x7a, 0x7a, 0x7a, 0x7c, 0x7c, 0x7d, 0x7e, 0xf0, 0x90, 0x91, 0x91, 0x92, 0x92,
	0xc5, 0xc6, 0xc6, 0xc7, 0xc7, 0xc8, 0xc9, 0xc9, 0xc9, 0xd3, 0x95, 0x96, 0x96, 0x97, 0x98, 0x98, 0x99, 0x9a, 0x9a, 0x9b, 0x9c, 0x9c, 0x9d, 0x9e, 0x9e, 0x9f, 0xf0, 0xf0, 0x91, 0x91, 0x91, 0x91, 0x92, 0x92, 0x92, 0x93, 0x93, 0x93, 0x94, 0x6e,
	0x6f, 0x6f, 0x6f, 0x70, 0x71, 0x71, 0x37, 0x38, 0x38, 0x39, 0x3a, 0x3a, 0x3a, 0x3c, 0xda, 0xda, 0xdb, 0xdb, 0x92, 0x93, 0x94, 0x95, 0x96, 0x96, 0x97, 0xca, 0xcb, 0xcb, 0xd6, 0xd7, 0xd7, 0xd9, 0xd9, 0xda, 0xd4, 0xd4, 0xd5, 0xd6, 0xd6, 0xd7,
	0xd7, 0xd8, 0xd9, 0xd9, 0xda, 0xdb, 0xdb, 0xdc, 0xdd, 0xdd, 0x6a, 0x6a, 0xaf, 0xb0, 0xb0, 0x30, 0x31, 0x31, 0x32, 0x33, 0x33, 0xd2, 0xc9, 0xc9, 0xd3, 0xd3, 0x95, 0x9a, 0xf2, 0x2f, 0xec, 0xd2, 0xc5, 0xc7, 0xd1, 0x6c, 0xf1, 0xfb, 0xae, 0x5e,
	0x5f, 0xd2, 0xa0, 0xa0, 0x61, 0x62, 0xa4, 0x03, 0x04, 0x04, 0xa9, 0x06, 0x07, 0x07, 0x08, 0x09, 0x09, 0x0a, 0x0a, 0x0b, 0x0b, 0x0c, 0x0c, 0x0d, 0x0d, 0x0e, 0x0e, 0x0f, 0x0f, 0x10, 0x10, 0x11, 0x12, 0x13, 0xa0, 0xa0, 0xa0, 0x22, 0x23, 0x23,
	0x24, 0x25, 0x25, 0x26, 0x26, 0x27, 0x28, 0x29, 0x29, 0x2a, 0x2b, 0x2c, 0x2c, 0x2d, 0x2e, 0xb0, 0xb1, 0xb1, 0xb2, 0xb2, 0xb3, 0xb4, 0xb4, 0xb5, 0xb6, 0xb6, 0x5b, 0x5b, 0x5c, 0x5d, 0x5e, 0x5f, 0x5f, 0x40, 0x41, 0x42, 0x42, 0x43, 0x44, 0x44,
	0x45, 0x46, 0xa0, 0xa0, 0x61, 0x61, 0x53, 0x53, 0x54, 0x55, 0x55, 0x56, 0x57, 0x57, 0x58, 0x58, 0x59, 0x5a, 0xa0, 0xa0, 0x61, 0x62, 0x63, 0x63, 0xa6, 0x65, 0x65, 0x66, 0x66, 0x67, 0x68, 0x68, 0x69, 0x6a, 0x6b, 0x6b, 0x6c, 0x6c, 0x6d, 0x6d,
	0x6e, 0x6e, 0x6f, 0x6f, 0x6f, 0x70, 0x70, 0x71, 0x71, 0x72, 0xa0, 0xa0, 0x81, 0x82, 0x83, 0x83, 0x84, 0x85, 0x85, 0x86, 0x87, 0x87, 0x88, 0x89, 0x89, 0x8a, 0xc1, 0xc1, 0xc2, 0xf0, 0x90, 0x91, 0x91, 0x92, 0x92, 0x93, 0x94, 0x95, 0x95, 0x96,
	0x97, 0x98, 0xa0, 0xa0, 0xa1, 0x61, 0xa2, 0xa3, 0xa4, 0x63, 0xa5, 0xa6, 0xa6, 0xa7, 0xa8, 0xa8, 0xa9, 0xaa, 0xab, 0xac, 0xad, 0xae, 0xaf, 0xb0, 0xb0, 0xb1, 0xb1, 0xb2, 0xb3, 0xb3, 0xb4, 0xb4, 0xb5, 0xb6, 0x24, 0xc0, 0xc0, 0xc1, 0xc2, 0xc2,
	0xc3, 0xc3, 0xc4, 0xc4, 0x2f, 0x30, 0x31, 0x32, 0x33, 0xb5, 0x8a, 0x8a, 0xc5, 0xc5, 0x2f, 0x30, 0x31, 0x32, 0x33, 0x34, 0x35, 0x36, 0x36, 0x72, 0xb8, 0xb8, 0x52, 0x52, 0xe1, 0xe1, 0xe2, 0xe4, 0xe4, 0xf3, 0xe6, 0xe6, 0xe6, 0xe7, 0x88, 0x89,
	0x89, 0x8a, 0x65, 0x93, 0xf1, 0x83, 0xe7, 0xf4, 0x84, 0xf6, 0xf7, 0xf9, 0xf9, 0xfa, 0xfc, 0xfc, 0xfd, 0xf4, 0xa0, 0xa1, 0xa2, 0xa4, 0xa5, 0x03, 0x04, 0x05, 0xa9, 0x06, 0x07, 0xad, 0x08, 0x09, 0x09, 0x0a, 0x0a, 0x0b, 0x0c, 0x0c, 0x0c, 0x0d,
	0x0d, 0x0e, 0x0e, 0x0f, 0x0f, 0x10, 0x11, 0x11, 0x12, 0x13, 0xa0, 0xa1, 0xa1, 0x22, 0x23, 0x23, 0x24, 0x25, 0x25, 0x26, 0x27, 0x27, 0x28, 0x29, 0x29, 0x2a, 0x2b, 0x2c, 0x2c, 0x90, 0x2e, 0xb0, 0xb1, 0xb2, 0xb2, 0xb2, 0xb3, 0xb4, 0xb4, 0xb5,
	0xb6, 0xb7, 0x5b, 0x5c, 0x5c, 0x5d, 0x5e, 0x5f, 0x40, 0x40, 0x41, 0x42, 0x42, 0x43, 0x44, 0x45, 0x45, 0x46, 0xa0, 0xa1, 0x61, 0x52, 0x53, 0x53, 0x54, 0x55, 0x55, 0x56, 0x57, 0x57, 0x58, 0x59, 0x59, 0x5a, 0xa0, 0xa1, 0xa2, 0xa3, 0x63, 0x63,
	0x64, 0x65, 0x65, 0x66, 0x67, 0x67, 0x68, 0x69, 0x69, 0x6a, 0x6b, 0x6b, 0x6c, 0x6d, 0x6d, 0x6d, 0x6e, 0x6e, 0x6f, 0x6f, 0x70, 0x70, 0x71, 0x71, 0x71, 0x72, 0xa0, 0x81, 0x22, 0x82, 0x83, 0x83, 0x84, 0x85, 0x85, 0x86, 0x87, 0x88, 0x88, 0x89,
	0x89, 0x8a, 0xc1, 0xc1, 0xc2, 0xf0, 0x90, 0x91, 0x91, 0x92, 0x92, 0x93, 0x94, 0x95, 0x95, 0x96, 0x97, 0x98, 0xa0, 0xa1, 0xa1, 0xa2, 0xa2, 0xa3, 0xa4, 0x63, 0xa6, 0xa6, 0xa7, 0xa7, 0xa8, 0xa8, 0xa9, 0xaa, 0xab, 0xac, 0xad, 0xae, 0xaf, 0xb0,
	0xb0, 0xb1, 0xb1, 0xb2, 0xb3, 0xb3, 0xb4, 0xb5, 0xb5, 0xb6, 0x24, 0xc0, 0xc0, 0xc1, 0xc2, 0xc2, 0xc3, 0xc3, 0xc4, 0xc5, 0x2f, 0x30, 0x31, 0x32, 0x33, 0xb6, 0x8a, 0x8b, 0xc5, 0xc5, 0x30, 0x31, 0x32, 0x33, 0x33, 0x34, 0x35, 0x36, 0x71, 0x72,
	0xb8, 0x73, 0x52, 0x52, 0xe1, 0xe1, 0xe2, 0xe4, 0xe4, 0xe5, 0xe6, 0xe6, 0xe6, 0xe7, 0x88, 0x89, 0x8a, 0x8a, 0x65, 0x93, 0xf1, 0x83, 0xe7, 0xf4, 0x84, 0xf6, 0xf7, 0xf9, 0xf9, 0xfa, 0xfc, 0xfc, 0xfd, 0xf4, 0xa0, 0x61, 0xa2, 0xa4, 0xa5, 0xa6,
	0x04, 0x05, 0x06, 0x06, 0x07, 0xad, 0x08, 0x09, 0x09, 0x0a, 0x0a, 0x0b, 0x0c, 0x0c, 0x0c, 0x0d, 0x0e, 0x0e, 0x0e, 0x0f, 0x0f, 0x10, 0x11, 0x11, 0x12, 0x13, 0xa0, 0xa1, 0x61, 0xa3, 0x23, 0x23, 0x24, 0x25, 0x26, 0x26, 0x27, 0x28, 0x28, 0x29,
	0x29, 0x2a, 0x2b, 0x2c, 0x90, 0x2d, 0x2e, 0xb1, 0xb1, 0xb2, 0xb2, 0xb3, 0xb4, 0xb4, 0xb5, 0xb5, 0xb6, 0xb7, 0x5b, 0x5c, 0x5d, 0x5d, 0x5e, 0x5f, 0x40, 0x40, 0x41, 0x42, 0x42, 0x43, 0x44, 0x45, 0x45, 0x46, 0xa0, 0x61, 0xa2, 0x52, 0x53, 0x53,
	0x54, 0x55, 0x56, 0x56, 0x57, 0x58, 0x58, 0x59, 0x59, 0x5a, 0xa0, 0x61, 0xa2, 0xa3, 0x63, 0xa6, 0x64, 0x65, 0x65, 0x66, 0x67, 0x67, 0x68, 0x69, 0x69, 0x6a, 0x6b, 0x6c, 0x6c, 0x6d, 0x6d, 0x6d, 0x6e, 0x6e, 0x6f, 0x6f, 0x70, 0x70, 0x71, 0x71,
	0x72, 0x72, 0xa0, 0x81, 0x22, 0x82, 0x83, 0x83, 0x84, 0x85, 0x86, 0x86, 0x87, 0x88, 0x88, 0x89, 0x89, 0x8a, 0x29, 0xc1, 0xf0, 0xf0, 0x90, 0x91, 0x91, 0x92, 0x93, 0x93, 0x94, 0x95, 0x95, 0x96, 0x97, 0x98, 0xa0, 0xa1, 0xa2, 0xa2, 0x62, 0xa3,
	0x63, 0xa5, 0xa6, 0xa6, 0xa7, 0xa8, 0xa8, 0xa9, 0xa9, 0xab, 0xab, 0xac, 0xae, 0xae, 0xaf, 0xb0, 0xb1, 0xb1, 0xb2, 0xb2, 0xb3, 0xb4, 0xb4, 0xb5, 0xb6, 0xb6, 0x25, 0xc0, 0xc0, 0xc1, 0xc2, 0xc2, 0xc3, 0xc3, 0xc4, 0xc5, 0x2f, 0x30, 0x31, 0x33,
	0x34, 0xb6, 0x8b, 0xc4, 0xc5, 0xc5, 0x30, 0x31, 0x32, 0x33, 0x33, 0x34, 0x35, 0x36, 0x71, 0x72, 0x73, 0x73, 0x53, 0x53, 0xe1, 0xe2, 0xe2, 0xe4, 0xe4, 0xe5, 0xe6, 0xe6, 0xe6, 0xe7, 0x88, 0x89, 0x8a, 0x8a, 0x65, 0x93, 0xf1, 0x83, 0xe7, 0xf4,
	0x84, 0xf6, 0xf7, 0xf9, 0xf9, 0xfa, 0xfc, 0xfc, 0xfd, 0xf4, 0xa1, 0x61, 0xa3, 0xa4, 0x03, 0xa6, 0x04, 0x05, 0x06, 0x06, 0x07, 0xad, 0x08, 0x09, 0x09, 0x0a, 0x0b, 0x0b, 0x0c, 0x0c, 0x0d, 0x0d, 0x0e, 0x0e, 0x0f, 0x0f, 0x10, 0x10, 0x11, 0x12,
	0x12, 0x13, 0xa1, 0xa1, 0x22, 0x23, 0x23, 0x24, 0x25, 0x25, 0x26, 0x26, 0x27, 0x28, 0x29, 0x29, 0x2a, 0x2b, 0x2b, 0x2c, 0x2d, 0x2d, 0x2f, 0xb1, 0xb1, 0xb2, 0xb2, 0xb3, 0xb4, 0xb4, 0xb5, 0xb5, 0xb6, 0xb7, 0x5b, 0x5c, 0x5d, 0x5e, 0x5f, 0x5f,
	0x40, 0x41, 0x42, 0x42, 0x43, 0x44, 0x44, 0x45, 0x46, 0x46, 0xa1, 0x61, 0x52, 0x02, 0xa4, 0x54, 0x55, 0x55, 0x56, 0x56, 0x57, 0x58, 0x58, 0x59, 0x5a, 0x5b, 0xa1, 0x61, 0x62, 0xa4, 0x63, 0xa6, 0x64, 0x65, 0x66, 0x66, 0x67, 0x68, 0x68, 0x69,
	0x6a, 0x6b, 0x6b, 0x6c, 0x6c, 0x6d, 0x6d, 0x6e, 0x6e, 0x6e, 0x6f, 0x6f, 0x70, 0x70, 0x71, 0x71, 0x72, 0x72, 0xa1, 0x22, 0x82, 0x82, 0x83, 0x84, 0x85, 0x85, 0x86, 0x86, 0x87, 0x88, 0x88, 0x89, 0x8a, 0x8b, 0x29, 0xf0, 0xf0, 0x90, 0x90, 0x91,
	0x92, 0x92, 0x93, 0x93, 0x94, 0x95, 0x95, 0x96, 0x97, 0x98, 0xa1, 0xa1, 0xa2, 0xa3, 0xa3, 0xa4, 0x63, 0x03, 0xa6, 0x04, 0xa7, 0xa8, 0xa9, 0xa9, 0xaa, 0xab, 0xac, 0xad, 0xae, 0xae, 0xaf, 0xb0, 0xb1, 0xb2, 0xb2, 0xb3, 0xb3, 0xb4, 0xb5, 0xb5,
	0xb6, 0xb6, 0x25, 0xc0, 0xc0, 0xc1, 0xc2, 0xc2, 0xc3, 0xc4, 0xc4, 0xc5, 0x30, 0x31, 0x31, 0x33, 0x34, 0xb6, 0x8b, 0x8b, 0xc5, 0xc5, 0x30, 0x31, 0x32, 0x33, 0x34, 0x34, 0x35, 0x36, 0x37, 0x72, 0xb8, 0xb9, 0x53, 0xe1, 0xe1, 0xe2, 0xe2, 0xe4,
	0xe5, 0xe5, 0xe6, 0xe6, 0xe7, 0xe7, 0x89, 0x89, 0x8a, 0x8b, 0x66, 0x93, 0xf1, 0x84, 0xe7, 0xf4, 0x84, 0xf6, 0xf7, 0xf9, 0xf9, 0xfa, 0xe1, 0xfc, 0xfd, 0xf4, 0x61, 0xa2, 0x02, 0xa4, 0x03, 0xa6, 0x04, 0xa9, 0x06, 0x07, 0x07, 0x08, 0x08, 0x09,
	0x0a, 0x0b, 0x0b, 0x0b, 0x0c, 0x0c, 0x0d, 0x0d, 0x0e, 0x0e, 0x0f, 0x0f, 0x10, 0x11, 0x11, 0x12, 0x13, 0x14, 0x61, 0xa2, 0xa2, 0xa3, 0x63, 0x24, 0x25, 0x26, 0x26, 0x27, 0x27, 0x28, 0x29, 0x29, 0x2a, 0x2b, 0x2c, 0x2c, 0x2d, 0x2e, 0x2f, 0x2f,
	0xb1, 0xb2, 0xb2, 0xb3, 0xb4, 0xb4, 0xb5, 0xb6, 0xb6, 0xb7, 0x5c, 0x5c, 0x5d, 0x5e, 0x5f, 0x5f, 0x40, 0x41, 0x42, 0x42, 0x43, 0x44, 0x44, 0x45, 0x46, 0x46, 0x61, 0xa2, 0x52, 0x53, 0xa4, 0x54, 0x55, 0x55, 0x56, 0x57, 0x57, 0x58, 0x59, 0x59,
	0x5a, 0x5b, 0x61, 0xa2, 0x62, 0xa4, 0x03, 0xa6, 0x65, 0x65, 0x66, 0x67, 0x67, 0x68, 0x68, 0x69, 0x6a, 0x6b, 0x6b, 0x6c, 0x6d, 0x6d, 0x6e, 0x6e, 0x6e, 0x6f, 0x6f, 0x6f, 0x70, 0x70, 0x71, 0x71, 0x72, 0x73, 0x61, 0x22, 0x23, 0x23, 0x83, 0x84,
	0x85, 0x85, 0x86, 0x86, 0x87, 0x88, 0x89, 0x89, 0x8a, 0x8b, 0x29, 0xf0, 0xf0, 0x90, 0x91, 0x91, 0x92, 0x93, 0x93, 0x94, 0x94, 0x95, 0x96, 0x96, 0x98, 0x98, 0x61, 0xa2, 0xa2, 0xa3, 0xa4, 0xa4, 0xa5, 0xa6, 0xa6, 0xa7, 0xa8, 0xa8, 0xa9, 0xa9,
	0xaa, 0xab, 0xac, 0xad, 0xae, 0xaf, 0xb0, 0xb0, 0xb1, 0xb2, 0xb2, 0xb3, 0xb3, 0xb4, 0xb5, 0xb5, 0xb6, 0xb7, 0x25, 0xc0, 0xc1, 0xc1, 0xc2, 0xc3, 0xc3, 0xc4, 0xc4, 0xc5, 0x30, 0x31, 0x32, 0x33, 0x34, 0x36, 0x8b, 0x8b, 0xc5, 0x2f, 0x30, 0x31,
	0x32, 0x33, 0x34, 0x34, 0x36, 0x36, 0x37, 0x72, 0xb8, 0xb9, 0x54, 0xe1, 0xe1, 0xe2, 0xe3, 0xe4, 0xe5, 0xe5, 0xe6, 0xe6, 0xe7, 0xe7, 0x89, 0x89, 0x8a, 0x8b, 0x66, 0x93, 0xf1, 0xf3, 0xe7, 0xf4, 0x85, 0x88, 0xf7, 0xf9, 0xf9, 0xfa, 0xe1, 0xfc,
	0xfd, 0xf4, 0x61, 0xa2, 0x02, 0xa5, 0xa6, 0x04, 0x05, 0xa9, 0x06, 0x07, 0xad, 0xae, 0x09, 0x09, 0x0a, 0x0b, 0x0b, 0x0c, 0x0c, 0x0c, 0x0d, 0x0d, 0x0e, 0x0e, 0x0f, 0x10, 0x10, 0x11, 0x11, 0x12, 0x13, 0x14, 0x61, 0xa2, 0xa3, 0x23, 0x24, 0x24,
	0x25, 0x26, 0x26, 0x27, 0x28, 0x29, 0x29, 0x2a, 0x2a, 0x2b, 0x2c, 0x2c, 0x2d, 0x2e, 0x2f, 0xb1, 0xb2, 0xb2, 0xb3, 0xb3, 0xb4, 0xb4, 0xb5, 0xb6, 0xb7, 0xb8, 0x5c, 0x5c, 0x5e, 0x5e, 0x5f, 0x40, 0x40, 0x41, 0x42, 0x43, 0x43, 0x44, 0x45, 0x45,
	0x46, 0x47, 0x61, 0xa2, 0x02, 0x02, 0x54, 0x54, 0x55, 0x56, 0x56, 0x57, 0x57, 0x58, 0x59, 0x5a, 0x5a, 0x5b, 0x61, 0xa2, 0xa3, 0x63, 0xa5, 0x64, 0x65, 0xa8, 0x66, 0x67, 0x68, 0x68, 0x69, 0x69, 0x6a, 0x6b, 0x6c, 0x6c, 0x6d, 0x6d, 0x6e, 0x6e,
	0x6f, 0x6f, 0x6f, 0x70, 0x70, 0x71, 0x71, 0x72, 0x72, 0x73, 0x61, 0x22, 0x23, 0x23, 0x24, 0x84, 0x85, 0x85, 0x86, 0x87, 0x87, 0x88, 0x89, 0x89, 0x8a, 0x8b, 0x29, 0xc2, 0xf0, 0x90, 0x91, 0x91, 0x92, 0x93, 0x93, 0x94, 0x95, 0x95, 0x96, 0x96,
	0x98, 0x98, 0x61, 0xa2, 0x62, 0xa3, 0xa4, 0xa5, 0x03, 0xa6, 0xa7, 0xa7, 0xa8, 0xa8, 0xa9, 0xaa, 0xaa, 0xab, 0xac, 0xad, 0xae, 0xaf, 0xb0, 0xb1, 0xb1, 0xb2, 0xb2, 0xb3, 0xb4, 0xb4, 0xb5, 0xb6, 0xb6, 0xb7, 0x25, 0xc0, 0xc1, 0xc1, 0xc2, 0xc3,
	0xc3, 0xc4, 0xc5, 0xc5, 0x30, 0x31, 0x32, 0x33, 0x35, 0x36, 0x8b, 0xc5, 0xc5, 0xc5, 0x30, 0x31, 0x32, 0x33, 0x34, 0x35, 0x36, 0x37, 0x37, 0x37, 0x38, 0xb9, 0xe0, 0xe0, 0xe2, 0xe2, 0xe4, 0xe4, 0xe5, 0xe6, 0xe6, 0xe6, 0xe7, 0xe7, 0x89, 0x8a,
	0x8a, 0x8b, 0x66, 0x93, 0xf1, 0xf3, 0xe8, 0xf4, 0x85, 0x88, 0xf7, 0xf9, 0xf9, 0xfa, 0xe1, 0xe3, 0xfd, 0xf4, 0xa2, 0x62, 0xa4, 0x03, 0xa6, 0x04, 0x05, 0xa9, 0x06, 0x07, 0xad, 0x08, 0x09, 0x09, 0x0a, 0x0b, 0x0b, 0x0c, 0x0c, 0x0d, 0x0d, 0x0e,
	0x0e, 0x0f, 0x0f, 0x10, 0x11, 0x11, 0x12, 0x12, 0x13, 0x14, 0xa2, 0x62, 0xa3, 0x63, 0x24, 0x25, 0x26, 0x26, 0x27, 0x27, 0x28, 0x29, 0x29, 0x2a, 0x2b, 0x2b, 0x2c, 0x2d, 0x2d, 0x2f, 0x2f, 0x30, 0xb2, 0xb3, 0xb3, 0xb4, 0xb4, 0xb5, 0xb5, 0xb6,
	0xb7, 0xb8, 0x5c, 0x5d, 0x5e, 0x5f, 0x5f, 0x40, 0x41, 0x41, 0x42, 0x43, 0x44, 0x44, 0x45, 0x46, 0x46, 0x47, 0xa2, 0x62, 0x02, 0xa4, 0x54, 0x55, 0x55, 0x56, 0x57, 0x57, 0x58, 0x59, 0x59, 0x5a, 0x5b, 0x5b, 0xa2, 0x62, 0xa4, 0x63, 0xa6, 0xa7,
	0x65, 0x66, 0x66, 0x67, 0x68, 0x68, 0x69, 0x6a, 0x6a, 0x6b, 0x6c, 0x6c, 0x6d, 0x6e, 0x6e, 0x6e, 0x6f, 0x6f, 0x70, 0x70, 0x71, 0x71, 0x72, 0x72, 0x72, 0x73, 0xa2, 0xa3, 0x23, 0x24, 0x84, 0x84, 0x85, 0x85, 0x86, 0x87, 0x87, 0x88, 0x89, 0x8a,
	0x8a, 0x8b, 0x2a, 0xf0, 0xf0, 0x90, 0x91, 0x92, 0x92, 0x93, 0x93, 0x94, 0x95, 0x95, 0x96, 0x97, 0x98, 0x98, 0xa2, 0x62, 0xa3, 0xa4, 0x63, 0xa5, 0xa6, 0xa6, 0xa7, 0xa8, 0xa8, 0xa9, 0xaa, 0xaa, 0xab, 0xac, 0xad, 0xae, 0xae, 0xaf, 0xb0, 0xb1,
	0xb1, 0xb2, 0xb3, 0xb3, 0xb4, 0xb4, 0xb5, 0xb6, 0xb6, 0xb7, 0x26, 0xc0, 0xc1, 0x29, 0xc2, 0xc3, 0xc3, 0xc4, 0xc5, 0xc5, 0x30, 0x31, 0x32, 0x33, 0x35, 0xb7, 0x8b, 0xc5, 0xc5, 0x30, 0x31, 0x32, 0x33, 0x33, 0x34, 0x35, 0x36, 0x37, 0x37, 0x38,
	0xb9, 0xb9, 0x54, 0xe0, 0xe2, 0xe2, 0xe4, 0xe4, 0xe5, 0xe6, 0xe6, 0xe7, 0xe7, 0xe7, 0x89, 0x8a, 0x8a, 0x8b, 0x66, 0x93, 0xf1, 0xf3, 0xe8, 0xf4, 0x85, 0x88, 0xf7, 0xf9, 0xfa, 0xfa, 0xe1, 0xe3, 0xfd, 0xf4, 0xa2, 0xa3, 0xa4, 0x03, 0x04, 0x04,
	0xa9, 0x06, 0x07, 0x07, 0x08, 0xae, 0x09, 0x0a, 0x0a, 0x0b, 0x0b, 0x0c, 0x0d, 0x0d, 0x0e, 0x0e, 0x0e, 0x0f, 0x10, 0x10, 0x11, 0x11, 0x12, 0x13, 0x13, 0x15, 0xa2, 0xa3, 0xa3, 0x24, 0x24, 0x25, 0x26, 0x26, 0x27, 0x27, 0x28, 0x29, 0x2a, 0x2a,
	0x2b, 0x2c, 0x2c, 0x2d, 0x2e, 0x2f, 0x2f, 0xb1, 0xb2, 0xb3, 0xb3, 0xb4, 0xb5, 0xb5, 0xb6, 0xb6, 0xb7, 0xb8, 0x5c, 0x5d, 0x5e, 0x5f, 0x5f, 0x40, 0x41, 0x41, 0x42, 0x43, 0x44, 0x44, 0x45, 0x46, 0x46, 0x47, 0xa2, 0xa3, 0xa4, 0xa4, 0x03, 0x55,
	0x56, 0x56, 0x57, 0x58, 0x58, 0x59, 0x59, 0x5b, 0x5b, 0x5c, 0xa2, 0xa3, 0xa4, 0xa5, 0x64, 0x65, 0x65, 0xa9, 0x67, 0x67, 0x68, 0xad, 0x69, 0x6a, 0x6a, 0x6b, 0x6c, 0x6d, 0x6d, 0x6e, 0x6e, 0x6e, 0x6f, 0x6f, 0x70, 0x70, 0x71, 0x71, 0x72, 0x72,
	0x73, 0x73, 0xa2, 0xa3, 0x23, 0x24, 0x25, 0x84, 0x85, 0x86, 0x86, 0x87, 0x88, 0x88, 0x89, 0x8a, 0x8a, 0x8b, 0x2a, 0xf0, 0x90, 0x91, 0x91, 0x92, 0x92, 0x93, 0x94, 0x94, 0x95, 0x96, 0x96, 0x97, 0x98, 0x99, 0xa2, 0xa3, 0xa4, 0xa4, 0xa5, 0xa6,
	0xa6, 0xa7, 0xa7, 0xa8, 0xa9, 0xa9, 0xaa, 0xab, 0xab, 0xac, 0xad, 0xae, 0xaf, 0xb0, 0xb0, 0xb1, 0xb2, 0xb2, 0xb3, 0xb3, 0xb4, 0xb5, 0xb5, 0xb6, 0xb7, 0xb7, 0x26, 0x27, 0xc1, 0xc2, 0xc2, 0xc3, 0xc4, 0xc4, 0xc5, 0xc5, 0x30, 0x32, 0x32, 0x34,
	0x35, 0xb7, 0x8b, 0xc5, 0xc5, 0x30, 0x31, 0x32, 0x33, 0x34, 0x35, 0x35, 0x36, 0x37, 0x37, 0x38, 0xb9, 0x39, 0x54, 0xe0, 0x55, 0xe2, 0xe4, 0xe4, 0xe5, 0xe6, 0xe6, 0xe7, 0xe7, 0xe7, 0x8a, 0x8a, 0x8b, 0x8b, 0x66, 0x94, 0x9a, 0xf3, 0xe8, 0xf4,
	0x85, 0x88, 0xf7, 0xf9, 0xfa, 0xfa, 0xe1, 0xe3, 0xfd, 0xf4, 0xa3, 0xa3, 0xa5, 0xa6, 0xa7, 0xa8, 0xa9, 0xaa, 0x07, 0xad, 0x08, 0x08, 0x09, 0x0a, 0xb1, 0x0b, 0x0c, 0x0c, 0x0d, 0x0d, 0x0e, 0x0e, 0x0f, 0x0f, 0x10, 0x11, 0x11, 0x12, 0x12, 0x13,
	0x14, 0x15, 0xa3, 0xa3, 0x23, 0x24, 0x25, 0x25, 0x26, 0x27, 0x27, 0x28, 0x28, 0x29, 0x2a, 0x2b, 0x2b, 0x2c, 0x2d, 0x2d, 0x2e, 0x2f, 0x30, 0x31, 0x31, 0xb3, 0xb4, 0xb4, 0xb5, 0xb5, 0xb6, 0xb7, 0xb7, 0xb8, 0x5d, 0x5d, 0x5e, 0x5f, 0x40, 0x40,
	0x41, 0x42, 0x43, 0x44, 0x44, 0x45, 0x45, 0x46, 0x47, 0x47, 0xa3, 0xa3, 0xa4, 0xa5, 0x03, 0xa6, 0x04, 0x57, 0x05, 0x58, 0x59, 0x59, 0x5a, 0x5b, 0x5b, 0x5c, 0xa3, 0xa3, 0x63, 0xa5, 0x64, 0x65, 0xa8, 0x66, 0x67, 0x67, 0x68, 0x69, 0x69, 0x6a,
	0x6b, 0x6c, 0x6c, 0x6d, 0x6d, 0x6e, 0x6e, 0x6f, 0x6f, 0x6f, 0x70, 0x71, 0x71, 0x71, 0x72, 0x73, 0x73, 0x74, 0xa3, 0x23, 0x24, 0x24, 0x25, 0x85, 0x85, 0x86, 0x87, 0x87, 0x88, 0x89, 0x89, 0x8a, 0x8b, 0x8b, 0x2a, 0xf0, 0x90, 0x91, 0x91, 0x92,
	0x93, 0x93, 0x94, 0x95, 0x95, 0x96, 0x96, 0x97, 0x98, 0x99, 0xa3, 0xa3, 0xa4, 0x63, 0xa5, 0xa6, 0xa6, 0xa7, 0xa8, 0xa8, 0xa9, 0xa9, 0xaa, 0xab, 0xac, 0xac, 0xad, 0xae, 0xaf, 0xb0, 0xb1, 0xb1, 0xb2, 0xb3, 0xb3, 0xb3, 0xb4, 0xb5, 0xb6, 0xb6,
	0xb7, 0xb8, 0x26, 0x27, 0xc1, 0xc2, 0xc3, 0xc3, 0xc4, 0xc4, 0xc5, 0xc5, 0x31, 0x32, 0x33, 0x34, 0x35, 0xb7, 0x8b, 0xc5, 0xc6, 0xc6, 0x31, 0x32, 0x33, 0x34, 0x35, 0x36, 0x36, 0x37, 0x38, 0x38, 0x39, 0xb9, 0x55, 0xe0, 0xe2, 0xe3, 0xe4, 0xe5,
	0xe5, 0xe6, 0xe7, 0xe7, 0xe7, 0xe8, 0x8a, 0x8a, 0x8b, 0x8b, 0x67, 0x94, 0x9a, 0xf3, 0xe8, 0xf4, 0x85, 0x89, 0xf7, 0xf9, 0xfa, 0xfa, 0xe0, 0xe3, 0xfd, 0xf4, 0xa3, 0xa4, 0xa5, 0xa6, 0xa7, 0x05, 0xa9, 0x06, 0x07, 0xad, 0x08, 0x09, 0x09, 0x0a,
	0x0b, 0x0c, 0x0c, 0x0c, 0x0d, 0x0d, 0x0e, 0x0e, 0x0f, 0x0f, 0x10, 0x11, 0x11, 0x12, 0x12, 0x13, 0x14, 0x15, 0xa3, 0xa4, 0xa4, 0xa5, 0x25, 0x26, 0xa8, 0x27, 0x27, 0xaa, 0x29, 0x2a, 0x2a, 0x2b, 0x2b, 0x2c, 0x2d, 0x2e, 0x2f, 0x2f, 0x30, 0xb2,
	0xb2, 0xb3, 0xb4, 0xb4, 0xb5, 0xb5, 0xb6, 0xb7, 0xb8, 0xb9, 0x5d, 0x5e, 0x5f, 0x5f, 0x40, 0x41, 0x42, 0x42, 0x43, 0x44, 0x44, 0x45, 0x46, 0x46, 0x47, 0x48, 0xa3, 0xa4, 0x54, 0x03, 0xa6, 0x56, 0x04, 0x57, 0x58, 0x58, 0x59, 0x5a, 0x5a, 0x5b,
	0x5b, 0x5c, 0xa3, 0xa4, 0x63, 0xa6, 0x65, 0x65, 0x66, 0xaa, 0x67, 0x68, 0x68, 0x69, 0x6a, 0x6a, 0x6b, 0x6c, 0x6d, 0x6d, 0x6e, 0x6e, 0x6f, 0x6f, 0x6f, 0x70, 0x70, 0x71, 0x71, 0x72, 0x72, 0x73, 0x74, 0x74, 0xa3, 0x23, 0x24, 0x25, 0x26, 0x85,
	0x27, 0x28, 0x87, 0x88, 0x88, 0x89, 0x8a, 0x8a, 0x8b, 0x8c, 0x2a, 0x90, 0x90, 0x91, 0x91, 0x92, 0x93, 0x93, 0x94, 0x95, 0x95, 0x96, 0x97, 0x98, 0x98, 0x99, 0xa3, 0xa4, 0x63, 0xa5, 0x03, 0xa6, 0x04, 0xa8, 0xa8, 0xa9, 0xa9, 0xaa, 0xab, 0xab,
	0xac, 0xad, 0xae, 0xae, 0xaf, 0xb0, 0xb1, 0xb1, 0xb2, 0xb3, 0xb3, 0xb4, 0xb5, 0xb5, 0xb6, 0xb6, 0xb7, 0xb8, 0x26, 0xc1, 0x29, 0xc2, 0xc3, 0xc3, 0xc4, 0xc5, 0xc5, 0xc6, 0x31, 0x32, 0x33, 0x34, 0x36, 0xb7, 0x8c, 0xc5, 0xc6, 0x30, 0x32, 0x33,
	0x33, 0x34, 0x35, 0x36, 0x37, 0x37, 0x38, 0x38, 0x39, 0xba, 0x55, 0x55, 0x55, 0xe3, 0xe4, 0xe5, 0xe6, 0xe6, 0xe7, 0xe7, 0xe7, 0xe8, 0x8a, 0x8a, 0x8b, 0x8c, 0x67, 0x94, 0x9a, 0xf3, 0xe8, 0xf4, 0x85, 0x89, 0xf7, 0xf9, 0xfa, 0xfa, 0xe0, 0xe3,
	0xfd, 0xf4, 0xa4, 0xa4, 0x03, 0x04, 0xa8, 0x05, 0xaa, 0x06, 0x07, 0xad, 0x08, 0x09, 0x0a, 0xb1, 0x0b, 0x0c, 0x0c, 0x0d, 0x0d, 0x0e, 0x0e, 0x0f, 0x0f, 0x10, 0x10, 0x11, 0x12, 0x12, 0x13, 0x14, 0x14, 0x15, 0xa4, 0xa4, 0xa5, 0x25, 0x25, 0x26,
	0x27, 0x27, 0x28, 0x29, 0x29, 0x2a, 0x2b, 0x2b, 0x2c, 0x2c, 0x2d, 0x2e, 0x2f, 0x2f, 0x31, 0x31, 0x32, 0xb3, 0xb4, 0xb4, 0xb5, 0xb6, 0xb6, 0xb7, 0xb8, 0xb9, 0x5d, 0x5e, 0x5f, 0x5f, 0x40, 0x41, 0x42, 0x42, 0x43, 0x44, 0x45, 0x45, 0x46, 0x46,
	0x47, 0x48, 0xa4, 0xa4, 0x54, 0x03, 0xa6, 0x04, 0x05, 0x05, 0x58, 0x58, 0x59, 0x5a, 0x5b, 0x5b, 0x5c, 0x5c, 0xa4, 0xa4, 0x03, 0xa6, 0x65, 0x65, 0x66, 0x67, 0x67, 0x68, 0xad, 0x69, 0x6a, 0x6a, 0x6b, 0x6c, 0x6d, 0x6d, 0x6e, 0x6e, 0x6f, 0x6f,
	0x6f, 0x70, 0x71, 0x71, 0x72, 0x72, 0x72, 0x73, 0x74, 0x74, 0xa4, 0x24, 0x24, 0x25, 0x26, 0x27, 0x27, 0x28, 0x87, 0x88, 0x88, 0x89, 0x8a, 0x8a, 0x8b, 0x8c, 0x2b, 0x90, 0x90, 0x91, 0x92, 0x92, 0x93, 0x94, 0x94, 0x95, 0x96, 0x96, 0x97, 0x98,
	0x98, 0x99, 0xa4, 0xa4, 0x63, 0x03, 0xa6, 0xa6, 0xa7, 0xa8, 0xa9, 0xa9, 0xaa, 0xaa, 0xab, 0xab, 0xac, 0xad, 0xae, 0xaf, 0xb0, 0xb0, 0xb1, 0xb2, 0xb2, 0xb3, 0xb3, 0xb4, 0xb5, 0xb6, 0xb6, 0xb6, 0xb7, 0xb8, 0x26, 0xc1, 0x29, 0xc2, 0xc3, 0xc3,
	0xc4, 0xc5, 0xc5, 0x30, 0x31, 0x32, 0x33, 0x35, 0x36, 0x37, 0x8c, 0xc5, 0xc6, 0xc7, 0x32, 0x33, 0x33, 0x34, 0x35, 0x36, 0x37, 0x38, 0x38, 0x39, 0x39, 0xba, 0x55, 0x55, 0x55, 0xe3, 0xe4, 0xe5, 0xe6, 0xe6, 0xe7, 0xe7, 0xe9, 0xe9, 0xea, 0x8b,
	0x8b, 0x8c, 0xf0, 0x95, 0x9a, 0xf3, 0xe8, 0xf4, 0x86, 0x89, 0xf7, 0xf9, 0xfa, 0xfa, 0xe0, 0xe3, 0xfd, 0xf4, 0xa4, 0x63, 0xa6, 0x04, 0xa8, 0xa9, 0x06, 0xab, 0x07, 0x08, 0x08, 0x09, 0x0a, 0xb1, 0x0b, 0x0c, 0x0c, 0x0d, 0x0d, 0x0e, 0x0e, 0x0f,
	0x0f, 0x10, 0x11, 0x11, 0x12, 0x12, 0x13, 0x14, 0x15, 0x16, 0xa4, 0x63, 0xa5, 0x25, 0xa7, 0x26, 0xa8, 0x27, 0x28, 0x29, 0x29, 0x2a, 0x2b, 0x2b, 0x2c, 0x2d, 0x2e, 0x2e, 0x2f, 0x30, 0x31, 0x31, 0xb3, 0xb4, 0xb4, 0xb4, 0xb5, 0xb6, 0xb7, 0xb7,
	0xb8, 0xb9, 0x5e, 0x5e, 0x5f, 0x40, 0x40, 0x41, 0x42, 0x42, 0x44, 0x44, 0x45, 0x45, 0x46, 0x47, 0x47, 0x48, 0xa4, 0x63, 0xa5, 0x03, 0xa6, 0x04, 0x05, 0x05, 0x58, 0x59, 0x59, 0x5a, 0x5b, 0x5b, 0x5c, 0x5d, 0xa4, 0x63, 0x03, 0xa6, 0x65, 0x66,
	0x66, 0xaa, 0x67, 0x68, 0x69, 0x69, 0x6a, 0x6b, 0x6b, 0x6c, 0x6d, 0x6d, 0x6e, 0x6f, 0x6f, 0x6f, 0x70, 0x70, 0x71, 0x71, 0x72, 0x72, 0x73, 0x73, 0x74, 0x74, 0xa4, 0xa5, 0x25, 0x25, 0x26, 0x27, 0x28, 0x87, 0x87, 0x88, 0x88, 0x89, 0x8a, 0x8a,
	0x8b, 0x8c, 0x2b, 0x90, 0x90, 0x91, 0x92, 0x92, 0x93, 0x94, 0x94, 0x95, 0x96, 0x96, 0x98, 0x98, 0x99, 0x99, 0xa4, 0x63, 0x63, 0xa6, 0xa6, 0xa7, 0xa7, 0xa8, 0xa9, 0xa9, 0xaa, 0xab, 0xab, 0xac, 0xac, 0xad, 0xae, 0xaf, 0xb0, 0xb0, 0xb1, 0xb2,
	0xb3, 0xb3, 0xb3, 0xb4, 0xb5, 0xb6, 0xb6, 0xb7, 0xb8, 0xb9, 0x27, 0xc1, 0x29, 0x2b, 0xc3, 0x2d, 0xc4, 0xc5, 0xc5, 0x30, 0x31, 0x33, 0x33, 0x35, 0x36, 0x37, 0x8c, 0xc6, 0xc6, 0x31, 0x32, 0x33, 0x34, 0x34, 0x35, 0x36, 0x37, 0x38, 0x38, 0x39,
	0x39, 0x3a, 0x56, 0x55, 0x55, 0xe4, 0xe5, 0xe5, 0xe6, 0xe6, 0xe7, 0xe7, 0xe9, 0xe9, 0xea, 0x8b, 0x8b, 0x8c, 0x67, 0x95, 0x9a, 0xf3, 0xe8, 0xf4, 0x86, 0x89, 0xf7, 0xf9, 0xfa, 0xfa, 0xe0, 0xe3, 0xfd, 0xf4, 0x63, 0xa5, 0xa6, 0xa7, 0xa8, 0xa9,
	0x06, 0x07, 0xad, 0x08, 0x09, 0x09, 0x0a, 0x0b, 0x0b, 0x0c, 0x0d, 0x0d, 0x0d, 0x0e, 0x0e, 0x0f, 0x0f, 0x10, 0x11, 0x11, 0x12, 0x12, 0x13, 0x14, 0x15, 0x16, 0x63, 0x63, 0xa5, 0xa7, 0x26, 0xa8, 0xa8, 0x28, 0x29, 0x29, 0x2a, 0x2a, 0x2c, 0x2c,
	0x2c, 0x2d, 0x2e, 0x2f, 0x2f, 0x30, 0x31, 0x31, 0x32, 0xb4, 0xb4, 0xb5, 0xb6, 0xb7, 0xb7, 0xb8, 0xb8, 0xb9, 0x5e, 0x5f, 0x5f, 0x40, 0x41, 0x42, 0x42, 0x43, 0x44, 0x44, 0x45, 0x45, 0x46, 0x47, 0x48, 0x49, 0x63, 0xa5, 0x03, 0xa6, 0x04, 0x04,
	0x05, 0x05, 0x06, 0x59, 0x5a, 0x5b, 0x5b, 0x5c, 0x5c, 0x5d, 0x63, 0xa5, 0xa6, 0xa7, 0x65, 0x66, 0x67, 0x67, 0x68, 0x68, 0x69, 0x6a, 0x6a, 0x6b, 0x6c, 0x6d, 0x6d, 0x6e, 0x6e, 0x6f, 0x6f, 0x70, 0x70, 0x70, 0x71, 0x72, 0x72, 0x73, 0x73, 0x74,
	0x74, 0x74, 0x63, 0xa5, 0x25, 0x25, 0x26, 0x27, 0x28, 0x28, 0x2a, 0x88, 0x89, 0x8a, 0x8a, 0x8b, 0x8b, 0x8c, 0x90, 0x90, 0x90, 0x91, 0x92, 0x93, 0x93, 0x94, 0x95, 0x95, 0x96, 0x97, 0x98, 0x98, 0x99, 0x99, 0x63, 0x63, 0x03, 0xa6, 0xa6, 0xa7,
	0xa8, 0xa8, 0xa9, 0xaa, 0xab, 0xab, 0xac, 0xac, 0xad, 0xae, 0xae, 0xaf, 0xb0, 0xb1, 0xb2, 0xb2, 0xb3, 0xb3, 0xb4, 0xb4, 0xb5, 0xb6, 0xb7, 0xb7, 0xb8, 0xb9, 0x27, 0x29, 0x2a, 0x2b, 0xc3, 0x2d, 0xc4, 0xc5, 0xc6, 0x31, 0x32, 0x33, 0x34, 0x35,
	0x36, 0x37, 0x8d, 0xc6, 0xc6, 0xc7, 0x32, 0x33, 0x34, 0x35, 0x36, 0x36, 0x37, 0x38, 0x39, 0x39, 0x3a, 0x3a, 0x56, 0x55, 0x56, 0x56, 0xe5, 0xe5, 0xe6, 0xe7, 0xe7, 0xe7, 0xe9, 0xe9, 0xea, 0x8b, 0x8b, 0x8c, 0xf0, 0x95, 0x9a, 0xe5, 0xe8, 0xf4,
	0x86, 0x89, 0x8c, 0xf9, 0xfa, 0xfa, 0x55, 0xe3, 0xfd, 0xf4, 0x63, 0x03, 0xa6, 0xa7, 0x05, 0x06, 0x06, 0xac, 0xad, 0x08, 0x09, 0xb0, 0x0a, 0x0b, 0x0b, 0x0c, 0x0d, 0x0d, 0x0e, 0x0e, 0x0f, 0x0f, 0x10, 0x10, 0x11, 0x12, 0x12, 0x13, 0x14, 0x14,
	0x15, 0x16, 0x63, 0xa5, 0xa6, 0xa7, 0xa7, 0x27, 0xa9, 0x28, 0x29, 0x29, 0x2a, 0x2b, 0x2c, 0x2c, 0x2c, 0x2d, 0x2e, 0x2f, 0x2f, 0x31, 0x31, 0x32, 0xb3, 0xb4, 0xb4, 0xb5, 0xb6, 0xb7, 0xb7, 0xb8, 0xb9, 0xb9, 0x5e, 0x5f, 0x40, 0x40, 0x41, 0x42,
	0x42, 0x43, 0x44, 0x45, 0x45, 0x46, 0x46, 0x47, 0x48, 0x49, 0x63, 0x03, 0x03, 0xa6, 0x04, 0x05, 0x05, 0x58, 0x06, 0x06, 0x5a, 0x5b, 0x5b, 0x5c, 0x5c, 0x5d, 0x63, 0x03, 0xa6, 0xa7, 0x65, 0x66, 0x67, 0x67, 0x68, 0xad, 0x69, 0x6a, 0x6a, 0x6b,
	0x6c, 0x6d, 0x6d, 0x6e, 0x6f, 0x6f, 0x6f, 0x70, 0x70, 0x71, 0x71, 0x72, 0x73, 0x73, 0x73, 0x74, 0x74, 0x76, 0x63, 0xa5, 0x25, 0x26, 0x27, 0x27, 0x28, 0x29, 0x2a, 0x2b, 0x89, 0x8a, 0x8a, 0x8b, 0x8b, 0x8d, 0x90, 0x90, 0x90, 0x91, 0x92, 0x93,
	0x93, 0x94, 0x95, 0x95, 0x96, 0x97, 0x98, 0x98, 0x99, 0x9a, 0x63, 0xa5, 0x03, 0xa6, 0x04, 0xa7, 0x65, 0xa9, 0xa9, 0xaa, 0xab, 0xab, 0xac, 0xad, 0xad, 0xae, 0xaf, 0xaf, 0xb0, 0xb1, 0xb2, 0xb2, 0xb3, 0xb4, 0xb4, 0xb5, 0xb6, 0xb6, 0xb7, 0xb7,
	0xb8, 0xb9, 0x28, 0x29, 0x2a, 0x2b, 0x90, 0xc4, 0xc4, 0xc5, 0xc6, 0xc6, 0x32, 0x33, 0x34, 0x35, 0x36, 0x38, 0xc6, 0xc6, 0xc6, 0xc7, 0x33, 0x33, 0x34, 0x35, 0x36, 0x37, 0x37, 0x38, 0x39, 0x39, 0x3a, 0x3a, 0x56, 0x55, 0x56, 0xe4, 0xe5, 0xe5,
	0xe6, 0xe7, 0xe7, 0xe7, 0xe9, 0xe9, 0xea, 0xec, 0x8c, 0x8d, 0xf0, 0x95, 0x9b, 0xe5, 0xe8, 0xf4, 0x86, 0x89, 0x8c, 0xf9, 0xfa, 0xfa, 0x55, 0xe3, 0xfd, 0xf4, 0xa5, 0x03, 0x04, 0xa8, 0xa9, 0xaa, 0x07, 0x07, 0x08, 0xae, 0x09, 0xb0, 0xb1, 0x0b,
	0x0c, 0x0d, 0x0d, 0x0d, 0x0e, 0x0e, 0x0f, 0x0f, 0x10, 0x11, 0x11, 0x12, 0x12, 0x13, 0x14, 0x15, 0x15, 0x16, 0xa5, 0x03, 0xa6, 0x26, 0xa8, 0xa8, 0xa9, 0x29, 0x29, 0x2a, 0x2a, 0x2b, 0x2c, 0x2c, 0x2d, 0x2e, 0x2f, 0x2f, 0x30, 0x31, 0x31, 0x32,
	0x32, 0xb4, 0xb5, 0xb5, 0xb6, 0xb7, 0xb7, 0xb8, 0xb9, 0xba, 0x5f, 0x5f, 0x40, 0x40, 0x41, 0x42, 0x42, 0x43, 0x44, 0x45, 0x45, 0x46, 0x47, 0x47, 0x48, 0x49, 0xa5, 0x03, 0xa6, 0x04, 0x04, 0x05, 0x05, 0x06, 0x06, 0x06, 0x5b, 0x5b, 0x5c, 0x5c,
	0x5c, 0x5e, 0xa5, 0x03, 0xa6, 0xa8, 0x66, 0xa9, 0xaa, 0x68, 0xac, 0x69, 0xaf, 0x6a, 0x6b, 0x6b, 0x6c, 0x6d, 0x6e, 0x6e, 0x6f, 0x6f, 0x70, 0x70, 0x70, 0x71, 0x71, 0x72, 0x73, 0x73, 0x74, 0x74, 0x75, 0x76, 0xa5, 0x25, 0x26, 0x26, 0x27, 0x28,
	0x28, 0x29, 0x88, 0x2b, 0x2b, 0x8a, 0x8a, 0x8b, 0x8c, 0x8d, 0x90, 0x90, 0x91, 0x92, 0x92, 0x93, 0x94, 0x94, 0x95, 0x96, 0x96, 0x97, 0x98, 0x98, 0x99, 0x9a, 0xa5, 0x03, 0xa6, 0xa6, 0xa7, 0xa8, 0xa8, 0xa9, 0xaa, 0xab, 0xab, 0xac, 0xac, 0xad,
	0xae, 0xae, 0xaf, 0xb0, 0xb0, 0xb1, 0xb2, 0xb3, 0xb3, 0xb4, 0xb4, 0xb5, 0xb6, 0xb6, 0xb7, 0xb8, 0xb9, 0xb9, 0x28, 0x29, 0x2a, 0x90, 0x2d, 0x2e, 0xc5, 0xc5, 0xc6, 0x31, 0x32, 0x33, 0x34, 0x36, 0x37, 0x38, 0xc6, 0xc6, 0xc7, 0xc7, 0x33, 0x34,
	0x34, 0x35, 0x36, 0x37, 0x38, 0x38, 0x39, 0x39, 0x3a, 0x3a, 0x56, 0x56, 0x57, 0x57, 0xe5, 0xe5, 0xe6, 0xe7, 0xe7, 0xe9, 0xe9, 0xe9, 0xea, 0xec, 0x8c, 0x8d, 0xf0, 0x95, 0x9b, 0xe5, 0xe8, 0xf4, 0x86, 0x8a, 0x8d, 0xf9, 0xfa, 0xfa, 0x55, 0xe3,
	0xfd, 0xf4, 0x03, 0xa6, 0xa7, 0x05, 0xa9, 0x06, 0xac, 0xad, 0x08, 0xaf, 0x09, 0x0a, 0x0b, 0x0b, 0x0c, 0x0d, 0x0d, 0x0e, 0x0e, 0x0f, 0x0f, 0x10, 0x10, 0x11, 0x11, 0x12, 0x13, 0x14, 0x14, 0x15, 0x16, 0x17, 0x03, 0xa6, 0xa6, 0xa7, 0xa8, 0xa8,
	0xaa, 0x29, 0x29, 0x2a, 0x2a, 0x2c, 0x2c, 0x2d, 0x2d, 0x2e, 0x2f, 0x2f, 0x30, 0x31, 0x32, 0x32, 0xb4, 0xb5, 0xb5, 0xb6, 0xb6, 0xb7, 0xb7, 0xb8, 0xb9, 0xba, 0x5f, 0x5f, 0x40, 0x41, 0x42, 0x42, 0x43, 0x44, 0x45, 0x45, 0x46, 0x46, 0x47, 0x48,
	0x49, 0x49, 0x03, 0xa6, 0xa6, 0x04, 0x05, 0x05, 0x05, 0x06, 0x06, 0x07, 0x07, 0x5c, 0x5c, 0x5d, 0x5d, 0x5e, 0x03, 0xa6, 0x04, 0xa8, 0xa9, 0x67, 0x67, 0x68, 0xad, 0x69, 0x6a, 0x6a, 0x6b, 0x6c, 0x6c, 0x6d, 0x6e, 0x6e, 0x6f, 0x6f, 0x70, 0x70,
	0x71, 0x71, 0x72, 0x72, 0x73, 0x73, 0x74, 0x74, 0x75, 0x76, 0x03, 0xa6, 0x26, 0x27, 0x27, 0x28, 0x29, 0x2a, 0x2b, 0x2b, 0x2b, 0x8a, 0x8b, 0x8b, 0x8c, 0x8d, 0x90, 0x90, 0x91, 0x92, 0x93, 0x93, 0x94, 0x95, 0x95, 0x96, 0x96, 0x98, 0x98, 0x99,
	0x99, 0x9a, 0x03, 0xa6, 0xa6, 0xa7, 0xa8, 0xa8, 0xa9, 0xa9, 0xaa, 0xab, 0xac, 0xac, 0xad, 0xae, 0xae, 0xaf, 0xb0, 0xb0, 0xb1, 0xb1, 0xb2, 0xb3, 0xb3, 0xb4, 0xb5, 0xb5, 0xb6, 0xb6, 0xb7, 0xb8, 0xb9, 0xb9, 0x28, 0x2a, 0x2b, 0x2c, 0x90, 0x2e,
	0xc5, 0xc5, 0xc6, 0x31, 0x33, 0x34, 0x35, 0x36, 0x37, 0x38, 0xc6, 0xc7, 0xc7, 0x32, 0x33, 0x34, 0x35, 0x35, 0x36, 0x37, 0x38, 0x39, 0x39, 0x3a, 0x3a, 0x3a, 0x57, 0x56, 0x57, 0x57, 0xe5, 0xe6, 0xe6, 0xe7, 0xe7, 0xe9, 0xe9, 0xe9, 0xec, 0xec,
	0x8c, 0x8d, 0xf0, 0x95, 0x9c, 0xe6, 0xe8, 0xf4, 0x87, 0x8a, 0x8d, 0xf9, 0xfa, 0xfa, 0x56, 0xe3, 0xfd, 0xf4, 0xa6, 0xa6, 0xa8, 0xa9, 0xaa, 0x06, 0x07, 0xad, 0xaf, 0x09, 0xb0, 0x0a, 0x0b, 0x0c, 0x0c, 0x0d, 0x0d, 0x0e, 0x0e, 0x0f, 0x0f, 0x10,
	0x11, 0x11, 0x12, 0x12, 0x14, 0x14, 0x15, 0x15, 0x16, 0x17, 0xa6, 0xa6, 0xa7, 0xa8, 0xa8, 0xa9, 0xaa, 0x29, 0x2a, 0x2a, 0xad, 0x2c, 0x2c, 0x2d, 0x2e, 0x2f, 0x2f, 0x30, 0x31, 0x31, 0x32, 0x32, 0xb4, 0xb5, 0xb5, 0xb6, 0xb7, 0xb7, 0xb8, 0xb9,
	0xb9, 0xba, 0x5f, 0x40, 0x41, 0x41, 0x42, 0x42, 0x44, 0x44, 0x45, 0x45, 0x46, 0x46, 0x47, 0x48, 0x49, 0x4a, 0xa6, 0xa6, 0x04, 0x05, 0x05, 0x05, 0x06, 0x06, 0x07, 0x07, 0x5b, 0x08, 0x5c, 0x5d, 0x5e, 0x5f, 0xa6, 0xa6, 0xa7, 0xa8, 0xa9, 0xaa,
	0x68, 0xac, 0xad, 0x69, 0x6a, 0x6b, 0x6b, 0x6c, 0x6d, 0x6e, 0x6e, 0x6f, 0x6f, 0x70, 0x70, 0x71, 0x71, 0x71, 0x72, 0x73, 0x73, 0x74, 0x74, 0x75, 0x76, 0x76, 0xa6, 0xa7, 0x26, 0x27, 0x28, 0x28, 0x29, 0x2a, 0x2b, 0x2b, 0x2d, 0xc4, 0x8b, 0x8b,
	0x8d, 0x8d, 0x90, 0x91, 0x91, 0x92, 0x93, 0x93, 0x94, 0x95, 0x95, 0x96, 0x97, 0x98, 0x98, 0x99, 0x9a, 0x9a, 0xa6, 0xa6, 0x04, 0xa8, 0xa8, 0xa9, 0xa9, 0xaa, 0xab, 0xac, 0xac, 0xac, 0xae, 0xae, 0xaf, 0xaf, 0xb0, 0xb0, 0xb1, 0xb2, 0xb3, 0xb3,
	0xb4, 0xb4, 0xb5, 0xb6, 0xb6, 0xb7, 0xb8, 0xb8, 0xb9, 0xba, 0x29, 0x2a, 0x2b, 0x90, 0x2d, 0x2f, 0x2f, 0x30, 0xc6, 0x32, 0x33, 0x34, 0x35, 0x36, 0x37, 0x38, 0xc7, 0xc7, 0xc7, 0x33, 0x33, 0x34, 0x35, 0x36, 0x37, 0x37, 0x38, 0x39, 0x39, 0x3a,
	0x3a, 0x3b, 0x57, 0x57, 0x57, 0x58, 0xe5, 0xe6, 0xe6, 0xe7, 0xe7, 0xe9, 0xe9, 0xea, 0xec, 0xec, 0x8d, 0x8d, 0x69, 0x96, 0x9c, 0xe6, 0xe9, 0xf4, 0x87, 0x8a, 0x8d, 0xf9, 0xfa, 0xfa, 0x56, 0xe3, 0xfd, 0xf4, 0xa6, 0x04, 0xa8, 0xa9, 0xab, 0x07,
	0xad, 0xad, 0xaf, 0x09, 0x0a, 0xb1, 0x0b, 0x0c, 0xb3, 0x0d, 0x0e, 0x0e, 0x0f, 0x0f, 0x10, 0x10, 0x11, 0x12, 0x12, 0x13, 0x14, 0x15, 0x15, 0x16, 0x17, 0x18, 0xa6, 0xa7, 0xa7, 0xa8, 0xa9, 0xaa, 0xaa, 0x2a, 0x2a, 0xad, 0x2c, 0x2c, 0x2d, 0x2d,
	0x2e, 0x2f, 0x30, 0x31, 0x31, 0x32, 0x32, 0x33, 0xb4, 0xb5, 0xb6, 0xb6, 0xb7, 0x37, 0xb8, 0xb9, 0xba, 0xba, 0x40, 0x40, 0x41, 0x42, 0x42, 0x43, 0x44, 0x44, 0x45, 0x46, 0x46, 0x47, 0x48, 0x48, 0x49, 0x4a, 0xa6, 0x04, 0x04, 0x05, 0x05, 0x05,
	0x06, 0x07, 0x07, 0x07, 0x08, 0x08, 0x08, 0x5e, 0x5e, 0x5f, 0xa6, 0x04, 0xa8, 0xa9, 0x67, 0x67, 0x68, 0xad, 0x69, 0x6a, 0x6a, 0x6b, 0x6c, 0x6c, 0x6d, 0x6e, 0x6e, 0x6f, 0x70, 0x70, 0x71, 0x71, 0x71, 0x72, 0x72, 0x73, 0x74, 0x74, 0x75, 0x76,
	0x76, 0x78, 0xa6, 0x26, 0x27, 0x27, 0x28, 0x29, 0x2a, 0x2b, 0x2b, 0x2c, 0x2d, 0xc4, 0xc5, 0xc5, 0x8d, 0xed, 0x90, 0x91, 0x92, 0x93, 0x93, 0x94, 0x94, 0x95, 0x96, 0x96, 0x98, 0x98, 0x98, 0x99, 0x9a, 0x9a, 0xa6, 0xa7, 0xa7, 0xa8, 0xa8, 0xa9,
	0xaa, 0xab, 0xab, 0xac, 0xac, 0xad, 0xae, 0xae, 0xaf, 0xb0, 0xb0, 0xb1, 0xb1, 0xb2, 0xb3, 0xb3, 0xb4, 0xb5, 0xb5, 0xb6, 0xb6, 0xb7, 0xb8, 0xb9, 0xb9, 0xba, 0x29, 0x2a, 0x2b, 0x90, 0x2e, 0x2f, 0x30, 0x30, 0xc7, 0x32, 0x33, 0x34, 0x35, 0x36,
	0x37, 0x39, 0xc7, 0xc7, 0xc7, 0xc9, 0x34, 0x34, 0x35, 0x36, 0x37, 0x38, 0x39, 0x39, 0x3a, 0x3a, 0x3b, 0x3c, 0x57, 0x57, 0x58, 0x58, 0xe5, 0xe6, 0xe7, 0xe7, 0xe9, 0xe9, 0xe9, 0xea, 0xec, 0xec, 0x8d, 0xed, 0x69, 0x96, 0x9c, 0xe6, 0xe9, 0xf4,
	0x87, 0x8a, 0x8d, 0xf0, 0xfa, 0xfa, 0x56, 0xe5, 0xfd, 0xf4, 0xa7, 0xa7, 0x05, 0xaa, 0xab, 0xac, 0xad, 0x08, 0x09, 0xb0, 0xb1, 0x0b, 0x0c, 0xb3, 0x0d, 0x0e, 0x0e, 0x0e, 0x0f, 0x10, 0x10, 0x11, 0x11, 0x12, 0x12, 0x14, 0x14, 0x15, 0x15, 0x16,
	0x17, 0x18, 0xa7, 0xa7, 0xa8, 0xa9, 0xaa, 0xaa, 0xab, 0x2a, 0xac, 0xad, 0x2c, 0x2d, 0x2d, 0x2e, 0x2f, 0x2f, 0x30, 0x31, 0x32, 0x32, 0x33, 0x33, 0x34, 0x35, 0x36, 0xb7, 0xb7, 0xb8, 0x38, 0xb9, 0xba, 0xbb, 0x40, 0x41, 0x41, 0x42, 0x42, 0x44,
	0x44, 0x45, 0x46, 0x46, 0x46, 0x47, 0x48, 0x49, 0x4a, 0x14, 0xa7, 0xa7, 0x05, 0x05, 0xa9, 0x06, 0x06, 0x07, 0x07, 0x08, 0x08, 0x08, 0x08, 0x0a, 0x5e, 0x40, 0xa7, 0xa7, 0xa8, 0xa9, 0xaa, 0x68, 0xac, 0xad, 0xaf, 0x6a, 0x6b, 0x6b, 0x6c, 0x6d,
	0x6d, 0x6e, 0x6f, 0x6f, 0x70, 0x70, 0x71, 0x71, 0x72, 0x73, 0x73, 0x73, 0x74, 0x74, 0x76, 0x76, 0x77, 0x78, 0xa7, 0xa8, 0xa8, 0x28, 0x28, 0x29, 0x2b, 0x2b, 0x2b, 0x2d, 0x2e, 0x2e, 0xc5, 0xc5, 0xed, 0xc7, 0x90, 0x91, 0x92, 0x93, 0x94, 0x94,
	0x95, 0x95, 0x96, 0x97, 0x98, 0x98, 0x99, 0x99, 0x9a, 0x9b, 0xa7, 0xa7, 0xa8, 0xa8, 0xa9, 0xa9, 0xab, 0xab, 0xac, 0xac, 0xad, 0xae, 0xae, 0xaf, 0xaf, 0xb0, 0xb1, 0xb1, 0xb2, 0xb3, 0xb3, 0xb4, 0xb4, 0xb5, 0xb6, 0xb6, 0xb7, 0xb8, 0xb8, 0xb9,
	0xba, 0xba, 0x29, 0x2b, 0x90, 0x2d, 0x2f, 0x2f, 0x30, 0x31, 0xc7, 0x33, 0x34, 0x35, 0x36, 0x37, 0x38, 0x39, 0xc7, 0xc7, 0xc9, 0xc9, 0x34, 0x35, 0xcb, 0x37, 0x37, 0x38, 0x39, 0x3a, 0x3a, 0x3a, 0x3b, 0x3c, 0x58, 0x58, 0x58, 0x58, 0xe6, 0xab,
	0xe7, 0xe7, 0xe9, 0xe9, 0xe9, 0xea, 0xec, 0xec, 0xed, 0xc7, 0x69, 0x96, 0x9c, 0xe6, 0xe9, 0xf4, 0x87, 0x8b, 0xee, 0x68, 0xfa, 0xfa, 0x57, 0xe5, 0xfd, 0xf4, 0xa7, 0xa8, 0xa9, 0x06, 0xab, 0xac, 0xae, 0xaf, 0x09, 0x0a, 0xb1, 0x0b, 0x0c, 0xb3,
	0x0d, 0x0e, 0x0e, 0x0f, 0x0f, 0x10, 0x11, 0x11, 0x12, 0x12, 0x13, 0x14, 0x15, 0x15, 0x16, 0x17, 0x17, 0x18, 0xa7, 0xa8, 0xa8, 0xa9, 0xaa, 0xaa, 0xab, 0xac, 0xad, 0xae, 0x90, 0x2d, 0x2e, 0x2e, 0x2f, 0x30, 0x31, 0x31, 0x32, 0x33, 0x33, 0x34,
	0xb5, 0x35, 0xb6, 0xb7, 0xb8, 0x38, 0xb9, 0xba, 0xba, 0xbb, 0x41, 0x41, 0x0c, 0x42, 0x43, 0x44, 0x44, 0x45, 0x46, 0x46, 0x47, 0x48, 0x48, 0x49, 0x4a, 0x4b, 0xa7, 0xa8, 0x05, 0xa9, 0x06, 0x06, 0x06, 0x07, 0x07, 0x08, 0x08, 0x08, 0x09, 0x0a,
	0x5f, 0x40, 0xa7, 0xa8, 0xa9, 0xaa, 0x67, 0xac, 0xad, 0xae, 0xaf, 0x6a, 0x6b, 0x6c, 0x6c, 0x6d, 0x6e, 0x6f, 0x6f, 0x70, 0x70, 0x71, 0x71, 0x72, 0x72, 0x73, 0x74, 0x74, 0x74, 0x75, 0x76, 0x77, 0x78, 0x78, 0xa7, 0xa8, 0xa8, 0x28, 0x29, 0x2a,
	0x2b, 0x2b, 0x2c, 0x2d, 0x2e, 0x2f, 0xc5, 0xc6, 0xc6, 0xc7, 0xb0, 0x92, 0x92, 0x93, 0x94, 0x94, 0x95, 0x96, 0x96, 0x97, 0x98, 0x98, 0x99, 0x9a, 0x9a, 0x9b, 0xa7, 0xa8, 0xa8, 0xa9, 0xa9, 0xaa, 0xab, 0xab, 0xac, 0xad, 0xae, 0xae, 0xaf, 0xaf,
	0xb0, 0xb0, 0xb1, 0xb1, 0xb2, 0xb3, 0xb3, 0xb4, 0xb5, 0xb5, 0xb6, 0xb6, 0xb7, 0xb8, 0xb9, 0xb9, 0xba, 0xbb, 0x2a, 0x2b, 0x90, 0x2e, 0x2f, 0x30, 0x30, 0x31, 0xc7, 0x33, 0x34, 0x35, 0x36, 0x37, 0x38, 0x39, 0xc7, 0xc7, 0xc9, 0x34, 0xca, 0xca,
	0xcb, 0x37, 0x38, 0x39, 0x39, 0x3a, 0x3a, 0x3b, 0x3c, 0x3c, 0x58, 0x58, 0x58, 0x58, 0xe6, 0xe6, 0xe7, 0xe9, 0xe9, 0xe9, 0xe9, 0xea, 0xec, 0xec, 0xc7, 0xc7, 0x6a, 0x97, 0x9c, 0xe6, 0xe9, 0xf4, 0x2b, 0x8b, 0xee, 0x68, 0xfa, 0xfa, 0x58, 0x5a,
	0xfd, 0xf4, 0xa8, 0xa8, 0xa9, 0xab, 0xac, 0xad, 0xae, 0xaf, 0xb0, 0xb1, 0x0b, 0xb2, 0xb3, 0x0d, 0x0e, 0xb5, 0x0e, 0x0f, 0x10, 0x11, 0x11, 0x12, 0x12, 0x13, 0x14, 0x15, 0x15, 0x16, 0x16, 0x17, 0x18, 0x19, 0xa8, 0xa8, 0xa9, 0xaa, 0xaa, 0xab,
	0xac, 0xad, 0x2c, 0x90, 0x2d, 0x2e, 0x2e, 0x2f, 0x30, 0x30, 0x31, 0x32, 0x32, 0x33, 0x34, 0x34, 0x35, 0x36, 0xb7, 0x37, 0x38, 0x38, 0x39, 0xba, 0xbb, 0xbb, 0x41, 0x42, 0x0c, 0x42, 0x0d, 0x44, 0x45, 0x45, 0x46, 0x47, 0x11, 0x48, 0x49, 0x14,
	0x14, 0x4b, 0xa8, 0xa8, 0xa9, 0xa9, 0x06, 0x06, 0x07, 0x07, 0x08, 0x08, 0x08, 0x09, 0x0a, 0x0a, 0x0a, 0x40, 0xa8, 0xa8, 0xa9, 0xaa, 0x68, 0xac, 0xad, 0xaf, 0xaf, 0x6b, 0x6b, 0x6c, 0x6d, 0x6d, 0x6e, 0x6f, 0x6f, 0x70, 0x70, 0x71, 0x72, 0x72,
	0x73, 0x73, 0x74, 0x75, 0x75, 0x76, 0x76, 0x77, 0x78, 0x79, 0xa8, 0xa8, 0xa9, 0x29, 0x29, 0x2a, 0x2b, 0x2c, 0x2d, 0x2e, 0x2e, 0x2f, 0xc5, 0xc6, 0xc7, 0xd1, 0x6b, 0x92, 0x93, 0x94, 0x94, 0x95, 0x95, 0x96, 0x96, 0x98, 0x98, 0x99, 0x99, 0x9a,
	0x9b, 0x9b, 0xa8, 0xa8, 0xa9, 0xa9, 0xaa, 0xab, 0xab, 0xac, 0xac, 0xae, 0xae, 0xae, 0xaf, 0xb0, 0xb0, 0xb1, 0xb1, 0xb2, 0xb3, 0xb3, 0xb4, 0xb5, 0xb5, 0xb6, 0xb6, 0xb7, 0xb8, 0xb9, 0xb9, 0xba, 0xba, 0xbb, 0x2a, 0x90, 0x90, 0x2e, 0x2f, 0x30,
	0x31, 0x31, 0x33, 0x33, 0x34, 0x35, 0x36, 0x37, 0x39, 0x3a, 0xc7, 0xc7, 0xc9, 0xca, 0xca, 0xcb, 0xcb, 0xcc, 0x38, 0x39, 0x3a, 0x3a, 0x3b, 0x3c, 0x3c, 0x3d, 0x06, 0x58, 0x06, 0x5a, 0xab, 0xae, 0xae, 0xe9, 0xe9, 0xe9, 0xea, 0xea, 0xec, 0x30,
	0xc7, 0xd1, 0x6a, 0x97, 0x9d, 0xe6, 0xea, 0xff, 0x88, 0x8b, 0xee, 0x69, 0xfa, 0xfa, 0x58, 0x5a, 0xe5, 0xff, 0xa8, 0xa9, 0xaa, 0xab, 0xac, 0xad, 0xaf, 0x09, 0x0a, 0xb1, 0x0b, 0x0c, 0x0d, 0x0d, 0x0e, 0xb6, 0x0f, 0x0f, 0x11, 0x11, 0x11, 0x12,
	0x13, 0x13, 0x14, 0x15, 0x16, 0x16, 0x17, 0x17, 0x18, 0x19, 0xa8, 0xa9, 0xa9, 0xaa, 0xab, 0xab, 0xac, 0xad, 0xae, 0x2d, 0xaf, 0x2e, 0x2f, 0x30, 0x30, 0x31, 0x31, 0x32, 0x33, 0x33, 0x34, 0x35, 0x35, 0x36, 0xb7, 0x37, 0x38, 0xb9, 0x39, 0xba,
	0xbb, 0x3c, 0x41, 0x0c, 0x42, 0x44, 0x44, 0x0e, 0x45, 0x46, 0x46, 0x47, 0x12, 0x12, 0x49, 0x4a, 0x15, 0x4b, 0xa8, 0xa9, 0xa9, 0x06, 0x06, 0x07, 0x07, 0x08, 0x08, 0x08, 0x08, 0x0a, 0x0a, 0x0a, 0x0a, 0x41, 0xa8, 0xa9, 0xaa, 0xab, 0xac, 0xad,
	0xae, 0xaf, 0xb0, 0x6b, 0x6c, 0x6c, 0x6d, 0x6e, 0x6e, 0x6f, 0x6f, 0x70, 0x71, 0x71, 0x72, 0x72, 0x73, 0x74, 0x74, 0x75, 0x76, 0x76, 0x77, 0x78, 0x78, 0x79, 0xa8, 0xa9, 0xaa, 0x29, 0x2a, 0x2b, 0x2b, 0x2c, 0x2d, 0x2e, 0x2e, 0x2f, 0x2f, 0xc6,
	0xc7, 0xd1, 0x2f, 0x6c, 0x93, 0x94, 0x94, 0x95, 0x95, 0x96, 0x97, 0x98, 0x98, 0x99, 0x9a, 0x9a, 0x9b, 0x9c, 0xa8, 0xa9, 0xa9, 0xaa, 0xab, 0xab, 0xac, 0xac, 0xad, 0xae, 0xae, 0xaf, 0xb0, 0xb0, 0xb0, 0xb1, 0xb2, 0xb2, 0xb3, 0xb3, 0xb4, 0xb5,
	0xb6, 0xb6, 0xb6, 0xb7, 0xb8, 0xb9, 0xb9, 0xba, 0xbb, 0xbb, 0xac, 0x90, 0x2d, 0x2e, 0x2f, 0x30, 0x31, 0x32, 0xc9, 0x34, 0x34, 0x36, 0x37, 0x38, 0x39, 0x3a, 0xd1, 0xc9, 0xc9, 0xca, 0xca, 0xcb, 0xcb, 0xcc, 0xcc, 0x39, 0x3a, 0x3a, 0x3c, 0x3c,
	0x3c, 0x3d, 0x06, 0x59, 0x5a, 0x5a, 0xe6, 0xae, 0xae, 0xe9, 0xe9, 0xe9, 0xea, 0xec, 0x30, 0xed, 0xc7, 0xd1, 0x6a, 0x98, 0x9d, 0xe7, 0xea, 0xff, 0x2b, 0x8b, 0xee, 0x69, 0xfa, 0xfb, 0x58, 0x5a, 0x5c, 0xff, 0xa9, 0xa9, 0xab, 0xac, 0xad, 0xae,
	0xaf, 0x09, 0x0a, 0x0b, 0xb2, 0xb3, 0x0d, 0x0e, 0x0e, 0x0f, 0x0f, 0x10, 0x11, 0x11, 0x12, 0x12, 0x13, 0x14, 0x15, 0x15, 0x16, 0x17, 0x17, 0x18, 0x19, 0x19, 0xa9, 0xa9, 0xaa, 0xab, 0xab, 0xac, 0xad, 0xae, 0xae, 0xaf, 0xaf, 0x2e, 0xb1, 0x30,
	0x30, 0x31, 0x32, 0x32, 0x33, 0x34, 0x34, 0x35, 0x36, 0x36, 0x37, 0xb8, 0x38, 0x39, 0xba, 0xbb, 0xbb, 0x3c, 0x0c, 0x0c, 0x0d, 0x44, 0x44, 0x45, 0x0f, 0x46, 0x47, 0x48, 0x48, 0x13, 0x14, 0x14, 0x4b, 0x16, 0xa9, 0xa9, 0x06, 0x06, 0x07, 0x07,
	0x07, 0x08, 0x08, 0x08, 0x09, 0x0a, 0x0a, 0x0a, 0x40, 0x41, 0xa9, 0xa9, 0xab, 0xab, 0xac, 0xad, 0xaf, 0xaf, 0xb0, 0x6b, 0x6c, 0x6d, 0x6d, 0x6e, 0x6f, 0x6f, 0x70, 0x70, 0x71, 0x72, 0x72, 0x73, 0x73, 0x74, 0x75, 0x76, 0x76, 0x77, 0x77, 0x78,
	0x79, 0x79, 0xa9, 0xaa, 0xaa, 0x29, 0x2a, 0x2b, 0x2c, 0x2d, 0x2e, 0x2e, 0x2f, 0x2f, 0x30, 0xc6, 0xc7, 0xd1, 0xb1, 0x6c, 0x93, 0x94, 0x95, 0x95, 0x96, 0x97, 0x98, 0x98, 0x99, 0x99, 0x9a, 0x9a, 0x9b, 0x9c, 0xa9, 0xa9, 0xaa, 0xab, 0xab, 0xac,
	0xac, 0xad, 0xae, 0xae, 0xaf, 0xaf, 0xb0, 0xb0, 0xb1, 0xb1, 0xb2, 0xb3, 0xb3, 0xb4, 0xb5, 0xb5, 0xb6, 0xb6, 0xb7, 0xb8, 0xb9, 0xb9, 0xba, 0xba, 0xbb, 0xbc, 0xad, 0x90, 0x2e, 0x2f, 0x30, 0x31, 0x32, 0x32, 0xc9, 0x34, 0x35, 0x36, 0x37, 0x38,
	0x39, 0x3b, 0xd1, 0xc9, 0xca, 0xca, 0xcb, 0xcb, 0xcb, 0xcc, 0x39, 0x39, 0x3a, 0x3b, 0x3c, 0x3c, 0x3d, 0x3d, 0x06, 0x59, 0x5a, 0x5a, 0xae, 0xae, 0xae, 0xe9, 0xe9, 0xe9, 0xea, 0xec, 0xec, 0x30, 0xc7, 0xd1, 0x6b, 0x98, 0x9d, 0x2b, 0xea, 0xff,
	0x2b, 0x8c, 0xee, 0x69, 0xfa, 0xfb, 0x59, 0x5a, 0x5c, 0xff, 0xa9, 0xaa, 0xab, 0xac, 0xae, 0xae, 0x09, 0xb0, 0xb1, 0xb2, 0xb2, 0xb3, 0x0d, 0x0e, 0xb5, 0x0f, 0x10, 0x11, 0xb8, 0x12, 0x12, 0x13, 0x14, 0x14, 0x15, 0x16, 0x16, 0x17, 0x17, 0x19,
	0x19, 0x1a, 0xa9, 0xaa, 0xaa, 0xab, 0xac, 0xac, 0xae, 0xae, 0xaf, 0xaf, 0x2e, 0x2f, 0x30, 0x30, 0x31, 0x31, 0x32, 0x33, 0x33, 0x34, 0x35, 0x35, 0x36, 0x37, 0x37, 0x38, 0x39, 0x39, 0xba, 0xbb, 0xbb, 0x3c, 0x0c, 0x0d, 0x0d, 0x44, 0x45, 0x45,
	0x0f, 0x46, 0x11, 0x12, 0x12, 0x13, 0x14, 0x15, 0x4b, 0x4c, 0xa9, 0xaa, 0x06, 0xab, 0x07, 0x07, 0x08, 0x08, 0x09, 0x09, 0x09, 0x0a, 0x0a, 0x0b, 0x0b, 0x0c, 0xa9, 0xaa, 0xab, 0xac, 0xad, 0xae, 0xaf, 0xb0, 0xb0, 0x6c, 0xb2, 0x6d, 0xb3, 0x6e,
	0x6f, 0x70, 0x70, 0x71, 0x71, 0x72, 0x73, 0x73, 0x74, 0x75, 0x75, 0x76, 0x77, 0x77, 0x78, 0x78, 0x79, 0x79, 0xa9, 0xaa, 0xab, 0x2a, 0x2b, 0x2b, 0x2c, 0x2d, 0x2e, 0x2f, 0x2f, 0x2f, 0xc6, 0xc7, 0xd1, 0xd1, 0xb1, 0x6d, 0x31, 0x94, 0x95, 0x95,
	0x96, 0x98, 0x98, 0x98, 0x99, 0x99, 0x9a, 0x9b, 0x9c, 0x9c, 0xa9, 0xaa, 0xab, 0xab, 0xac, 0xac, 0xad, 0xae, 0xae, 0xaf, 0xaf, 0xb0, 0xb0, 0xb0, 0xb1, 0xb2, 0xb2, 0xb3, 0xb4, 0xb4, 0xb5, 0xb6, 0xb6, 0xb7, 0xb7, 0xb8, 0xb9, 0xba, 0xba, 0xbb,
	0xbb, 0xbc, 0xad, 0x90, 0x2e, 0x2f, 0x30, 0x31, 0x32, 0x33, 0xc9, 0xca, 0xcb, 0x36, 0x37, 0x39, 0x39, 0x3b, 0xd2, 0xc9, 0xca, 0xca, 0xcb, 0xcb, 0xcc, 0xcc, 0xcd, 0x3a, 0x3b, 0x3c, 0x3c, 0x3d, 0x3d, 0x3d, 0x07, 0x5a, 0x07, 0x5b, 0xae, 0xae,
	0xaf, 0xe9, 0xe9, 0x30, 0x30, 0xec, 0x30, 0x30, 0xd1, 0xd1, 0x6b, 0x98, 0x9d, 0xe7, 0xea, 0xff, 0x2b, 0x8c, 0xef, 0x69, 0xfa, 0xfb, 0x59, 0x5a, 0x5c, 0xff, 0xaa, 0xab, 0xac, 0xad, 0xae, 0xaf, 0x09, 0x0a, 0x0b, 0xb2, 0x0c, 0xb3, 0x0d, 0x0e,
	0x0f, 0x10, 0x10, 0x11, 0x12, 0x12, 0x12, 0x13, 0x14, 0x15, 0x15, 0x16, 0x17, 0x17, 0x18, 0x19, 0x19, 0x1b, 0xaa, 0xab, 0xab, 0xac, 0xac, 0xad, 0xae, 0xae, 0xaf, 0xaf, 0xb0, 0xb1, 0xb1, 0x31, 0x31, 0x32, 0x32, 0x33, 0x34, 0x34, 0x35, 0x36,
	0x36, 0x37, 0x37, 0x38, 0x39, 0xba, 0x3a, 0xbb, 0x3c, 0x3d, 0x0c, 0x0d, 0x44, 0x44, 0x45, 0x0f, 0x46, 0x47, 0x48, 0x48, 0x13, 0x13, 0x14, 0x4b, 0x16, 0x4c, 0xaa, 0xab, 0x06, 0x07, 0x07, 0x07, 0x08, 0x08, 0x09, 0x09, 0x0a, 0x0a, 0x0a, 0x0b,
	0x0b, 0x0c, 0xaa, 0xab, 0xab, 0xac, 0xad, 0xaf, 0xaf, 0xb0, 0x6b, 0x6c, 0x6d, 0x6d, 0x6e, 0x6f, 0x6f, 0x70, 0x70, 0x71, 0x72, 0x72, 0x73, 0x73, 0x74, 0x75, 0x76, 0x76, 0x77, 0x77, 0x78, 0x79, 0x79, 0x7b, 0xaa, 0xaa, 0xab, 0x2a, 0x2b, 0x2c,
	0x2d, 0x2d, 0x2e, 0x2f, 0x2f, 0x30, 0xc7, 0xc7, 0xc7, 0xd2, 0x30, 0x6d, 0x94, 0x95, 0x95, 0x96, 0x96, 0x98, 0x98, 0x98, 0x99, 0x9a, 0x9a, 0x9b, 0x9c, 0x9d, 0xaa, 0xab, 0xab, 0xab, 0xac, 0xac, 0xad, 0xae, 0xae, 0xaf, 0xb0, 0xb0, 0xb0, 0xb1,
	0xb1, 0xb2, 0xb3, 0xb3, 0xb4, 0xb4, 0xb5, 0xb6, 0xb6, 0xb7, 0xb8, 0xb9, 0xb9, 0xba, 0xba, 0xbb, 0xbb, 0xbd, 0xae, 0x90, 0x2f, 0x2f, 0x31, 0x31, 0x32, 0x33, 0xc9, 0xca, 0xcb, 0xcb, 0x37, 0x39, 0x39, 0x3b, 0xd2, 0xc9, 0xca, 0xca, 0xcb, 0xcb,
	0xcc, 0xcc, 0xcd, 0xcd, 0x3b, 0x3c, 0x3d, 0x3d, 0x3d, 0x3e, 0x07, 0x5a, 0x07, 0x07, 0xae, 0xae, 0xaf, 0x2e, 0xe9, 0x30, 0x30, 0xec, 0x30, 0x30, 0xd1, 0xd2, 0x6b, 0x98, 0x9e, 0x2b, 0xea, 0xff, 0x2c, 0xed, 0xef, 0x69, 0xfa, 0xfb, 0x5a, 0x5c,
	0x5d, 0xff, 0xab, 0xab, 0xac, 0xad, 0xae, 0x09, 0xb0, 0xb1, 0x0b, 0x0c, 0xb3, 0x0d, 0x0e, 0xb5, 0x0f, 0x10, 0x11, 0x11, 0x12, 0x12, 0x13, 0x14, 0x14, 0x15, 0x16, 0x17, 0x17, 0x18, 0x18, 0x19, 0x1a, 0x1b, 0xab, 0xab, 0xab, 0xac, 0xad, 0xad,
	0xae, 0xaf, 0xaf, 0xb0, 0xb1, 0x30, 0x31, 0x31, 0x31, 0x32, 0x33, 0x33, 0x34, 0x35, 0x36, 0x36, 0x37, 0x37, 0x38, 0x38, 0xba, 0x3a, 0xbb, 0x3b, 0x3c, 0x3d, 0x0d, 0x0d, 0x44, 0x45, 0x45, 0x46, 0x10, 0x47, 0x48, 0x49, 0x49, 0x14, 0x15, 0x4b,
	0x4c, 0x18, 0xab, 0xab, 0x07, 0x07, 0x07, 0x08, 0x08, 0x09, 0x09, 0x09, 0x0a, 0x0a, 0x0b, 0x0b, 0x41, 0x0c, 0xab, 0xab, 0xac, 0xad, 0xae, 0xaf, 0xb0, 0xb0, 0xb1, 0x6c, 0x6d, 0xb3, 0xb3, 0x6f, 0x6f, 0x70, 0x71, 0x71, 0x72, 0x73, 0x73, 0x74,
	0x75, 0x75, 0x76, 0x77, 0x77, 0x78, 0x78, 0x79, 0x7a, 0x7b, 0xab, 0xab, 0xab, 0x2a, 0x2b, 0x2c, 0x2d, 0x2e, 0x2f, 0x2f, 0x30, 0x30, 0xc7, 0xc7, 0xd1, 0xd2, 0xb2, 0x6d, 0x32, 0x33, 0x34, 0x70, 0x97, 0x98, 0x98, 0x99, 0x99, 0x9a, 0x9a, 0x9b,
	0x9c, 0x9d, 0xab, 0xab, 0xab, 0xac, 0xac, 0xad, 0xae, 0xae, 0xaf, 0xaf, 0xb0, 0xb0, 0xb1, 0xb1, 0xb2, 0xb2, 0xb3, 0xb3, 0xb4, 0xb5, 0xb6, 0xb6, 0xb7, 0xb8, 0xb8, 0xb9, 0xb9, 0xba, 0xbb, 0xbb, 0xbc, 0xbd, 0xae, 0x90, 0x2f, 0x30, 0x31, 0x32,
	0x33, 0x33, 0xca, 0xca, 0xcb, 0x37, 0x38, 0x39, 0x3a, 0xbc, 0xd2, 0xc9, 0xca, 0xca, 0xcb, 0xcc, 0xcc, 0xcd, 0xcd, 0x3a, 0x3b, 0x3c, 0x3d, 0x3d, 0x3e, 0x3e, 0x07, 0x07, 0x5b, 0x5c, 0xae, 0xae, 0xb0, 0xb0, 0x30, 0x30, 0x30, 0xec, 0x32, 0x32,
	0xd2, 0xd2, 0x6b, 0x98, 0x9e, 0xae, 0xea, 0xff, 0x2c, 0xed, 0xef, 0x6a, 0xfa, 0xfb, 0x5a, 0x5c, 0x5e, 0xff, 0xab, 0xab, 0xac, 0xae, 0xaf, 0x09, 0x0a, 0xb1, 0x0b, 0x0c, 0xb3, 0xb4, 0x0e, 0x0f, 0x0f, 0x11, 0x11, 0x12, 0xb9, 0x13, 0x14, 0x14,
	0x15, 0x15, 0x16, 0x17, 0x17, 0x18, 0x19, 0x1a, 0x1b, 0x1b, 0xab, 0xab, 0xac, 0xad, 0xad, 0xae, 0xaf, 0xaf, 0xb0, 0xb0, 0xb1, 0x30, 0x31, 0x31, 0x32, 0x32, 0x33, 0x34, 0x34, 0x35, 0x36, 0x36, 0x37, 0x38, 0x38, 0x39, 0x3a, 0x3a, 0xbb, 0x3c,
	0xbd, 0x3d, 0x0d, 0x0e, 0x0e, 0x45, 0x0f, 0x46, 0x11, 0x48, 0x49, 0x13, 0x13, 0x14, 0x4b, 0x16, 0x17, 0x18, 0xab, 0xab, 0x07, 0xac, 0x08, 0x08, 0x08, 0x09, 0x0a, 0x0a, 0x0a, 0x0b, 0x0b, 0x0c, 0x0c, 0x0c, 0xab, 0xab, 0xac, 0xae, 0xaf, 0xaf,
	0xb0, 0xb1, 0xb1, 0x6d, 0xb3, 0x6e, 0xb4, 0x6f, 0x70, 0x71, 0x71, 0x72, 0x73, 0x73, 0x74, 0x74, 0x76, 0x76, 0x76, 0x77, 0x78, 0x78, 0x79, 0x79, 0x7b, 0x7b, 0xab, 0xab, 0xac, 0x2b, 0x2c, 0x2d, 0x2e, 0x2e, 0x2f, 0x2f, 0x30, 0x30, 0xc7, 0xc7,
	0xd2, 0xd2, 0xb2, 0x6e, 0x32, 0x33, 0x34, 0x96, 0x98, 0x98, 0x98, 0x99, 0x9a, 0x9a, 0x9b, 0x9b, 0x9c, 0x9d, 0xab, 0xab, 0xac, 0xac, 0xad, 0xae, 0xae, 0xaf, 0xaf, 0xb0, 0xb0, 0xb1, 0xb1, 0xb1, 0xb2, 0xb3, 0xb3, 0xb4, 0xb5, 0xb5, 0xb6, 0xb6,
	0xb7, 0xb8, 0xb9, 0xb9, 0xba, 0xbb, 0xbb, 0xbb, 0xbd, 0xbd, 0xaf, 0xb0, 0x2f, 0x31, 0x31, 0x32, 0x33, 0x34, 0xca, 0xca, 0xcb, 0xcc, 0xcc, 0x39, 0x3b, 0x3c, 0xd2, 0xca, 0xca, 0xcb, 0xcb, 0xcc, 0xcc, 0xcd, 0xcd, 0x3b, 0x3c, 0x3d, 0x3d, 0x3d,
	0x3e, 0x3e, 0x08, 0x5b, 0x5c, 0x5c, 0xae, 0x09, 0xb0, 0x2f, 0x30, 0x30, 0x30, 0xec, 0x32, 0xd2, 0xd2, 0xd2, 0x6c, 0x99, 0x9e, 0x2d, 0xea, 0xff, 0x2d, 0xed, 0xef, 0x6a, 0xfa, 0xfb, 0x5a, 0x5c, 0x5e, 0xff, 0xab, 0xac, 0xad, 0x08, 0xaf, 0xb0,
	0xb1, 0x0b, 0x0c, 0xb3, 0x0d, 0x0e, 0xb5, 0xb6, 0x10, 0x11, 0x11, 0x12, 0x13, 0x13, 0x14, 0x15, 0x15, 0x16, 0x17, 0x17, 0x18, 0x19, 0x19, 0x1a, 0x1b, 0x1c, 0xab, 0xac, 0xac, 0xad, 0xae, 0xae, 0xaf, 0xaf, 0xb0, 0xb1, 0xb1, 0xb2, 0x31, 0x32,
	0x32, 0x33, 0x34, 0x34, 0x35, 0x36, 0x36, 0x37, 0x37, 0x38, 0x39, 0x39, 0x3a, 0xbb, 0x3b, 0x3c, 0x3d, 0xbe, 0x0d, 0x44, 0x0e, 0x45, 0x0f, 0x10, 0x11, 0x12, 0x49, 0x14, 0x14, 0x14, 0x15, 0x4c, 0x18, 0x18, 0xab, 0xac, 0x07, 0xad, 0x08, 0x08,
	0x08, 0x09, 0x0a, 0x0a, 0x0a, 0x0b, 0x0b, 0x0c, 0x0c, 0x0d, 0xab, 0xac, 0xad, 0xae, 0xaf, 0xb0, 0xb0, 0xb1, 0xb2, 0x6d, 0x6e, 0xb3, 0x6f, 0x6f, 0x70, 0xb6, 0xb7, 0x73, 0x73, 0x74, 0x75, 0x75, 0x76, 0x77, 0x77, 0x77, 0x78, 0x78, 0x79, 0x7a,
	0x7b, 0x7c, 0xab, 0xac, 0xad, 0x2c, 0x2c, 0x2d, 0x2e, 0x2e, 0x2f, 0x30, 0x30, 0x30, 0xc7, 0xc7, 0xd2, 0xd2, 0xb2, 0x32, 0x33, 0x34, 0x35, 0x35, 0x98, 0x98, 0x99, 0x99, 0x9a, 0x9b, 0x9b, 0x9c, 0x9d, 0x9d, 0xab, 0xac, 0xac, 0xad, 0xae, 0xae,
	0xaf, 0xaf, 0xb0, 0xb0, 0xb1, 0xb1, 0xb1, 0xb2, 0xb2, 0xb3, 0xb3, 0xb4, 0xb5, 0xb6, 0xb6, 0xb7, 0xb8, 0xb8, 0xb9, 0xb9, 0xba, 0xbb, 0xbb, 0xbc, 0xbd, 0xbe, 0xaf, 0xb0, 0x30, 0x31, 0x32, 0x33, 0x33, 0x34, 0xca, 0xcb, 0xcb, 0xcc, 0xcc, 0xcd,
	0x3b, 0x3c, 0xd3, 0xca, 0xca, 0xcb, 0xcc, 0xcc, 0xcc, 0xcd, 0xcd, 0xce, 0x3c, 0x3d, 0x3d, 0x3e, 0x3e, 0x3f, 0x08, 0x07, 0x08, 0x08, 0xae, 0x0a, 0xb0, 0x30, 0x30, 0x30, 0x32, 0xec, 0x32, 0xd2, 0xd2, 0xd2, 0x6c, 0x99, 0x9e, 0x2d, 0xea, 0xff,
	0x2e, 0xed, 0xef, 0x6a, 0xfa, 0xfb, 0x5b, 0x5c, 0x5e, 0xff, 0xac, 0xac, 0xad, 0xae, 0x09, 0xb0, 0xb1, 0x0b, 0xb2, 0xb3, 0x0d, 0x0e, 0xb6, 0xb6, 0x10, 0x11, 0x12, 0x12, 0x13, 0x14, 0x15, 0x15, 0x16, 0x16, 0x17, 0x18, 0x18, 0x19, 0x19, 0x1b,
	0x1b, 0x1c, 0xac, 0xac, 0xac, 0xae, 0xae, 0xaf, 0xaf, 0xb0, 0xb0, 0xb1, 0xb1, 0x31, 0x31, 0x32, 0x32, 0x33, 0x34, 0x34, 0x35, 0x36, 0x36, 0x37, 0x37, 0x38, 0x39, 0x39, 0x3a, 0x3b, 0x3c, 0x3c, 0x3d, 0x3e, 0x0e, 0x0e, 0x0f, 0x0f, 0x10, 0x11,
	0x11, 0x12, 0x49, 0x14, 0x14, 0x15, 0x16, 0x17, 0x18, 0x19, 0xac, 0xac, 0xad, 0xad, 0x08, 0x08, 0x09, 0x0a, 0x0a, 0x0a, 0x0b, 0x0b, 0x0c, 0x0c, 0x0c, 0x0d, 0xac, 0xac, 0xad, 0xae, 0xaf, 0xb0, 0xb0, 0xb1, 0xb2, 0xb3, 0xb3, 0xb4, 0xb4, 0xb5,
	0x70, 0xb7, 0xb7, 0xb8, 0x38, 0x74, 0x75, 0x76, 0x76, 0x77, 0x77, 0x78, 0x78, 0x79, 0x79, 0x7a, 0x7b, 0x7c, 0xac, 0xac, 0xad, 0x2c, 0x2d, 0x2e, 0x2e, 0x2f, 0x2f, 0x30, 0x30, 0x30, 0xc7, 0xd2, 0xd2, 0xd2, 0x32, 0x32, 0x33, 0x34, 0x35, 0x36,
	0x98, 0x98, 0x99, 0x99, 0x9a, 0x9b, 0x9b, 0xd9, 0x9d, 0x9d, 0xac, 0xac, 0xad, 0xad, 0xae, 0xaf, 0xaf, 0xb0, 0xb0, 0xb1, 0xb1, 0xb1, 0xb2, 0xb2, 0xb3, 0xb3, 0xb4, 0xb4, 0xb5, 0xb6, 0xb7, 0xb7, 0xb8, 0xb9, 0xb9, 0xba, 0xbb, 0xbb, 0xbc, 0xbc,
	0xbd, 0xbe, 0xaf, 0x2f, 0x30, 0x31, 0x32, 0x33, 0x34, 0xca, 0xca, 0xcb, 0xcb, 0xcc, 0xcd, 0xcd, 0xce, 0xcf, 0xd3, 0xca, 0xcb, 0xcb, 0xcc, 0xcc, 0xcd, 0xcd, 0xce, 0xce, 0xda, 0xda, 0x3e, 0x3e, 0x3f, 0x3f, 0x08, 0x08, 0x08, 0x08, 0x09, 0x0a,
	0x0b, 0x30, 0x30, 0x32, 0x32, 0xec, 0x32, 0xd2, 0xd2, 0xd2, 0x6d, 0x99, 0x9e, 0x2e, 0xea, 0xff, 0x2e, 0xed, 0xef, 0x6a, 0xfa, 0xfb, 0x5b, 0x5d, 0x5e, 0xff, 0xac, 0xad, 0xae, 0xaf, 0xb0, 0x0a, 0x0b, 0x0b, 0x0c, 0xb3, 0x0e, 0xb5, 0x0f, 0x0f,
	0x11, 0x12, 0x12, 0x13, 0x13, 0x14, 0x15, 0x15, 0x16, 0x17, 0x17, 0x18, 0x19, 0x19, 0x1a, 0x1b, 0x1c, 0x1d, 0xac, 0xad, 0xad, 0xae, 0xaf, 0xaf, 0xb0, 0xb0, 0xb1, 0xb1, 0xb2, 0x31, 0x32, 0x32, 0x32, 0x34, 0x34, 0x35, 0x36, 0x36, 0x37, 0x37,
	0x38, 0x39, 0x39, 0x3a, 0x3b, 0x3b, 0x3c, 0xbd, 0xbe, 0x3e, 0x0e, 0x0e, 0x0f, 0x46, 0x10, 0x11, 0x12, 0x12, 0x13, 0x14, 0x14, 0x15, 0x16, 0x18, 0x18, 0x19, 0xac, 0xad, 0xad, 0xae, 0x08, 0x09, 0x09, 0x0a, 0x0a, 0x0b, 0x0b, 0x0c, 0x0c, 0x0c,
	0x0c, 0x0d, 0xac, 0xad, 0xae, 0xae, 0xaf, 0xb0, 0xb1, 0xb1, 0xb2, 0x6e, 0xb3, 0xb4, 0xb5, 0x70, 0xb6, 0xb7, 0xb8, 0x73, 0xb9, 0x75, 0x76, 0x76, 0x77, 0x77, 0x77, 0x78, 0x79, 0x79, 0x7a, 0x7b, 0x7b, 0x7c, 0xac, 0xad, 0xae, 0xae, 0x2d, 0x2e,
	0x2f, 0x2f, 0x30, 0x30, 0x30, 0x32, 0x32, 0xd2, 0xd2, 0xd2, 0x32, 0x32, 0x33, 0x34, 0x35, 0x36, 0x98, 0x98, 0x38, 0x9a, 0x9b, 0x9b, 0x9c, 0x9c, 0x9d, 0xdb, 0xac, 0xad, 0xad, 0xae, 0xae, 0xaf, 0xaf, 0xb0, 0xb0, 0xb1, 0xb1, 0x0b, 0xb2, 0xb2,
	0xb3, 0xb3, 0xb4, 0xb5, 0xb6, 0xb6, 0xb7, 0xb8, 0xb8, 0xb9, 0xb9, 0xba, 0xbb, 0xbb, 0xbc, 0xbd, 0xbd, 0xbe, 0xb0, 0xb1, 0x31, 0x31, 0x32, 0x33, 0x34, 0xca, 0xca, 0xcb, 0xcc, 0xcc, 0xcd, 0x3b, 0xce, 0xcf, 0xd3, 0xca, 0xcb, 0xcb, 0xcc, 0xcc,
	0xcd, 0xcd, 0xce, 0xd9, 0xda, 0x3d, 0x3e, 0x3e, 0x3f, 0x3f, 0x08, 0x08, 0x08, 0x09, 0x09, 0x0a, 0x0b, 0x0b, 0x30, 0x32, 0x32, 0x32, 0x33, 0xd2, 0xd2, 0xd2, 0x6d, 0x99, 0x9f, 0x2e, 0xea, 0xff, 0x2e, 0xed, 0xd0, 0x6b, 0xfa, 0xfb, 0x5c, 0x5e,
	0x5f, 0xff, 0xad, 0xad, 0xae, 0x09, 0xb0, 0xb1, 0xb2, 0xb2, 0xb3, 0x0d, 0x0e, 0xb5, 0x0f, 0x10, 0x11, 0x12, 0xb9, 0x13, 0x14, 0x15, 0x16, 0x16, 0x17, 0x17, 0x18, 0x19, 0x19, 0x1a, 0x1b, 0x1b, 0x1c, 0x1d, 0xad, 0xad, 0xae, 0xae, 0xaf, 0xaf,
	0xb0, 0xb0, 0xb1, 0xb2, 0xb2, 0xb2, 0x32, 0x33, 0x33, 0x34, 0x35, 0x35, 0x36, 0x36, 0x37, 0x38, 0x38, 0x39, 0x39, 0x3a, 0x3b, 0x3c, 0x3c, 0x3d, 0x3e, 0x3e, 0x0e, 0x45, 0x0f, 0x46, 0x11, 0x11, 0x12, 0x13, 0x4a, 0x15, 0x15, 0x16, 0x18, 0x18,
	0x18, 0x19, 0xad, 0xad, 0x08, 0x08, 0x09, 0x09, 0x09, 0x0a, 0x0a, 0x0b, 0x0b, 0x0c, 0x0c, 0x0d, 0x0d, 0x44, 0xad, 0xad, 0x08, 0xaf, 0xb0, 0xb1, 0xb1, 0xb2, 0xb3, 0x6e, 0x6f, 0x6f, 0x70, 0xb6, 0xb6, 0xb7, 0xb8, 0x74, 0x75, 0x75, 0x76, 0x76,
	0x77, 0x77, 0x78, 0x78, 0x7a, 0x7a, 0x7b, 0x7b, 0x7c, 0x7d, 0xad, 0xad, 0xae, 0xaf, 0x2d, 0x2e, 0x2f, 0x2f, 0x30, 0x31, 0x31, 0x32, 0xc9, 0xd2, 0xd2, 0xd3, 0x32, 0x33, 0x34, 0x35, 0x36, 0x36, 0x37, 0x99, 0x38, 0x9a, 0x9b, 0xd9, 0xd9, 0xd9,
	0x9d, 0x9e, 0xad, 0xad, 0xae, 0xae, 0xaf, 0xaf, 0xb0, 0xb0, 0xb1, 0xb1, 0x0b, 0xb2, 0xb2, 0xb3, 0xb3, 0xb4, 0xb4, 0xb5, 0xb6, 0xb6, 0xb7, 0xb8, 0xb9, 0xb9, 0xba, 0xba, 0xbb, 0xbc, 0xbd, 0xbd, 0xbe, 0xbe, 0xb0, 0xb1, 0x31, 0x32, 0x33, 0x33,
	0x34, 0xca, 0xca, 0xcb, 0xcc, 0xcc, 0xcd, 0xce, 0x3c, 0xcf, 0xd3, 0xca, 0xcb, 0xcb, 0xcc, 0xcd, 0xcd, 0xd8, 0xce, 0xda, 0xda, 0xdb, 0x3e, 0x3f, 0x3f, 0x3f, 0x09, 0x08, 0x09, 0x09, 0x09, 0x0a, 0x0b, 0xb2, 0x32, 0x32, 0x32, 0x32, 0x34, 0xd2,
	0xd2, 0xd3, 0x6d, 0x9a, 0x9f, 0x2e, 0xec, 0xff, 0x2e, 0xed, 0xd0, 0x6b, 0xfa, 0xfb, 0x5c, 0x5e, 0x5f, 0xff, 0xad, 0xae, 0xaf, 0x09, 0xb0, 0xb1, 0xb2, 0x0c, 0x0d, 0xb4, 0x0e, 0x0f, 0x10, 0x11, 0xb8, 0xb9, 0xb9, 0xba, 0x15, 0x15, 0x16, 0x16,
	0x17, 0x18, 0x18, 0x19, 0x1a, 0x1a, 0x1b, 0x1c, 0x1c, 0x1d, 0xad, 0xae, 0xae, 0xaf, 0xaf, 0xb0, 0xb0, 0xb1, 0xb2, 0xb2, 0xb2, 0x32, 0x33, 0x33, 0x33, 0x34, 0x35, 0x36, 0x36, 0x37, 0x37, 0x38, 0x39, 0x39, 0x3a, 0x3b, 0x3b, 0x3c, 0xbd, 0x3d,
	0x3e, 0xbf, 0x0f, 0x0f, 0x10, 0x47, 0x11, 0x12, 0x13, 0x13, 0x14, 0x15, 0x15, 0x16, 0x18, 0x18, 0x19, 0x1a, 0xad, 0xae, 0x08, 0x09, 0x09, 0x0a, 0x0a, 0x0a, 0x0b, 0x0b, 0x0c, 0x0c, 0x0c, 0x0d, 0x0d, 0x0e, 0xad, 0xae, 0xaf, 0xaf, 0xb0, 0xb1,
	0x6c, 0xb2, 0xb3, 0xb3, 0x6f, 0x6f, 0xb5, 0xb6, 0xb7, 0xb8, 0xb8, 0xb9, 0x75, 0x76, 0x76, 0x77, 0x77, 0x78, 0x78, 0x79, 0x7a, 0x7a, 0x7b, 0x7c, 0x7c, 0x7d, 0xad, 0xae, 0xae, 0x2d, 0x2e, 0x2f, 0x2f, 0x30, 0x30, 0x31, 0x32, 0x33, 0xd2, 0xd2,
	0xd3, 0xd3, 0x33, 0x33, 0x34, 0x35, 0x36, 0x37, 0x37, 0x99, 0x39, 0x3a, 0x9b, 0xd9, 0xd9, 0xd9, 0xdb, 0xdb, 0xad, 0xae, 0xae, 0xaf, 0xaf, 0xb0, 0xb0, 0xb1, 0xb1, 0x0b, 0xb2, 0xb2, 0xb3, 0xb3, 0xb3, 0xb4, 0xb5, 0xb5, 0xb6, 0xb7, 0xb8, 0xb8,
	0xb9, 0xba, 0xba, 0xbb, 0xbb, 0xbc, 0xbd, 0xbd, 0xbe, 0xbf, 0xb0, 0x30, 0x31, 0x32, 0x33, 0x34, 0x35, 0xca, 0xcb, 0xcb, 0xcc, 0xcd, 0xcd, 0xce, 0xce, 0xcf, 0xd3, 0xd4, 0xcb, 0xcc, 0xcc, 0xcd, 0xcd, 0xd8, 0xd9, 0xda, 0xda, 0xdb, 0xdc, 0x3f,
	0x3f, 0x3f, 0x09, 0x09, 0x09, 0x09, 0x0a, 0x0b, 0x0b, 0xb3, 0x32, 0x32, 0x33, 0x33, 0x34, 0xd3, 0xd3, 0xd3, 0x6e, 0x9a, 0x9f, 0x2e, 0xec, 0xff, 0x2f, 0xd1, 0xd1, 0x6c, 0x72, 0xfb, 0x5c, 0x5e, 0x5f, 0xff, 0x22, 0x23, 0x24, 0xa5, 0xa7, 0xa7,
	0xa8, 0xaa, 0xab, 0xac, 0xad, 0xae, 0xaf, 0xb0, 0xb1, 0x0b, 0xb2, 0xb2, 0xb3, 0x0d, 0x0d, 0x0e, 0xb5, 0xb6, 0x0f, 0x10, 0x11, 0x11, 0x12, 0x12, 0x13, 0x15, 0x22, 0x23, 0x23, 0x24, 0x25, 0x25, 0x26, 0xc0, 0x27, 0x28, 0x29, 0x29, 0x2a, 0x2a,
	0x2b, 0x2c, 0x2d, 0x2d, 0x2e, 0x2f, 0x2f, 0x30, 0x31, 0x32, 0x32, 0x33, 0x34, 0xb5, 0x35, 0xb6, 0xb7, 0xb8, 0x5c, 0x5d, 0x5e, 0x0a, 0x0a, 0x0a, 0x41, 0x41, 0x0c, 0x43, 0x44, 0x0e, 0x45, 0x46, 0x10, 0x11, 0x22, 0x23, 0xa3, 0xa4, 0xa5, 0x03,
	0xa6, 0x04, 0x05, 0x05, 0x58, 0x06, 0x06, 0x07, 0x5b, 0x5b, 0x22, 0x23, 0x23, 0x24, 0x64, 0x26, 0x65, 0x66, 0xaa, 0x67, 0x68, 0x69, 0x69, 0x6a, 0x6a, 0x6b, 0x6c, 0x6d, 0x6d, 0x6e, 0x6e, 0x6e, 0x6f, 0x6f, 0x70, 0x70, 0x71, 0x71, 0x72, 0x72,
	0x73, 0x73, 0x22, 0x82, 0x24, 0x84, 0x84, 0x85, 0x85, 0x86, 0x87, 0x87, 0x88, 0x89, 0x89, 0x8a, 0x8b, 0x8b, 0x2a, 0xc2, 0x90, 0x91, 0x91, 0x92, 0x92, 0x93, 0x93, 0x94, 0x95, 0x96, 0x96, 0x97, 0x98, 0x99, 0x22, 0x23, 0x23, 0x24, 0x63, 0x25,
	0x64, 0x26, 0x26, 0xa8, 0xa9, 0xa9, 0xaa, 0xaa, 0xab, 0xac, 0xad, 0xae, 0xaf, 0xaf, 0xb0, 0xb1, 0xb2, 0xb2, 0xb3, 0xb4, 0xb4, 0xb5, 0xb5, 0xb6, 0xb7, 0xb7, 0xc0, 0xc0, 0xc1, 0xc2, 0xc2, 0xc3, 0xc4, 0xc4, 0xc5, 0xc5, 0xc6, 0x32, 0x33, 0x34,
	0x35, 0x36, 0x8c, 0x8c, 0xc5, 0xc6, 0xc7, 0x32, 0x33, 0x34, 0x34, 0x35, 0x36, 0x37, 0x37, 0x38, 0x38, 0x39, 0x54, 0x53, 0x55, 0xe2, 0xe4, 0xe5, 0xe5, 0xe6, 0xe6, 0xe7, 0xe7, 0x89, 0x8a, 0x8a, 0x8b, 0x8b, 0xc1, 0x94, 0x9a, 0xf3, 0xe8, 0xf4,
	0x85, 0x88, 0xf7, 0xf9, 0xfa, 0xfa, 0x53, 0xe3, 0xfd, 0xf4, 0x23, 0x23, 0x24, 0x64, 0xa7, 0xa8, 0xaa, 0x67, 0xac, 0xad, 0xae, 0xaf, 0xb0, 0xb0, 0xb1, 0xb2, 0xb2, 0xb3, 0xb4, 0xb4, 0x0e, 0xb5, 0xb6, 0xb6, 0x10, 0x11, 0x11, 0x12, 0x12, 0x13,
	0x14, 0x15, 0x23, 0x23, 0x24, 0x25, 0x25, 0xc0, 0xc0, 0x27, 0x28, 0xc1, 0x29, 0x2a, 0x2a, 0x2b, 0x2b, 0x2c, 0x2d, 0x2e, 0x2e, 0x2f, 0x30, 0x31, 0x31, 0x32, 0x33, 0x33, 0x35, 0x35, 0x36, 0x36, 0x37, 0x38, 0x08, 0x09, 0x09, 0x0a, 0x0a, 0x0b,
	0x0c, 0x0c, 0x0d, 0x0d, 0x0e, 0x0e, 0x0f, 0x10, 0x11, 0x11, 0x23, 0x23, 0x63, 0x63, 0xa6, 0xa6, 0x04, 0x05, 0x05, 0xa9, 0x06, 0x06, 0x07, 0x07, 0x5b, 0x5c, 0x23, 0x23, 0x63, 0x25, 0x26, 0x65, 0x66, 0x66, 0x67, 0x68, 0x68, 0x69, 0x69, 0x6a,
	0x6b, 0x6c, 0x6c, 0x6d, 0x6e, 0x6e, 0x6f, 0x6f, 0x6f, 0x70, 0x70, 0x71, 0x71, 0x71, 0x72, 0x73, 0x73, 0x74, 0x23, 0x23, 0x24, 0x84, 0x84, 0x85, 0x86, 0x86, 0x87, 0x88, 0x88, 0x89, 0x8a, 0x8a, 0x8b, 0x8c, 0xc2, 0x90, 0x90, 0x91, 0x92, 0x92,
	0x93, 0x94, 0x94, 0x95, 0x95, 0x96, 0x97, 0x97, 0x99, 0x99, 0x23, 0x23, 0x24, 0x24, 0x25, 0x25, 0x26, 0x26, 0xa8, 0xa8, 0xa9, 0xaa, 0x67, 0xab, 0xac, 0xac, 0xae, 0xaf, 0xaf, 0xb0, 0xb1, 0xb1, 0xb2, 0xb3, 0xb3, 0xb4, 0xb4, 0xb5, 0xb6, 0xb6,
	0xb7, 0xb8, 0xc0, 0xc1, 0xc2, 0xc2, 0xc3, 0xc3, 0xc4, 0xc5, 0xc5, 0xc6, 0xc6, 0x32, 0x33, 0x34, 0x35, 0x37, 0x8c, 0xc5, 0xc6, 0xc6, 0xc7, 0x33, 0x33, 0x34, 0x35, 0x36, 0x37, 0x37, 0x38, 0x38, 0x39, 0x3a, 0x03, 0xa5, 0xa5, 0x55, 0xe4, 0xe5,
	0xe6, 0xe6, 0xe7, 0xe7, 0xe7, 0x89, 0x8a, 0x8a, 0x8b, 0x8c, 0xf0, 0x95, 0x9a, 0xf3, 0xe8, 0xf4, 0x86, 0x89, 0xf7, 0xf9, 0xfa, 0xfa, 0x54, 0xe3, 0xfd, 0xf4, 0x24, 0x24, 0x25, 0x26, 0xa8, 0xa9, 0xaa, 0xab, 0xac, 0xae, 0xaf, 0xaf, 0xb0, 0xb1,
	0xb2, 0xb3, 0xb3, 0xb3, 0xb4, 0xb5, 0xb5, 0xb6, 0xb6, 0xb7, 0xb7, 0xb8, 0xb9, 0xb9, 0xba, 0xba, 0xbb, 0xbb, 0x24, 0x24, 0x24, 0xc0, 0xc0, 0xc0, 0x27, 0x28, 0xc1, 0x29, 0x2a, 0x2a, 0x2b, 0x2b, 0x2c, 0x2d, 0x2e, 0x2f, 0x2f, 0x30, 0x31, 0x31,
	0x32, 0x32, 0x33, 0x34, 0x35, 0x36, 0x36, 0x37, 0x37, 0x38, 0x09, 0x09, 0x0a, 0x0a, 0x0b, 0x0b, 0x0c, 0x0c, 0x0d, 0x0e, 0x0e, 0x0f, 0x10, 0x10, 0x11, 0x12, 0x24, 0x24, 0x24, 0x25, 0xa7, 0xa7, 0xa8, 0x05, 0xa9, 0x06, 0x06, 0x07, 0x07, 0x07,
	0x08, 0x08, 0x24, 0x24, 0x25, 0x26, 0x26, 0x27, 0x66, 0x67, 0x67, 0x68, 0x69, 0x90, 0x6a, 0x6b, 0x6b, 0x6c, 0x6d, 0x6e, 0x6e, 0x6f, 0x6f, 0x6f, 0x70, 0x70, 0x71, 0x71, 0x72, 0x72, 0x72, 0x73, 0x74, 0x74, 0x24, 0x24, 0x25, 0x84, 0x85, 0x86,
	0x86, 0x87, 0x88, 0x88, 0x89, 0x8a, 0x8a, 0x8b, 0x8c, 0x8c, 0x90, 0x90, 0x91, 0x91, 0x92, 0x92, 0x93, 0x94, 0x94, 0x95, 0x96, 0x96, 0x97, 0x98, 0x99, 0x99, 0x24, 0x24, 0x24, 0x25, 0x25, 0x26, 0x26, 0x27, 0x28, 0x28, 0x29, 0x29, 0x2a, 0x2a,
	0xad, 0xae, 0xae, 0xaf, 0xb0, 0xb0, 0xb1, 0xb2, 0xb2, 0xb3, 0xb4, 0xb4, 0xb5, 0xb6, 0x36, 0xb7, 0x37, 0x38, 0xc1, 0xc1, 0xc2, 0xc3, 0xc3, 0xc4, 0xc5, 0xc5, 0xc6, 0xc6, 0xc7, 0x33, 0x33, 0x35, 0x36, 0x37, 0x8d, 0xc6, 0xc6, 0xc7, 0xc7, 0xc9,
	0xc9, 0xca, 0x35, 0x36, 0x37, 0x37, 0x38, 0x39, 0x39, 0x3a, 0xa6, 0xa5, 0x04, 0xa7, 0xe5, 0xe5, 0xe6, 0xe7, 0xe7, 0xe7, 0xe9, 0x8a, 0x8a, 0x8b, 0x8c, 0x8c, 0xf0, 0x95, 0x9a, 0x85, 0xe8, 0xf4, 0x86, 0x89, 0xf7, 0xf9, 0xfa, 0xfa, 0x55, 0xe3,
	0xfd, 0xf4, 0x24, 0x25, 0x25, 0x26, 0x28, 0xaa, 0xab, 0xac, 0xad, 0xae, 0xaf, 0xb0, 0xb1, 0xb1, 0xb2, 0xb3, 0xb3, 0xb4, 0xb4, 0xb5, 0xb6, 0xb6, 0xb7, 0xb7, 0xb8, 0xb9, 0xb9, 0xb9, 0xba, 0xbb, 0xbb, 0x16, 0x24, 0x25, 0x25, 0xc0, 0xc0, 0x27,
	0xc1, 0x29, 0x29, 0xc2, 0xc2, 0x2b, 0x2c, 0x2c, 0x2d, 0x2e, 0x2f, 0x2f, 0x30, 0x30, 0x31, 0x32, 0x32, 0x33, 0x34, 0x35, 0x36, 0x36, 0x37, 0x37, 0x38, 0x39, 0x09, 0x0a, 0x0a, 0x0b, 0x0b, 0x0c, 0x0c, 0x0d, 0x0d, 0x0e, 0x0e, 0x0f, 0x10, 0x11,
	0x11, 0x13, 0x24, 0x25, 0x25, 0x25, 0xa7, 0xa8, 0xa8, 0xa9, 0xaa, 0x06, 0x07, 0x07, 0x07, 0x08, 0x08, 0x09, 0x24, 0x25, 0x25, 0xc0, 0xc1, 0xc1, 0x29, 0x2a, 0x68, 0x90, 0x90, 0x90, 0x6b, 0x6b, 0x6b, 0x6d, 0x6e, 0x6e, 0x6f, 0x6f, 0x6f, 0x70,
	0x70, 0x71, 0x71, 0x72, 0x72, 0x73, 0x73, 0x74, 0x75, 0x75, 0x24, 0x25, 0xc0, 0xc0, 0xc0, 0x86, 0x87, 0x88, 0x88, 0x89, 0x89, 0x8a, 0x8b, 0x8b, 0x8c, 0x8d, 0xc3, 0x90, 0x91, 0x92, 0x92, 0x93, 0x94, 0x94, 0x95, 0x96, 0x96, 0x97, 0x98, 0x98,
	0x99, 0x9a, 0x24, 0x25, 0x25, 0x25, 0x26, 0x26, 0x27, 0x28, 0x28, 0x29, 0x29, 0x2a, 0x2a, 0xac, 0x2c, 0x90, 0xaf, 0x2e, 0xb0, 0xb1, 0x31, 0xb2, 0xb3, 0x32, 0xb4, 0xb5, 0x35, 0x36, 0x36, 0xb7, 0x38, 0x38, 0xc1, 0xc2, 0xc2, 0xc3, 0xc4, 0xc4,
	0xc5, 0xc5, 0xc6, 0xc6, 0xc7, 0x33, 0x34, 0x35, 0x36, 0x37, 0x8d, 0xc6, 0xc7, 0xc7, 0xc9, 0xc9, 0xc9, 0xca, 0xcb, 0x37, 0x37, 0x38, 0x39, 0x39, 0x3a, 0x3a, 0xa7, 0x04, 0xa7, 0xa8, 0xe5, 0xe6, 0xe6, 0xe7, 0xe7, 0xe9, 0xea, 0x8a, 0x8b, 0x8c,
	0x8c, 0x8d, 0xf0, 0x95, 0x9b, 0x86, 0xea, 0xf4, 0x87, 0x8a, 0xf7, 0x66, 0xfa, 0xfa, 0xa5, 0xe3, 0xfd, 0xf4, 0x25, 0xc0, 0xc0, 0x27, 0x28, 0x29, 0x2a, 0xac, 0xae, 0xaf, 0xaf, 0xb0, 0xb1, 0xb2, 0xb2, 0xb3, 0xb4, 0xb4, 0xb5, 0xb6, 0xb6, 0xb7,
	0xb7, 0xb7, 0xb8, 0xb9, 0xb9, 0xba, 0xba, 0xbb, 0xbc, 0xbd, 0x25, 0xc0, 0xc0, 0xc0, 0x27, 0xc1, 0xc1, 0x29, 0xc2, 0xc2, 0x2b, 0x2c, 0x2c, 0x2d, 0x2d, 0x2e, 0x2f, 0x2f, 0x30, 0x31, 0x31, 0x32, 0x33, 0x34, 0x34, 0x35, 0x36, 0x36, 0x37, 0x37,
	0x38, 0x39, 0x0a, 0x0a, 0x0b, 0x0b, 0x0c, 0x0c, 0x0d, 0x0d, 0x0e, 0x0e, 0x0f, 0x0f, 0x10, 0x11, 0x12, 0x13, 0x25, 0xc0, 0x25, 0x26, 0x26, 0xa8, 0xa9, 0xaa, 0xaa, 0xac, 0xac, 0xad, 0xae, 0x08, 0x08, 0x09, 0x25, 0xc0, 0xc0, 0xc0, 0xc1, 0x29,
	0x29, 0x2a, 0x90, 0x90, 0x90, 0x90, 0x6b, 0x6c, 0x6c, 0x6d, 0x6e, 0x6e, 0x6f, 0x6f, 0x70, 0x70, 0x71, 0x71, 0x71, 0x72, 0x73, 0x73, 0x74, 0x74, 0x75, 0x76, 0x25, 0x25, 0xc0, 0xc0, 0x86, 0x87, 0x87, 0x88, 0x89, 0x89, 0x8a, 0x8b, 0x8b, 0x8c,
	0x8c, 0x8d, 0x90, 0x91, 0x91, 0x92, 0x93, 0x94, 0x94, 0x95, 0x95, 0x96, 0x97, 0x97, 0x98, 0x99, 0x9a, 0x9a, 0x25, 0xc0, 0xc0, 0xc0, 0x27, 0x27, 0xc1, 0x28, 0x29, 0x29, 0x2a, 0x2a, 0x2b, 0x90, 0x2c, 0x2d, 0x2e, 0x2e, 0x2f, 0x31, 0x31, 0x32,
	0x32, 0x33, 0x34, 0x35, 0x35, 0x36, 0x36, 0x37, 0x38, 0x39, 0xc1, 0xc2, 0xc3, 0xc3, 0xc4, 0xc5, 0xc5, 0xc6, 0xc6, 0xc7, 0xc7, 0xc9, 0xca, 0x35, 0x36, 0x38, 0x8e, 0xc7, 0xc7, 0xc7, 0xc9, 0xc9, 0xca, 0xca, 0xcb, 0xcb, 0xcc, 0xcc, 0x39, 0x39,
	0x3a, 0x3a, 0xa8, 0xa7, 0x27, 0x27, 0x28, 0xe6, 0xe7, 0xe7, 0xe9, 0xe9, 0xea, 0xea, 0x8b, 0x8c, 0x8d, 0x8d, 0x90, 0x95, 0x9c, 0x86, 0xea, 0xf4, 0x87, 0x8b, 0x8e, 0xf0, 0xfa, 0xfa, 0xa6, 0xe4, 0xe5, 0xf4, 0xc0, 0xc0, 0x27, 0xc1, 0x29, 0x29,
	0x2a, 0x90, 0x90, 0xaf, 0xb0, 0xb1, 0xb2, 0xb2, 0xb3, 0xb4, 0xb4, 0xb5, 0xb5, 0xb6, 0xb7, 0xb7, 0xb7, 0xb8, 0xb9, 0xb9, 0xba, 0xba, 0xbb, 0xbb, 0xbc, 0xbd, 0xc0, 0xc0, 0xc0, 0xc1, 0xc1, 0xc1, 0x29, 0xc2, 0xc2, 0x2b, 0xc3, 0xc3, 0x2d, 0x2d,
	0x2e, 0x2f, 0x2f, 0x30, 0x31, 0x31, 0x32, 0x33, 0x33, 0x34, 0x35, 0x35, 0x36, 0x37, 0x37, 0x38, 0x39, 0x39, 0x0a, 0x0b, 0x0b, 0x0b, 0x0c, 0x0c, 0x0d, 0x0e, 0x0e, 0x0f, 0x0f, 0x10, 0x11, 0x12, 0x13, 0x13, 0xc0, 0xc0, 0x26, 0x27, 0x27, 0x28,
	0xaa, 0xaa, 0xab, 0xac, 0xad, 0xad, 0xae, 0xaf, 0x09, 0x09, 0xc0, 0xc0, 0xc0, 0xc1, 0xc1, 0x29, 0x2a, 0x2b, 0x90, 0x90, 0x90, 0x92, 0x92, 0x6c, 0x31, 0x32, 0x32, 0x6f, 0x6f, 0x70, 0x70, 0x71, 0x71, 0x71, 0x72, 0x72, 0x73, 0x73, 0x74, 0x75,
	0x76, 0x76, 0xc0, 0xc0, 0xc0, 0x86, 0x86, 0x87, 0x88, 0x88, 0x89, 0x8a, 0x8a, 0x8b, 0x8c, 0x8c, 0x8d, 0x8e, 0x90, 0x91, 0x92, 0x92, 0x93, 0x94, 0x94, 0x95, 0x96, 0x96, 0x97, 0x97, 0x98, 0x99, 0x9a, 0x9b, 0xc0, 0xc0, 0xc0, 0xc0, 0x27, 0x28,
	0xc1, 0x29, 0x2a, 0x2a, 0x2b, 0x2b, 0x90, 0x2c, 0x2d, 0x2d, 0x2e, 0x2f, 0x30, 0x31, 0x32, 0x32, 0x33, 0x34, 0x34, 0x35, 0x36, 0x36, 0x37, 0x37, 0x38, 0x39, 0xc1, 0xc2, 0xc3, 0xc4, 0xc4, 0xc5, 0xc6, 0xc6, 0xc7, 0xc7, 0xc9, 0xc9, 0xca, 0xcb,
	0xcb, 0xcc, 0x8e, 0xc7, 0xc7, 0xc8, 0xc9, 0xc9, 0xca, 0xcb, 0xcb, 0xcb, 0xcc, 0xcc, 0xcd, 0x3a, 0x3a, 0x3a, 0xa8, 0xa8, 0x27, 0x28, 0x28, 0xe6, 0xe7, 0xe7, 0xe9, 0xe9, 0xec, 0xec, 0xec, 0x8d, 0x8d, 0x8e, 0x90, 0x96, 0x9c, 0x87, 0xeb, 0xf4,
	0x88, 0x8b, 0x8e, 0xf0, 0xfa, 0xfa, 0xa7, 0xe5, 0xe5, 0xf4, 0xc0, 0xc0, 0x27, 0xc1, 0x29, 0x2a, 0x2b, 0x2c, 0x90, 0x2e, 0xb1, 0x30, 0x31, 0x32, 0x32, 0xb4, 0x34, 0xb5, 0xb6, 0x36, 0xb7, 0xb7, 0xb8, 0x38, 0xb9, 0xba, 0xba, 0xbb, 0xbb, 0xbc,
	0xbd, 0x3d, 0xc0, 0xc0, 0xc0, 0xc1, 0xc1, 0xc1, 0xc2, 0xc2, 0x2b, 0xc3, 0xc3, 0x2d, 0xc4, 0x2e, 0x2f, 0x2f, 0x30, 0x30, 0x31, 0x32, 0x32, 0x33, 0x33, 0x34, 0x35, 0x36, 0x37, 0x37, 0x38, 0x39, 0x39, 0x3a, 0xb1, 0x0b, 0x0b, 0x0c, 0x0c, 0x0d,
	0x0e, 0x0e, 0x0f, 0x0f, 0x10, 0x11, 0x12, 0x12, 0x13, 0x14, 0xc0, 0xc0, 0x27, 0x27, 0x28, 0x28, 0xaa, 0x2a, 0xac, 0xad, 0xae, 0xae, 0xaf, 0xaf, 0x09, 0x0a, 0xc0, 0xc0, 0x27, 0xc1, 0x29, 0x2a, 0x2a, 0x90, 0x90, 0x90, 0x91, 0x92, 0x30, 0x31,
	0x31, 0x32, 0x33, 0x34, 0x34, 0x70, 0x71, 0x71, 0x71, 0x72, 0x72, 0x73, 0x74, 0x75, 0x75, 0x75, 0x76, 0x77, 0xc0, 0xc0, 0x27, 0x86, 0x87, 0x88, 0x88, 0x89, 0x89, 0x8a, 0x8b, 0x8b, 0x8c, 0x8d, 0x8d, 0x8e, 0xc4, 0x92, 0x92, 0x93, 0x94, 0x94,
	0x94, 0x96, 0x96, 0x97, 0x97, 0x98, 0x99, 0x99, 0x9a, 0x9b, 0xc0, 0xc0, 0xc0, 0x27, 0xc1, 0xc1, 0x29, 0x2a, 0x2a, 0x2b, 0x2b, 0x2c, 0x2c, 0x90, 0x2d, 0x2e, 0x2f, 0x2f, 0x31, 0x31, 0x32, 0x33, 0x33, 0x34, 0x35, 0x35, 0x36, 0x37, 0x37, 0x38,
	0x39, 0x39, 0xc2, 0xc3, 0xc3, 0xc4, 0xc5, 0xc5, 0xc6, 0xc6, 0xc7, 0xc8, 0xc9, 0xca, 0xca, 0xcb, 0xcc, 0xcc, 0xd0, 0xc7, 0xc8, 0xc8, 0xc9, 0xca, 0xca, 0xcb, 0xcb, 0xcc, 0xcc, 0xcd, 0xcd, 0x3a, 0x3a, 0xd9, 0x27, 0x27, 0x28, 0x28, 0x28, 0x2b,
	0x2b, 0xe9, 0xe9, 0xea, 0xec, 0xec, 0xed, 0x8d, 0x8e, 0x8e, 0x91, 0x96, 0x9c, 0x88, 0xeb, 0xf4, 0x88, 0x8b, 0xee, 0xf0, 0xfa, 0xfa, 0x26, 0xe5, 0xe5, 0xf4, 0xc0, 0xc0, 0xc1, 0x29, 0x2a, 0x2a, 0x2c, 0x90, 0x2e, 0x2f, 0x2f, 0x30, 0x31, 0x32,
	0x33, 0x34, 0x34, 0x35, 0x36, 0xb7, 0xb7, 0x37, 0x38, 0x38, 0x39, 0x39, 0xbb, 0x3a, 0xbc, 0x3c, 0xbd, 0xbe, 0xc0, 0xc0, 0x27, 0xc1, 0xc1, 0xc2, 0xc2, 0x2b, 0xc3, 0xc3, 0xc3, 0xc4, 0x2e, 0xc4, 0x2f, 0x2f, 0x30, 0x31, 0x31, 0x32, 0x33, 0x33,
	0x34, 0x34, 0x35, 0x36, 0x37, 0x37, 0x38, 0x39, 0x39, 0x3a, 0xb1, 0x0b, 0xb2, 0x0c, 0x0d, 0x0d, 0x0e, 0x0e, 0x0f, 0x10, 0x10, 0x11, 0x12, 0x12, 0x14, 0x14, 0xc0, 0xc0, 0x27, 0x28, 0x28, 0x29, 0x29, 0x2a, 0xac, 0xad, 0xae, 0xae, 0xaf, 0xaf,
	0xb0, 0xb0, 0xc0, 0xc0, 0xc1, 0xc1, 0xc2, 0x2a, 0x90, 0x90, 0x90, 0x90, 0x92, 0x2f, 0x30, 0x31, 0x32, 0x33, 0x33, 0x34, 0x35, 0x35, 0x71, 0x71, 0x71, 0x72, 0x73, 0x73, 0x75, 0x75, 0x75, 0x76, 0x76, 0x77, 0xc0, 0x27, 0xc1, 0x87, 0x87, 0x88,
	0x89, 0x89, 0x8a, 0x8b, 0x8b, 0x8c, 0x8c, 0x8d, 0x8e, 0x8e, 0xc4, 0x92, 0xc5, 0x93, 0x94, 0x94, 0x95, 0x96, 0x96, 0x97, 0x97, 0x98, 0x99, 0x9a, 0x9a, 0x9b, 0xc0, 0xc0, 0x27, 0xc1, 0xc1, 0x29, 0x29, 0x2a, 0x2b, 0x2b, 0x2c, 0x2c, 0x2d, 0x2d,
	0x2e, 0x2e, 0x2f, 0x30, 0x31, 0x31, 0x32, 0x33, 0x34, 0x34, 0x35, 0x36, 0x36, 0x37, 0x37, 0x38, 0x39, 0xcd, 0xc2, 0xc3, 0xc3, 0xc4, 0xc5, 0xc6, 0xc6, 0xc7, 0xc8, 0xc8, 0xc9, 0xca, 0xca, 0xcb, 0xcc, 0xcd, 0xd0, 0xd1, 0xc8, 0xc9, 0xc9, 0xca,
	0xca, 0xcb, 0xcb, 0xcc, 0xcc, 0xd7, 0xd8, 0xd8, 0xd9, 0xd9, 0x28, 0x28, 0x28, 0x28, 0x2a, 0x2b, 0x2b, 0xe9, 0xea, 0xea, 0xec, 0xec, 0xed, 0x8d, 0x8e, 0x8e, 0x91, 0x97, 0x9c, 0x88, 0xeb, 0xff, 0x88, 0x8c, 0xef, 0xf0, 0xfa, 0xfa, 0x27, 0xe5,
	0xe5, 0xff, 0xc0, 0xc1, 0xc1, 0x29, 0x2a, 0x2b, 0x2c, 0x2d, 0x2e, 0x2f, 0x30, 0x31, 0x32, 0x32, 0x33, 0x34, 0x35, 0x36, 0x36, 0x36, 0x37, 0x37, 0x38, 0x39, 0x39, 0x3a, 0x3a, 0x3b, 0xbc, 0x3c, 0x3d, 0xbe, 0xc0, 0xc1, 0xc1, 0xc1, 0xc2, 0xc2,
	0xc2, 0xc3, 0xc3, 0xc3, 0xc4, 0xc4, 0xc5, 0xc5, 0x2f, 0x30, 0xc6, 0x31, 0x32, 0x33, 0x33, 0x34, 0x34, 0x35, 0x36, 0x37, 0x37, 0xcc, 0xcc, 0xcd, 0xcd, 0x3b, 0xb2, 0xb2, 0xb3, 0xb3, 0xb4, 0x0e, 0xb5, 0xb6, 0x0f, 0x10, 0x11, 0xb8, 0xb9, 0x13,
	0xba, 0x15, 0xc0, 0xc1, 0xc1, 0x28, 0x29, 0x29, 0x2a, 0x2b, 0xad, 0xae, 0xae, 0xaf, 0xb0, 0xb0, 0xb0, 0xb1, 0xc0, 0xc1, 0xc1, 0x29, 0xc2, 0x2b, 0x90, 0x90, 0x90, 0x92, 0x92, 0x30, 0x31, 0x31, 0x32, 0x33, 0x34, 0x35, 0x35, 0x36, 0x36, 0x37,
	0x37, 0x37, 0x73, 0x75, 0x75, 0x75, 0x76, 0x76, 0x77, 0x78, 0xc0, 0xc1, 0xc1, 0x87, 0xc2, 0x88, 0x89, 0x8a, 0x8a, 0x8b, 0x8c, 0x8c, 0x8d, 0x8e, 0x8e, 0xd0, 0xc5, 0xc5, 0xc5, 0x94, 0x94, 0x95, 0x96, 0x96, 0x97, 0x97, 0x98, 0x99, 0x99, 0x9a,
	0x9b, 0x9b, 0xc0, 0xc1, 0xc1, 0xc1, 0x29, 0xc2, 0x2a, 0x2b, 0x2b, 0x2c, 0x2c, 0x2d, 0x2d, 0x2e, 0x2e, 0x2f, 0x30, 0x31, 0x31, 0x32, 0x33, 0x33, 0x34, 0x35, 0x36, 0x36, 0x37, 0x37, 0x38, 0x39, 0xcd, 0xcd, 0xc2, 0xc3, 0xc4, 0xc5, 0xc5, 0xc6,
	0xc7, 0xc7, 0xc8, 0xc8, 0xc9, 0xca, 0xca, 0xcb, 0xcc, 0xcd, 0xd1, 0xd1, 0xd2, 0xd2, 0xd3, 0xca, 0xd4, 0xd5, 0xd6, 0xd6, 0xd7, 0xd8, 0xd8, 0xd8, 0xd9, 0xd9, 0x29, 0x28, 0x29, 0x29, 0x2b, 0x2b, 0x2c, 0xe9, 0xea, 0xec, 0xec, 0xec, 0xed, 0xee,
	0x8e, 0xd0, 0x91, 0x97, 0x9d, 0x88, 0xeb, 0xff, 0x89, 0x8c, 0xef, 0xf0, 0x6d, 0xfa, 0x27, 0xe5, 0xe5, 0xff, 0x27, 0xc1, 0x29, 0x2a, 0x2b, 0x2c, 0x2d, 0x2d, 0x2f, 0x30, 0x31, 0x31, 0x32, 0x33, 0x34, 0x35, 0x35, 0x36, 0x36, 0x37, 0x38, 0x38,
	0x39, 0x39, 0xba, 0x3a, 0x3b, 0xbc, 0x3c, 0xbd, 0xbe, 0x3e, 0x27, 0xc1, 0xc1, 0xc2, 0xc2, 0xc2, 0x2b, 0x2c, 0x2c, 0x2d, 0x2e, 0x2e, 0x2f, 0x2f, 0x30, 0x30, 0x31, 0x32, 0x33, 0x33, 0x34, 0x34, 0x35, 0x36, 0x36, 0x37, 0xcc, 0xcc, 0x39, 0xcd,
	0x3a, 0xce, 0xb2, 0xb3, 0xb3, 0x0d, 0x0d, 0x0e, 0xb6, 0x0f, 0x10, 0x11, 0x11, 0x12, 0x13, 0x14, 0x15, 0x16, 0x27, 0xc1, 0x28, 0x29, 0x29, 0x2a, 0x2a, 0xad, 0xae, 0xae, 0xaf, 0xaf, 0xb0, 0xb0, 0xb1, 0x0b, 0x27, 0xc1, 0x29, 0x2a, 0x2b, 0x2b,
	0x90, 0x90, 0x2e, 0x92, 0x2f, 0x31, 0x31, 0x32, 0x32, 0x33, 0x34, 0x35, 0x36, 0x36, 0x37, 0x37, 0x37, 0x38, 0x73, 0x75, 0x75, 0x76, 0x76, 0x77, 0x78, 0x78, 0x27, 0x28, 0x29, 0xc2, 0xc2, 0x88, 0x89, 0xc4, 0x8a, 0x8b, 0x8c, 0x8d, 0x8d, 0x8e,
	0xd0, 0xd0, 0x2f, 0x93, 0x93, 0x94, 0x94, 0x95, 0x96, 0x96, 0x97, 0x98, 0x99, 0x99, 0x9a, 0x9a, 0x9b, 0x9b, 0x27, 0xc1, 0xc1, 0x29, 0x29, 0x2a, 0x2a, 0x2b, 0x2b, 0x2c, 0x2d, 0x2d, 0x2e, 0x2e, 0x2f, 0x2f, 0x30, 0x31, 0x32, 0x32, 0x33, 0x34,
	0x35, 0x35, 0x36, 0x37, 0x37, 0x38, 0x39, 0x39, 0xcd, 0xce, 0xc3, 0xc3, 0xc4, 0xc5, 0xc5, 0xc6, 0xc7, 0xc7, 0xc8, 0xc9, 0xc9, 0xca, 0xcb, 0xcc, 0xcc, 0xcd, 0xd1, 0xd1, 0xd2, 0xd3, 0xca, 0xd4, 0xd4, 0xd5, 0xd6, 0xd7, 0xd7, 0xd8, 0xd8, 0xd9,
	0xd9, 0xda, 0x29, 0x29, 0x29, 0x2a, 0x2b, 0x2b, 0x2d, 0xe9, 0xea, 0xec, 0xec, 0xec, 0xed, 0xd0, 0xd0, 0xd0, 0x91, 0x97, 0x9d, 0x88, 0xeb, 0xff, 0x89, 0x8c, 0xef, 0xf0, 0x6d, 0xfa, 0x28, 0xe6, 0xe6, 0xff, 0x28, 0x29, 0x29, 0x2a, 0x2c, 0x2c,
	0x2d, 0x2e, 0x2f, 0x31, 0xb2, 0x32, 0x33, 0x34, 0xb5, 0x36, 0x36, 0xb7, 0x37, 0x37, 0x38, 0x38, 0x39, 0xba, 0xbb, 0xbc, 0xbc, 0xbc, 0xbd, 0xbe, 0xbe, 0xbf, 0x28, 0x29, 0x29, 0x2a, 0x2a, 0x2b, 0x2b, 0x2c, 0x2d, 0x2e, 0x2e, 0x2f, 0x2f, 0x30,
	0x30, 0x31, 0x32, 0x32, 0x33, 0x33, 0x34, 0x35, 0x35, 0x36, 0x37, 0x37, 0x38, 0xcc, 0xcd, 0x3a, 0x3b, 0x3c, 0x0c, 0x0c, 0x0d, 0x0d, 0x0e, 0x0e, 0x0f, 0x0f, 0x11, 0x11, 0x12, 0x12, 0x14, 0x15, 0x15, 0x16, 0x28, 0x29, 0x29, 0x29, 0x2a, 0x2a,
	0xad, 0xae, 0xae, 0xaf, 0xaf, 0xb0, 0xb0, 0xb1, 0x0b, 0x0b, 0x28, 0x29, 0x29, 0x2a, 0x2b, 0x90, 0x90, 0x2e, 0x2e, 0x2f, 0x30, 0x31, 0x32, 0x32, 0x33, 0x34, 0x35, 0x36, 0x36, 0x37, 0x37, 0x37, 0x38, 0x38, 0x75, 0x75, 0x76, 0x76, 0x77, 0x77,
	0x78, 0x78, 0x28, 0x28, 0x29, 0xc2, 0x2b, 0xc3, 0xc3, 0xc4, 0x8b, 0x8c, 0xc5, 0x8d, 0x8e, 0xd0, 0xd0, 0xd1, 0x30, 0x93, 0x94, 0x94, 0x95, 0x96, 0x96, 0x97, 0x97, 0x98, 0x99, 0x99, 0x9a, 0x9b, 0x9b, 0x9c, 0x28, 0x29, 0x29, 0x29, 0x2a, 0x2a,
	0x2b, 0x2c, 0x2c, 0x2d, 0x2d, 0x2e, 0x2e, 0x2f, 0x2f, 0x30, 0x31, 0x32, 0x32, 0x33, 0x34, 0x35, 0x35, 0x36, 0x36, 0x37, 0x37, 0x39, 0x39, 0x39, 0x3b, 0xce, 0xc3, 0x2d, 0xc4, 0xc5, 0xc6, 0xc6, 0xc7, 0xc8, 0xc9, 0xc9, 0xca, 0xcb, 0xcb, 0xcc,
	0xcd, 0xcd, 0xd1, 0xd2, 0xd3, 0xd3, 0xca, 0xd4, 0xd5, 0xd6, 0xd6, 0xd7, 0xd8, 0xd8, 0xd9, 0xd9, 0xda, 0xda, 0xab, 0xab, 0x2a, 0x2a, 0x2b, 0x2c, 0x2e, 0xea, 0xea, 0xec, 0xec, 0xec, 0xed, 0xd0, 0xd0, 0xd1, 0x92, 0x98, 0x9d, 0x2b, 0xeb, 0xff,
	0x89, 0x8d, 0xef, 0x69, 0x6e, 0xfa, 0xaa, 0xe6, 0xe6, 0xff, 0x29, 0x29, 0x2a, 0x2b, 0x2c, 0x2d, 0xaf, 0xb0, 0xb1, 0xb2, 0xb2, 0xb4, 0xb4, 0xb5, 0xb5, 0x36, 0xb7, 0xb7, 0xb8, 0xb9, 0xb9, 0xba, 0xba, 0xbb, 0xbb, 0xbc, 0xbd, 0xbd, 0xbe, 0xbe,
	0xbf, 0xbf, 0x29, 0x29, 0x29, 0x2a, 0x2b, 0x2b, 0x2c, 0x2d, 0x2e, 0x2e, 0x2f, 0x2f, 0x30, 0x30, 0x31, 0x31, 0x32, 0x33, 0x33, 0x34, 0x35, 0x35, 0x36, 0x37, 0x37, 0x38, 0x39, 0xcd, 0xcd, 0x3b, 0x3b, 0x3c, 0x0c, 0x0d, 0x0d, 0x0e, 0x0e, 0x0f,
	0x0f, 0x10, 0x11, 0x12, 0x12, 0x13, 0x14, 0x15, 0x16, 0x17, 0x29, 0x29, 0x29, 0x2a, 0xac, 0xad, 0xae, 0xae, 0xaf, 0xaf, 0xb0, 0xb0, 0xb1, 0x0b, 0x0b, 0x0c, 0x29, 0x29, 0x2a, 0x2b, 0x90, 0x90, 0x90, 0x2e, 0x2f, 0xb1, 0x31, 0x32, 0x32, 0x33,
	0x34, 0x35, 0x35, 0x36, 0x37, 0x37, 0x38, 0x38, 0x38, 0x75, 0x75, 0x76, 0x76, 0x77, 0x77, 0x78, 0x78, 0x79, 0x29, 0x29, 0x2a, 0x2b, 0x2b, 0xc3, 0xc4, 0xc4, 0xc5, 0xc5, 0xc6, 0xc6, 0xc7, 0xd1, 0xd1, 0xd1, 0x30, 0x93, 0x94, 0x94, 0x95, 0x96,
	0x96, 0x97, 0x98, 0x99, 0x99, 0x9a, 0x9b, 0x9b, 0x9c, 0x9d, 0x29, 0x29, 0x29, 0x2a, 0x2a, 0x2b, 0x2c, 0x2c, 0x2d, 0x2d, 0x2e, 0x2e, 0x2f, 0x2f, 0x30, 0x31, 0x31, 0x32, 0x33, 0x34, 0x34, 0x35, 0x36, 0x36, 0x37, 0x37, 0x39, 0x39, 0x39, 0x3a,
	0x3b, 0xce, 0x2c, 0x2d, 0x2f, 0xc5, 0xc6, 0xc7, 0xc7, 0xc9, 0xc9, 0xca, 0xca, 0xcb, 0xcb, 0xcc, 0xcd, 0xce, 0xd2, 0xd2, 0xd3, 0xca, 0xd4, 0xd5, 0xd5, 0xd6, 0xd7, 0xd7, 0xd8, 0xd9, 0xd9, 0xda, 0xda, 0xda, 0xac, 0xab, 0xac, 0xac, 0x2b, 0x2d,
	0x2e, 0x2f, 0xea, 0xec, 0xec, 0xec, 0xed, 0xd1, 0xd1, 0xd1, 0x92, 0x98, 0x9e, 0x2b, 0xec, 0xff, 0x8a, 0x8d, 0xef, 0x69, 0xfa, 0xfb, 0xab, 0x5b, 0x5c, 0xff, 0x29, 0x29, 0x2a, 0xae, 0x90, 0xaf, 0xb0, 0xb1, 0xb2, 0xb2, 0xb3, 0xb4, 0xb5, 0xb5,
	0xb6, 0xb7, 0xb7, 0xb8, 0xb8, 0xb9, 0xba, 0xba, 0xbb, 0xbb, 0xbc, 0xbc, 0xbd, 0xbd, 0xbe, 0xbe, 0xbf, 0x3f, 0x29, 0x29, 0x2a, 0x2b, 0x2b, 0x2c, 0x2c, 0x2d, 0x2e, 0x2f, 0x2f, 0x2f, 0x30, 0x31, 0x31, 0x32, 0x33, 0x33, 0x34, 0x35, 0x35, 0x36,
	0x36, 0x37, 0x38, 0x39, 0x39, 0x3a, 0x3a, 0x3b, 0x3c, 0x3c, 0x0d, 0x0d, 0x0e, 0x0e, 0x0f, 0x0f, 0x10, 0x11, 0x12, 0x12, 0x13, 0x14, 0x15, 0x16, 0x16, 0x17, 0x29, 0x29, 0x2a, 0xac, 0xad, 0xae, 0xae, 0xaf, 0xaf, 0xb0, 0xb0, 0xb1, 0x0b, 0x0b,
	0x0c, 0x0c, 0x29, 0x29, 0x2a, 0x2b, 0x90, 0x90, 0xaf, 0xb0, 0xb1, 0xb2, 0x6d, 0x32, 0xb3, 0x6f, 0x34, 0x35, 0x36, 0x37, 0x37, 0x38, 0x38, 0x38, 0x75, 0x39, 0x76, 0x77, 0x77, 0x77, 0x78, 0x78, 0x79, 0x7a, 0x29, 0x2a, 0x2a, 0x2b, 0x2b, 0x2d,
	0x2e, 0x2e, 0xc5, 0xc5, 0xc6, 0xc7, 0xc7, 0xd1, 0xd1, 0xd1, 0x31, 0x94, 0x94, 0x95, 0x96, 0x96, 0x97, 0x98, 0x98, 0x99, 0x99, 0x9a, 0x9b, 0x9b, 0x9c, 0x9d, 0x29, 0x29, 0x2a, 0x2a, 0x2a, 0x2c, 0x2c, 0x2c, 0x2d, 0xaf, 0xb0, 0x2f, 0xb1, 0x30,
	0xb2, 0x31, 0x32, 0x32, 0x33, 0x34, 0x35, 0x36, 0x36, 0x37, 0x37, 0x38, 0x39, 0x39, 0x3a, 0x3b, 0x3b, 0x3c, 0x2d, 0x2e, 0x2f, 0x30, 0xc6, 0xc7, 0xc9, 0xc9, 0xc9, 0xca, 0xcb, 0xcb, 0xcc, 0xcd, 0xcd, 0xce, 0xd2, 0xd2, 0xd3, 0xd4, 0xd5, 0xcb,
	0xd6, 0xd6, 0xd7, 0xd8, 0xd8, 0xd9, 0xd9, 0xda, 0xda, 0xdb, 0xac, 0xac, 0xac, 0xae, 0xae, 0x2d, 0x2e, 0x2f, 0xec, 0x30, 0xec, 0xec, 0xed, 0xd1, 0xd1, 0xd1, 0x92, 0x99, 0x9e, 0x2d, 0xec, 0xff, 0x8a, 0x8d, 0xef, 0x6a, 0xfa, 0xfb, 0xab, 0x5c,
	0x5e, 0xff, 0x2a, 0xac, 0xad, 0xae, 0xaf, 0xb0, 0xb1, 0xb1, 0xb2, 0xb3, 0xb4, 0xb4, 0xb5, 0xb6, 0xb7, 0xb8, 0xb8, 0xb9, 0xb9, 0xba, 0xba, 0xbb, 0xbb, 0xbc, 0xbc, 0xbd, 0xbe, 0xbe, 0xbe, 0xbf, 0x3f, 0x3f, 0x2a, 0xac, 0x2a, 0x2c, 0x2c, 0x2c,
	0x2d, 0x2e, 0x2e, 0x2f, 0x30, 0x30, 0x31, 0x32, 0x32, 0x33, 0x33, 0x34, 0x35, 0x35, 0x36, 0x37, 0x37, 0x38, 0x38, 0x39, 0x3a, 0x3a, 0x3b, 0x3c, 0x3c, 0x3d, 0x0d, 0x0e, 0x0e, 0x0f, 0x0f, 0x10, 0x11, 0x11, 0x12, 0x13, 0x14, 0x14, 0x15, 0x16,
	0x17, 0x18, 0x2a, 0xac, 0xac, 0xad, 0xae, 0xae, 0xaf, 0xb0, 0xb0, 0x0a, 0x0a, 0x0b, 0x0b, 0x0c, 0x0c, 0x0d, 0x2a, 0xac, 0xad, 0x2c, 0xaf, 0xaf, 0xb0, 0xb1, 0xb2, 0x6d, 0xb3, 0xb3, 0xb4, 0x6f, 0x35, 0x36, 0x37, 0x37, 0x38, 0x38, 0x38, 0x39,
	0x39, 0x76, 0x77, 0x77, 0x78, 0x78, 0x79, 0x7a, 0x7a, 0x7b, 0x2a, 0x2a, 0x2b, 0x2c, 0x2c, 0x2d, 0x2e, 0x2f, 0x2f, 0xc6, 0xc6, 0xc7, 0xc7, 0xd1, 0xd2, 0xd2, 0x31, 0x32, 0x33, 0x96, 0x96, 0x97, 0x97, 0x98, 0x99, 0x99, 0x9a, 0x9b, 0x9b, 0x9c,
	0x9d, 0x9d, 0x2a, 0xac, 0xac, 0xad, 0xae, 0xae, 0xaf, 0xaf, 0xaf, 0xb0, 0xb1, 0xb1, 0xb2, 0xb2, 0xb2, 0xb3, 0xb3, 0xb4, 0xb5, 0xb5, 0x36, 0xb7, 0x37, 0x37, 0x38, 0x39, 0x39, 0x3a, 0x3b, 0x3b, 0x3c, 0xcf, 0x2d, 0x2f, 0x2f, 0x30, 0x32, 0x33,
	0xc9, 0xc9, 0xca, 0xca, 0xcb, 0xcc, 0xcc, 0xcd, 0xcd, 0xce, 0xd2, 0xd3, 0xca, 0xd4, 0xd5, 0xd6, 0xd6, 0xd7, 0xcd, 0xd8, 0xd9, 0xd9, 0xda, 0xda, 0xdb, 0xdc, 0xae, 0xad, 0xae, 0xae, 0xae, 0xb0, 0x2f, 0x30, 0x30, 0x30, 0xec, 0xec, 0xd2, 0xd1,
	0xd2, 0xd2, 0x93, 0x99, 0x9e, 0x2d, 0xec, 0xff, 0x2e, 0xed, 0xef, 0x6a, 0x6f, 0xfb, 0x07, 0x5c, 0x5e, 0xff, 0xac, 0xac, 0xae, 0xaf, 0xaf, 0xb0, 0xb1, 0xb2, 0xb3, 0xb3, 0xb4, 0xb5, 0xb6, 0xb6, 0xb7, 0xb8, 0xb8, 0xb9, 0xba, 0xba, 0xbb, 0xbb,
	0xbc, 0xbd, 0xbd, 0xbe, 0xbe, 0xbe, 0xbf, 0xbf, 0x3f, 0x1c, 0xac, 0xac, 0xad, 0xae, 0x2c, 0x2d, 0xaf, 0x2e, 0x2f, 0x30, 0x30, 0x31, 0x32, 0x32, 0x32, 0x33, 0x34, 0x34, 0x35, 0x36, 0x36, 0x37, 0x37, 0x38, 0x39, 0x3a, 0x3a, 0x3b, 0x3b, 0x3c,
	0x3d, 0x3e, 0x0e, 0x0e, 0x0f, 0x0f, 0x10, 0x11, 0x11, 0x12, 0x13, 0x14, 0x14, 0x15, 0x16, 0x17, 0x18, 0x18, 0xac, 0xac, 0xad, 0xae, 0xae, 0xaf, 0x09, 0xb0, 0x0a, 0x0b, 0x0b, 0x0b, 0x0c, 0x0c, 0x0c, 0x0d, 0xac, 0xac, 0xad, 0xae, 0xaf, 0xb0,
	0xb1, 0xb1, 0xb2, 0x6e, 0xb3, 0xb4, 0xb5, 0xb5, 0xb6, 0x36, 0x37, 0x38, 0x38, 0x38, 0x39, 0x39, 0x3a, 0x3a, 0x77, 0x77, 0x78, 0x78, 0x7a, 0x7a, 0x7a, 0x7c, 0xac, 0xac, 0x2c, 0x2c, 0x2d, 0x2e, 0x2f, 0x2f, 0x2f, 0x30, 0xc7, 0xc7, 0xd1, 0xd2,
	0xd2, 0xd2, 0x32, 0x32, 0x33, 0x34, 0x35, 0x97, 0x98, 0x98, 0x99, 0x9a, 0x9b, 0x9b, 0x9b, 0x9c, 0x9d, 0x9d, 0xac, 0xac, 0xad, 0xae, 0xae, 0xae, 0xaf, 0xaf, 0xb0, 0xb0, 0xb1, 0xb1, 0xb2, 0xb2, 0xb2, 0xb3, 0xb4, 0xb4, 0xb5, 0xb6, 0x36, 0xb7,
	0xb8, 0x38, 0x39, 0x39, 0xba, 0x3b, 0xbc, 0xbc, 0xbd, 0xcf, 0x2e, 0x2f, 0x30, 0x31, 0x32, 0x33, 0xc9, 0xca, 0xca, 0xcb, 0xcb, 0xcc, 0xcd, 0xcd, 0xce, 0xcf, 0xd3, 0xd3, 0xd4, 0xd4, 0xd5, 0xd6, 0xd7, 0xd7, 0xd8, 0xd8, 0xd9, 0xda, 0xda, 0xdb,
	0xdc, 0xdc, 0xae, 0xae, 0xae, 0xae, 0xaf, 0xb0, 0x2f, 0x30, 0x30, 0x32, 0x32, 0xed, 0xd2, 0xd2, 0xd2, 0xd2, 0x6d, 0x99, 0x9f, 0x2e, 0xec, 0xff, 0x2e, 0xed, 0xef, 0x6b, 0x6f, 0xfb, 0x07, 0x5c, 0x5e, 0xff, 0xad, 0xae, 0xaf, 0xaf, 0xb0, 0xb1,
	0xb2, 0xb3, 0xb3, 0xb4, 0xb5, 0xb6, 0xb6, 0xb7, 0xb8, 0xb9, 0xb9, 0xba, 0xba, 0xbb, 0xbb, 0xbc, 0xbd, 0xbd, 0xbe, 0xbe, 0xbf, 0xbf, 0x1b, 0x1b, 0x1c, 0x1d, 0xad, 0xad, 0xae, 0xaf, 0xaf, 0xaf, 0xb0, 0xb1, 0xb1, 0x31, 0x31, 0x31, 0x32, 0x33,
	0x33, 0x34, 0x35, 0x35, 0x36, 0x37, 0x37, 0x37, 0x38, 0x39, 0x39, 0x3a, 0x3b, 0x3c, 0x3c, 0x3d, 0xbe, 0x3e, 0x0e, 0x0f, 0x0f, 0x10, 0x11, 0x11, 0x12, 0x13, 0x14, 0x14, 0x15, 0x16, 0x17, 0x18, 0x19, 0x19, 0xad, 0xae, 0xae, 0xaf, 0xaf, 0x09,
	0x0a, 0x0a, 0x0b, 0x0b, 0x0b, 0x0c, 0x0c, 0x0d, 0x0d, 0x0e, 0xad, 0xae, 0xae, 0xaf, 0xb0, 0xb1, 0xb1, 0xb2, 0xb2, 0xb3, 0xb4, 0x6f, 0xb5, 0xb6, 0xb7, 0xb7, 0xb8, 0x38, 0x39, 0x39, 0x3a, 0x3a, 0x3a, 0x77, 0x78, 0x78, 0x79, 0x7a, 0x7a, 0x7b,
	0x7c, 0x7c, 0xad, 0xae, 0x2c, 0x2d, 0x2e, 0x2e, 0x2f, 0x30, 0x30, 0x30, 0x31, 0xc7, 0xd2, 0xd2, 0xd2, 0xd3, 0x32, 0x33, 0x34, 0x35, 0x36, 0x98, 0x98, 0x99, 0x99, 0x9a, 0x9b, 0x9b, 0x9c, 0x9d, 0x9d, 0x9e, 0xad, 0xad, 0xae, 0xaf, 0xaf, 0xaf,
	0xb0, 0xb0, 0xb1, 0xb1, 0xb2, 0xb2, 0xb3, 0xb3, 0xb3, 0xb4, 0xb5, 0xb5, 0xb6, 0xb7, 0xb7, 0xb8, 0xb9, 0x39, 0xba, 0xbb, 0xbb, 0xbc, 0xbd, 0xbd, 0xbe, 0xcf, 0x2f, 0x30, 0x31, 0x32, 0x33, 0x34, 0xca, 0xca, 0xca, 0xcb, 0xcc, 0xcc, 0xcd, 0xce,
	0xce, 0xcf, 0xd3, 0xd4, 0xd5, 0xd5, 0xd6, 0xd7, 0xcd, 0xd8, 0xd8, 0xd9, 0xda, 0xda, 0xdb, 0xdc, 0x3f, 0xdd, 0x08, 0x08, 0x09, 0x09, 0xb0, 0x0b, 0x30, 0x31, 0x32, 0x32, 0x32, 0x32, 0xd2, 0xd2, 0xd2, 0xd3, 0x6d, 0x9a, 0x9f, 0x2e, 0xec, 0xff,
	0x2f, 0xd0, 0xd0, 0x6c, 0x71, 0xfb, 0x08, 0x5e, 0x5f, 0xff, 0x85, 0x86, 0x28, 0x29, 0x2a, 0x2b, 0x2c, 0x2d, 0x2e, 0x2f, 0x2f, 0x30, 0x31, 0x32, 0x33, 0x34, 0x34, 0x35, 0x36, 0x36, 0x36, 0x37, 0x37, 0x38, 0x39, 0x39, 0x3b, 0xbc, 0xbc, 0xbc,
	0xbd, 0xcf, 0x85, 0x86, 0x86, 0x87, 0x87, 0x87, 0x2b, 0x88, 0x2b, 0xc3, 0xc4, 0xc4, 0xc4, 0xc5, 0xc5, 0xc5, 0xc6, 0xc6, 0xc7, 0x32, 0x33, 0x33, 0x34, 0x35, 0x35, 0xcb, 0xcb, 0xcc, 0xcc, 0xcc, 0xcd, 0xcd, 0x0b, 0xb2, 0xb2, 0xb3, 0xb4, 0xb4,
	0xb5, 0xb5, 0xb6, 0x10, 0xb7, 0xb8, 0xb9, 0xb9, 0xba, 0xba, 0x85, 0x86, 0x27, 0x28, 0x28, 0x29, 0x2a, 0x2b, 0x2b, 0x2c, 0x2c, 0xaf, 0x2d, 0xaf, 0xb0, 0xb0, 0x85, 0x86, 0x86, 0x87, 0xc2, 0x2b, 0x2b, 0x2c, 0x2d, 0x2e, 0x2f, 0x2f, 0x30, 0x31,
	0x31, 0x33, 0x33, 0x34, 0x35, 0x35, 0x36, 0x36, 0x36, 0x37, 0x37, 0x38, 0x38, 0x38, 0x75, 0x76, 0x76, 0x77, 0x85, 0x86, 0x87, 0x87, 0x88, 0x88, 0x89, 0x8a, 0x8a, 0x8b, 0x8c, 0x8c, 0x8d, 0x8e, 0x8e, 0xef, 0xc4, 0xc5, 0xc5, 0xc6, 0xc6, 0xc7,
	0xc7, 0xc9, 0xc9, 0xca, 0xca, 0xcb, 0x99, 0x99, 0x9b, 0x9b, 0x85, 0x86, 0x86, 0x86, 0x28, 0x29, 0x2a, 0x2a, 0x2b, 0x2b, 0x2c, 0x2c, 0x2d, 0x2e, 0x2e, 0x2f, 0x2f, 0x30, 0x30, 0x32, 0x32, 0x33, 0x34, 0x34, 0x35, 0x36, 0x36, 0xcc, 0xcc, 0xcc,
	0xcd, 0xcd, 0xc2, 0xc3, 0xc4, 0xc4, 0xc5, 0xc6, 0xc7, 0xc7, 0xc8, 0xc8, 0xd2, 0xd3, 0xca, 0xcb, 0xcc, 0xcd, 0xd0, 0xd0, 0xd1, 0xd2, 0xd3, 0xd3, 0xd4, 0xd4, 0xd5, 0xd6, 0xd6, 0xd7, 0xcd, 0xd8, 0xce, 0xd9, 0x28, 0x28, 0xe6, 0xe6, 0xe7, 0xe7,
	0xe9, 0xea, 0xea, 0xec, 0xec, 0xec, 0xed, 0xed, 0xee, 0xef, 0xc4, 0x97, 0x9d, 0x88, 0xeb, 0xff, 0x89, 0x8c, 0xf8, 0xf0, 0x6d, 0xfa, 0x27, 0xe5, 0xe6, 0xff, 0x86, 0x28, 0x28, 0x2a, 0x2b, 0x2b, 0x2c, 0x2d, 0x2e, 0x2f, 0x30, 0x31, 0x32, 0x32,
	0x33, 0x34, 0x35, 0x35, 0x36, 0x36, 0x37, 0x37, 0x38, 0x39, 0x39, 0xba, 0xbc, 0xbc, 0xbc, 0xbc, 0xbd, 0xcf, 0x86, 0x27, 0x86, 0x87, 0xc2, 0xc2, 0x2b, 0x2b, 0xc3, 0xc3, 0xc4, 0xc4, 0x2f, 0x2f, 0xc5, 0x30, 0x30, 0x31, 0x32, 0x33, 0x33, 0x33,
	0x34, 0x35, 0xcb, 0xcb, 0xcc, 0xcc, 0xcc, 0xcd, 0xcd, 0xce, 0x0b, 0xb2, 0xb2, 0xb3, 0xb4, 0xb4, 0xb5, 0xb5, 0x0f, 0x10, 0x11, 0xb8, 0x12, 0x13, 0xba, 0xbb, 0x86, 0x28, 0x28, 0x28, 0x29, 0x29, 0x2a, 0x2b, 0x2b, 0x2c, 0xae, 0xaf, 0xaf, 0xb0,
	0xb0, 0xb1, 0x86, 0x28, 0x28, 0x29, 0x2a, 0x2b, 0x2c, 0x2d, 0x2e, 0x2e, 0x2f, 0x30, 0x30, 0x31, 0x32, 0x33, 0x33, 0x34, 0x35, 0x36, 0x36, 0x36, 0x37, 0x37, 0x38, 0x38, 0x39, 0x39, 0x75, 0x76, 0x76, 0x77, 0x86, 0x86, 0x87, 0x87, 0x88, 0x88,
	0x89, 0x8a, 0x8a, 0x8b, 0x8c, 0x8d, 0x8d, 0x8e, 0xee, 0xd0, 0xc5, 0xc5, 0xc5, 0xc6, 0xc6, 0x94, 0xc9, 0xc9, 0xc9, 0xca, 0xcb, 0x99, 0x99, 0x9a, 0x9b, 0x9b, 0x86, 0x27, 0x28, 0x28, 0x29, 0x29, 0x2a, 0x2b, 0x2b, 0x2b, 0x2c, 0x2d, 0x2e, 0x2e,
	0x2e, 0x2f, 0x30, 0x30, 0x31, 0x32, 0x33, 0x33, 0x34, 0x35, 0x35, 0x36, 0x37, 0x37, 0xcc, 0xcc, 0xcd, 0xcd, 0xc2, 0xc3, 0xc4, 0xc5, 0xc5, 0xc6, 0xc7, 0xc7, 0xc8, 0xc8, 0xc9, 0xca, 0xca, 0xcb, 0xcc, 0xcd, 0xd0, 0xd1, 0xd1, 0xd2, 0xd3, 0xd3,
	0xd4, 0xd5, 0xd5, 0xd6, 0xd6, 0xd7, 0xd8, 0xd8, 0xce, 0xd9, 0x28, 0x28, 0x28, 0xe6, 0xe7, 0xe7, 0xe9, 0xea, 0xea, 0xec, 0xec, 0xec, 0xed, 0xee, 0xef, 0xd0, 0xc4, 0x97, 0x9d, 0x88, 0xeb, 0xff, 0x89, 0x8c, 0xf8, 0xf0, 0x6d, 0xfa, 0x28, 0xe6,
	0xe6, 0xff, 0x28, 0x28, 0x29, 0x2a, 0x2b, 0x2c, 0x2d, 0x2e, 0x2f, 0x30, 0x30, 0x31, 0x32, 0x33, 0x34, 0x35, 0x35, 0x36, 0x36, 0x37, 0x37, 0x38, 0x39, 0x39, 0xba, 0xbb, 0xbc, 0xbc, 0xbc, 0xbd, 0xbe, 0xbf, 0x28, 0x28, 0x28, 0x29, 0xc2, 0x2b,
	0x2b, 0x2c, 0x2c, 0x2d, 0x2e, 0x2e, 0x2f, 0x2f, 0x30, 0x30, 0x31, 0x32, 0x32, 0x33, 0x33, 0x34, 0x34, 0xcb, 0x36, 0xcb, 0xcc, 0xcc, 0xcd, 0xcd, 0xcd, 0xce, 0xb2, 0xb2, 0xb3, 0x0d, 0xb4, 0xb5, 0xb5, 0xb6, 0x10, 0x11, 0x11, 0x12, 0x13, 0xba,
	0xbb, 0x15, 0x28, 0x28, 0x28, 0x29, 0x2a, 0x2a, 0x2b, 0x2b, 0x2c, 0xae, 0xaf, 0xaf, 0xb0, 0xb0, 0xb1, 0x0b, 0x28, 0x28, 0x29, 0x2a, 0x2b, 0x2b, 0x2c, 0x2d, 0x2e, 0x2f, 0x2f, 0x31, 0x31, 0x32, 0x32, 0x33, 0x34, 0x35, 0x35, 0x36, 0x37, 0x37,
	0x37, 0x38, 0x38, 0x39, 0x75, 0x76, 0x76, 0x76, 0x77, 0x78, 0x28, 0x86, 0x87, 0x88, 0x88, 0x89, 0x8a, 0x8a, 0x8b, 0x8b, 0x8c, 0x8d, 0x8e, 0x8e, 0xd0, 0xd0, 0x2f, 0xc5, 0xc6, 0x94, 0x94, 0x95, 0xc9, 0xc9, 0x97, 0x97, 0x99, 0x99, 0x9a, 0x9a,
	0x9b, 0x9b, 0x28, 0x28, 0x28, 0x29, 0x29, 0x2a, 0x2b, 0x2b, 0x2b, 0x2c, 0x2d, 0x2d, 0x2e, 0x2e, 0x2f, 0x2f, 0x30, 0x31, 0x32, 0x32, 0x33, 0x34, 0x34, 0x35, 0x36, 0x36, 0x37, 0x38, 0xcc, 0xcd, 0xcd, 0xcd, 0xc3, 0xc3, 0xc4, 0xc5, 0xc5, 0xc6,
	0xc7, 0xc7, 0xc8, 0xc9, 0xd3, 0xca, 0xcb, 0xcc, 0xcc, 0xcd, 0xd1, 0xd1, 0xd2, 0xd2, 0xd3, 0xd4, 0xd4, 0xd5, 0xd6, 0xd6, 0xd7, 0xd8, 0xd8, 0xd8, 0xd9, 0xda, 0x29, 0x28, 0x2a, 0x2a, 0xe7, 0xe9, 0xe9, 0xea, 0xea, 0xec, 0xec, 0xec, 0xed, 0xee,
	0xd0, 0xd0, 0x91, 0x97, 0x9d, 0x88, 0xeb, 0xff, 0x89, 0x8d, 0xef, 0xf0, 0x6d, 0xfa, 0x28, 0xe6, 0xe6, 0xff, 0x28, 0x28, 0x29, 0x2a, 0x2b, 0x2c, 0x2d, 0x2e, 0x2f, 0x30, 0x31, 0x32, 0x32, 0x33, 0x34, 0x35, 0x35, 0x36, 0x37, 0x37, 0x38, 0x38,
	0x39, 0x39, 0xbb, 0xbc, 0xbc, 0xbc, 0xbd, 0xbe, 0xcf, 0xbf, 0x28, 0x28, 0x29, 0x2a, 0x2b, 0x2b, 0x2b, 0x2c, 0x2d, 0x2e, 0x2e, 0x2f, 0x2f, 0x2f, 0x30, 0x30, 0x31, 0x32, 0x33, 0x33, 0x34, 0x34, 0x35, 0x36, 0xcb, 0xcc, 0xcc, 0xcc, 0xcd, 0xcd,
	0xcd, 0xce, 0xb2, 0xb3, 0x0d, 0x0d, 0x0e, 0xb5, 0x0f, 0x0f, 0x10, 0x11, 0x12, 0x12, 0x13, 0x15, 0x15, 0x16, 0x28, 0x28, 0x29, 0x29, 0x2a, 0x2a, 0x2b, 0x2c, 0xae, 0xaf, 0xaf, 0xb0, 0xb0, 0xb1, 0x0b, 0x0b, 0x28, 0x28, 0x29, 0x2a, 0x2b, 0x2c,
	0x2c, 0x2e, 0x2e, 0x2f, 0x30, 0x31, 0x32, 0x32, 0x33, 0x34, 0x35, 0x35, 0x36, 0x36, 0x37, 0x37, 0x38, 0x38, 0x39, 0x75, 0x76, 0x76, 0x77, 0x77, 0x78, 0x78, 0x28, 0x28, 0x29, 0x88, 0x2b, 0x89, 0x8a, 0x8a, 0x8b, 0x8c, 0x8d, 0x8d, 0x8e, 0xd0,
	0xd0, 0xd0, 0x2f, 0x93, 0xc6, 0x94, 0x94, 0x96, 0x96, 0x97, 0x97, 0x98, 0x99, 0x99, 0x9a, 0x9b, 0x9b, 0x9b, 0x28, 0x28, 0x29, 0x29, 0x2a, 0x2b, 0x2b, 0x2b, 0x2c, 0x2d, 0x2d, 0x2e, 0x2e, 0x2f, 0x2f, 0x30, 0x31, 0x31, 0x32, 0x33, 0x33, 0x34,
	0x35, 0x35, 0x36, 0x37, 0x37, 0x39, 0xcd, 0xcd, 0xcd, 0xce, 0xc3, 0xc4, 0xc4, 0xc5, 0xc6, 0xc6, 0xc7, 0xc8, 0xc8, 0xc9, 0xd3, 0xca, 0xcb, 0xcc, 0xcc, 0xcd, 0xd1, 0xd1, 0xd2, 0xd3, 0xd3, 0xd4, 0xd5, 0xd6, 0xd6, 0xd7, 0xd7, 0xd8, 0xd8, 0xd9,
	0xda, 0xda, 0x2a, 0x29, 0x2a, 0x2b, 0xe7, 0xe9, 0xe9, 0xea, 0xea, 0xec, 0xec, 0xec, 0xed, 0xd0, 0xd0, 0xd0, 0x92, 0x97, 0x9d, 0x89, 0xeb, 0xff, 0x8a, 0x8d, 0xef, 0x69, 0x6e, 0xfa, 0x28, 0xe6, 0xe6, 0xff, 0x29, 0x29, 0x2a, 0x2b, 0x2c, 0x2c,
	0x2e, 0x2f, 0x30, 0x31, 0x31, 0x32, 0xb4, 0x34, 0x35, 0x36, 0x36, 0x36, 0x37, 0x38, 0x38, 0x39, 0xba, 0x3a, 0x3b, 0xbc, 0xbd, 0xbd, 0xbe, 0xbe, 0xbf, 0xbf, 0x29, 0x29, 0x29, 0x2a, 0x2b, 0x2b, 0x2c, 0x2d, 0x2e, 0x2e, 0x2f, 0x2f, 0x30, 0x30,
	0x30, 0x31, 0x32, 0x33, 0x33, 0x34, 0x34, 0x35, 0x35, 0x36, 0x37, 0xcc, 0xcc, 0xcd, 0xcd, 0xcd, 0xce, 0xce, 0xb3, 0x0d, 0x0d, 0x0e, 0x0e, 0x0f, 0x0f, 0x10, 0x11, 0x12, 0x12, 0x13, 0x14, 0x15, 0x16, 0x17, 0x29, 0x29, 0x29, 0x2a, 0x2a, 0x2b,
	0x2c, 0xae, 0xaf, 0xaf, 0xb0, 0xb0, 0xb1, 0xb1, 0x0b, 0xb2, 0x29, 0x29, 0x2a, 0x2b, 0x2c, 0x2c, 0x2d, 0x2e, 0x2f, 0x30, 0x31, 0x31, 0x32, 0x33, 0x33, 0x34, 0x35, 0x36, 0x36, 0x37, 0x37, 0x38, 0x38, 0x39, 0x75, 0x76, 0x76, 0x77, 0x77, 0x78,
	0x78, 0x78, 0x29, 0x29, 0xc2, 0xc2, 0x2b, 0xc3, 0x8a, 0xc4, 0xc5, 0x8c, 0x8d, 0x8d, 0x8e, 0xd0, 0xd1, 0xd1, 0x30, 0x93, 0x94, 0x94, 0x95, 0x96, 0x96, 0x97, 0x97, 0x98, 0x99, 0x9a, 0x9a, 0x9b, 0x9b, 0x9d, 0x29, 0x29, 0x29, 0x2a, 0x2a, 0x2b,
	0x2b, 0x2c, 0x2d, 0x2d, 0x2e, 0x2e, 0x2f, 0x2f, 0x30, 0x30, 0x31, 0x32, 0x33, 0x33, 0x34, 0x35, 0x35, 0x36, 0x37, 0x37, 0x38, 0x39, 0xcd, 0xcd, 0xce, 0xce, 0xc3, 0xc4, 0xc4, 0xc5, 0xc6, 0xc7, 0xc7, 0xc8, 0xc9, 0xc9, 0xca, 0xd4, 0xcb, 0xcc,
	0xcd, 0xcd, 0xd1, 0xd2, 0xd3, 0xd3, 0xd4, 0xd4, 0xd5, 0xd6, 0xd6, 0xd7, 0xd8, 0xd8, 0xd9, 0xd9, 0xda, 0xda, 0x2a, 0x2a, 0x2a, 0x2b, 0x2b, 0x2d, 0xe9, 0xea, 0xec, 0xec, 0xec, 0xed, 0xed, 0xd0, 0xd1, 0xd1, 0x92, 0x98, 0x9d, 0x2b, 0xec, 0xff,
	0x8a, 0x8d, 0xef, 0x69, 0x6e, 0xfa, 0xaa, 0xe6, 0xe7, 0xff, 0x29, 0x29, 0x2a, 0x2c, 0x2c, 0x2d, 0x2e, 0x2f, 0x31, 0x31, 0x32, 0x33, 0xb4, 0xb5, 0x35, 0x36, 0xb7, 0x37, 0x37, 0x38, 0x39, 0xba, 0xba, 0xbb, 0xbc, 0xbc, 0xbd, 0xbd, 0xbe, 0xbe,
	0xbf, 0xbf, 0x29, 0x29, 0x2a, 0x2b, 0x2b, 0x2c, 0x2c, 0x2d, 0x2e, 0x2f, 0x2f, 0x2f, 0x30, 0x30, 0x31, 0x32, 0x33, 0x33, 0x33, 0x34, 0x35, 0x35, 0x36, 0xcb, 0x37, 0xcc, 0xcd, 0xcd, 0xcd, 0xce, 0xce, 0xce, 0x0d, 0x0d, 0x0d, 0x0e, 0x0e, 0x0f,
	0x10, 0x11, 0x12, 0x12, 0x13, 0x13, 0x15, 0x15, 0x16, 0x17, 0x29, 0x29, 0x2a, 0x2a, 0x2b, 0xad, 0xae, 0xae, 0xaf, 0xb0, 0xb0, 0xb1, 0xb1, 0x0b, 0xb2, 0x0c, 0x29, 0x29, 0x2a, 0x2b, 0x90, 0x90, 0x2e, 0x2f, 0x2f, 0x30, 0x31, 0x32, 0x32, 0x33,
	0x34, 0x35, 0x35, 0x36, 0x37, 0x37, 0x38, 0x38, 0x39, 0x39, 0x76, 0x76, 0x77, 0x77, 0x77, 0x78, 0x78, 0x7a, 0x29, 0x2a, 0x2a, 0x2b, 0x2b, 0xc3, 0xc4, 0xc4, 0xc5, 0xc5, 0xc6, 0xc7, 0xd0, 0xd1, 0xd1, 0xd1, 0x30, 0x94, 0x94, 0x94, 0x96, 0x96,
	0x97, 0x97, 0x98, 0x99, 0x99, 0x9a, 0x9b, 0x9b, 0x9c, 0x9d, 0x29, 0x29, 0x2a, 0x2a, 0x2a, 0x2b, 0x2c, 0x2c, 0x2d, 0x2e, 0x2e, 0x2e, 0x2f, 0x30, 0x30, 0x31, 0x32, 0x32, 0x33, 0x34, 0x35, 0x35, 0x36, 0x37, 0x37, 0x37, 0x39, 0x39, 0xcd, 0xcd,
	0xce, 0xce, 0x2c, 0x2e, 0xc5, 0xc5, 0xc6, 0xc7, 0xc8, 0xc9, 0xc9, 0xca, 0xca, 0xcb, 0xcb, 0xcc, 0xcd, 0xce, 0xd2, 0xd2, 0xd3, 0xd3, 0xd4, 0xd5, 0xd5, 0xd6, 0xd7, 0xd7, 0xd8, 0xd9, 0xd9, 0xda, 0xda, 0xda, 0xac, 0xab, 0x2b, 0x2b, 0x2c, 0x2d,
	0x2e, 0x2f, 0xec, 0xec, 0xec, 0xed, 0xed, 0xd1, 0xd1, 0xd1, 0x92, 0x98, 0x9e, 0x2c, 0xec, 0xff, 0x8a, 0x8d, 0xef, 0x6a, 0x6e, 0xfb, 0xab, 0xe6, 0xe7, 0xff, 0x29, 0x2a, 0x2b, 0x2c, 0x90, 0x2d, 0x2f, 0xb1, 0xb2, 0x32, 0xb3, 0xb4, 0xb5, 0x35,
	0x36, 0xb7, 0x37, 0x37, 0x38, 0x39, 0x39, 0xba, 0xbb, 0x3b, 0xbc, 0xbd, 0xbd, 0xbe, 0xbe, 0xbf, 0xbf, 0x3f, 0x29, 0x2a, 0x2a, 0x2b, 0x2b, 0x2c, 0x2d, 0x2e, 0x2e, 0x2f, 0x2f, 0x30, 0x31, 0x31, 0x31, 0x32, 0x33, 0x33, 0x34, 0x35, 0x35, 0x36,
	0x37, 0x37, 0xcc, 0xcc, 0xcd, 0xcd, 0xcd, 0xce, 0xce, 0xcf, 0x0d, 0x0d, 0x0e, 0x0e, 0x0f, 0x0f, 0x11, 0x11, 0x12, 0x12, 0x13, 0x14, 0x15, 0x16, 0x17, 0x17, 0x29, 0x2a, 0x2a, 0x2a, 0xad, 0xae, 0xae, 0xaf, 0xaf, 0xb0, 0xb0, 0xb1, 0xb1, 0x0b,
	0xb2, 0x0c, 0x29, 0x2a, 0x2a, 0x2b, 0x90, 0x90, 0x2e, 0x2f, 0x30, 0x31, 0x31, 0x32, 0x33, 0x34, 0x34, 0x35, 0x36, 0x37, 0x37, 0x38, 0x38, 0x39, 0x39, 0x39, 0x76, 0x77, 0x77, 0x77, 0x78, 0x78, 0x7a, 0x7a, 0x29, 0x2a, 0x2a, 0x2b, 0x2c, 0xc4,
	0xc4, 0xc4, 0xc5, 0xc6, 0xc6, 0xc7, 0xd1, 0xd1, 0xd1, 0xd1, 0x31, 0x94, 0x94, 0x95, 0x96, 0x96, 0x97, 0x98, 0x98, 0x99, 0x9a, 0x9b, 0x9b, 0x9b, 0x9d, 0x9d, 0x29, 0x2a, 0x2a, 0x2b, 0x2b, 0x2c, 0x2c, 0x2d, 0x2d, 0x2e, 0x2f, 0x2f, 0x30, 0x30,
	0x31, 0x31, 0x32, 0x33, 0x33, 0x34, 0x35, 0x36, 0x36, 0x37, 0x37, 0x38, 0x39, 0x39, 0xcd, 0x3b, 0xce, 0xce, 0x2d, 0x2e, 0x2f, 0x30, 0xc6, 0xc7, 0xc9, 0xc9, 0xc9, 0xca, 0xd4, 0xcb, 0xcc, 0xcc, 0xcd, 0xce, 0xd2, 0xd2, 0xd3, 0xd4, 0xd5, 0xd5,
	0xd6, 0xd6, 0xd7, 0xd8, 0xd8, 0xd9, 0xd9, 0xda, 0xda, 0xdb, 0xac, 0xac, 0xae, 0xae, 0x2c, 0x2e, 0x2e, 0x2f, 0xec, 0xec, 0xec, 0xed, 0xd1, 0xd1, 0xd1, 0xd1, 0x92, 0x99, 0x9e, 0x2d, 0xec, 0xff, 0x8a, 0x8e, 0xef, 0x6a, 0x6f, 0xfb, 0xab, 0x5c,
	0x5e, 0xff, 0x2a, 0x2a, 0x2b, 0x90, 0x2d, 0xb0, 0xb1, 0xb1, 0xb2, 0xb3, 0xb4, 0xb4, 0xb5, 0xb6, 0xb7, 0x37, 0x37, 0x38, 0x39, 0xba, 0xba, 0xbb, 0x3b, 0xbc, 0x3c, 0xbd, 0xbe, 0xbe, 0xbf, 0xbf, 0x3f, 0x3f, 0x2a, 0x2a, 0x2b, 0x2c, 0x2c, 0x2c,
	0x2e, 0x2e, 0x2f, 0x2f, 0x30, 0x30, 0x31, 0x31, 0x32, 0x33, 0x33, 0x34, 0x35, 0x35, 0x36, 0x37, 0x37, 0x38, 0x38, 0x39, 0xcd, 0xcd, 0xce, 0x3b, 0x3c, 0xcf, 0x0d, 0x0e, 0x0e, 0x0f, 0x0f, 0x10, 0x11, 0x11, 0x12, 0x13, 0x14, 0x15, 0x15, 0x16,
	0x17, 0x18, 0x2a, 0x2a, 0x2a, 0x2b, 0xae, 0xae, 0xaf, 0xb0, 0xb0, 0xb1, 0xb1, 0x0b, 0x0b, 0x0c, 0x0c, 0x0d, 0x2a, 0x2a, 0x2b, 0x90, 0x90, 0x90, 0x6b, 0x2f, 0x31, 0x6d, 0x32, 0x33, 0x33, 0x34, 0x35, 0x36, 0x37, 0x37, 0x38, 0x38, 0x38, 0x39,
	0x39, 0x76, 0x77, 0x77, 0x78, 0x78, 0x78, 0x7a, 0x7a, 0x7b, 0x2a, 0x2a, 0x2b, 0x2c, 0x2c, 0x2d, 0xc4, 0xc5, 0xc5, 0xc6, 0xc6, 0xc7, 0xc7, 0xd1, 0xd1, 0xd2, 0x31, 0x94, 0x95, 0x96, 0x96, 0x97, 0x97, 0x98, 0x99, 0x99, 0x9a, 0x9b, 0x9b, 0x9c,
	0x9d, 0x9d, 0x2a, 0x2a, 0x2a, 0x2b, 0x90, 0x2c, 0x90, 0x90, 0x2e, 0x2e, 0x2f, 0xb1, 0x31, 0x31, 0x31, 0x32, 0x32, 0x33, 0x34, 0x35, 0x35, 0x36, 0x37, 0x37, 0x38, 0x39, 0x39, 0x3a, 0x3b, 0xce, 0xce, 0xcf, 0x90, 0x2f, 0x2f, 0xc6, 0xc7, 0xc7,
	0xc9, 0xc9, 0xca, 0xca, 0xcb, 0xcc, 0xcc, 0xcd, 0xcd, 0xce, 0xd2, 0xd3, 0xd3, 0xd4, 0xd5, 0xd6, 0xd6, 0xd7, 0xd7, 0xd8, 0xd9, 0xd9, 0xda, 0xda, 0xdb, 0xdc, 0xae, 0xad, 0xae, 0xae, 0x2d, 0x2e, 0x2f, 0x30, 0x30, 0x30, 0xec, 0xed, 0xd1, 0xd1,
	0xd2, 0xd2, 0x93, 0x99, 0x9e, 0x2d, 0xec, 0xff, 0xc4, 0x8e, 0xef, 0x6a, 0x6f, 0xfb, 0xac, 0x5c, 0x5e, 0xff, 0x2a, 0x68, 0xad, 0x90, 0xaf, 0xb0, 0xb1, 0xb2, 0xb2, 0xb3, 0xb4, 0xb5, 0xb5, 0xb6, 0xb7, 0xb8, 0xb8, 0xb9, 0xba, 0xba, 0xbb, 0xbb,
	0xbc, 0xbc, 0xbd, 0xbe, 0xbe, 0xbe, 0xbf, 0xbf, 0x3f, 0x3f, 0x2a, 0x68, 0x2b, 0x90, 0x90, 0x90, 0x2e, 0x2e, 0x2f, 0x2f, 0x30, 0x31, 0x31, 0x32, 0x32, 0x33, 0x34, 0x34, 0x35, 0x35, 0x36, 0x37, 0x37, 0x38, 0x39, 0x39, 0x3a, 0x3b, 0x3b, 0x3c,
	0x3d, 0xcf, 0x0e, 0x0e, 0x0f, 0x0f, 0x10, 0x11, 0x11, 0x12, 0x13, 0x14, 0x14, 0x15, 0x16, 0x17, 0x18, 0x18, 0x2a, 0x68, 0xac, 0xae, 0xae, 0xaf, 0xaf, 0xb0, 0xb0, 0xb1, 0xb1, 0x0b, 0xb2, 0x0c, 0x0c, 0x0d, 0x2a, 0x68, 0x90, 0x90, 0x90, 0x6b,
	0x6b, 0xb1, 0x6d, 0x6e, 0x6e, 0x33, 0x6f, 0x70, 0x35, 0x36, 0x37, 0x38, 0x38, 0x38, 0x75, 0x75, 0x3a, 0x77, 0x77, 0x77, 0x78, 0x78, 0x7a, 0x7a, 0x7a, 0x7c, 0x2a, 0x2b, 0x2c, 0x2c, 0x2d, 0x2e, 0x2f, 0x2f, 0x2f, 0xc6, 0xc7, 0xc7, 0xc7, 0xd1,
	0xd2, 0xd2, 0x31, 0x94, 0x95, 0x96, 0x96, 0x97, 0x98, 0x98, 0x99, 0x9a, 0x9b, 0x9b, 0x9b, 0x9c, 0x9d, 0x9d, 0x2a, 0x68, 0x2b, 0x90, 0x90, 0x90, 0x90, 0xaf, 0x2e, 0xb0, 0xb1, 0xb1, 0x31, 0xb2, 0x31, 0xb3, 0xb4, 0x33, 0x35, 0x35, 0x36, 0x37,
	0x37, 0x38, 0x39, 0x39, 0x3a, 0x3b, 0x3b, 0x3b, 0x3c, 0xcf, 0x90, 0x92, 0x30, 0x31, 0x32, 0xc9, 0xc9, 0xc9, 0xca, 0xca, 0xcb, 0xcc, 0xcc, 0xcd, 0xce, 0xce, 0xd3, 0xd3, 0xd4, 0xd4, 0xd5, 0xd6, 0xd6, 0xd7, 0xd8, 0xd8, 0xd9, 0xda, 0xda, 0xdb,
	0xdb, 0xdc, 0xae, 0xae, 0xae, 0xae, 0x2d, 0x2e, 0x2f, 0x30, 0x30, 0x30, 0x32, 0xed, 0xd2, 0xd2, 0xd2, 0xd2, 0x93, 0x99, 0x9f, 0x2e, 0xec, 0xff, 0xc4, 0x8e, 0xef, 0x6b, 0x6f, 0xfb, 0xad, 0x5c, 0x5e, 0xff, 0x68, 0x68, 0xae, 0xaf, 0xb0, 0xb1,
	0xb1, 0xb2, 0xb3, 0xb3, 0xb4, 0xb5, 0xb6, 0xb7, 0xb7, 0xb8, 0xb9, 0xb9, 0xba, 0xba, 0xbb, 0xbb, 0x3c, 0xbd, 0xbd, 0xbe, 0xbe, 0x3e, 0xbf, 0x3f, 0x3f, 0xde, 0x68, 0x68, 0x90, 0x90, 0x90, 0x90, 0x2e, 0x2f, 0x2f, 0x30, 0x31, 0x31, 0x32, 0x32,
	0x33, 0x33, 0x34, 0x34, 0x35, 0x36, 0x37, 0x37, 0x38, 0x39, 0x39, 0x3a, 0x3b, 0x3b, 0x3c, 0x3c, 0x3d, 0x3e, 0x0e, 0x0e, 0x0f, 0x0f, 0x10, 0x11, 0x12, 0x12, 0x13, 0x14, 0x14, 0x16, 0x16, 0x17, 0x18, 0x19, 0x68, 0x68, 0xad, 0xae, 0xae, 0xaf,
	0xaf, 0xb0, 0xb1, 0xb1, 0x0b, 0x0c, 0x0c, 0x0c, 0x0c, 0x0d, 0x68, 0x68, 0x90, 0x90, 0xaf, 0x6b, 0x6c, 0x6c, 0x6d, 0x6e, 0x6e, 0x6f, 0x70, 0x70, 0x36, 0x36, 0x37, 0x73, 0x38, 0x75, 0x76, 0x76, 0x77, 0x77, 0x77, 0x78, 0x78, 0x78, 0x7a, 0x7a,
	0x7b, 0x7c, 0x68, 0x2b, 0x90, 0x2c, 0x2d, 0x2e, 0x2f, 0x2f, 0x30, 0xc6, 0xc7, 0xc7, 0xc8, 0xd2, 0xd2, 0xd2, 0x32, 0x94, 0x95, 0x96, 0x97, 0x98, 0x98, 0x99, 0x99, 0x9a, 0x9b, 0x9b, 0x9c, 0x9d, 0x9d, 0x9e, 0x68, 0x68, 0xad, 0x90, 0xae, 0x90,
	0xaf, 0xb0, 0xb0, 0xb1, 0xb1, 0xb2, 0xb2, 0xb2, 0xb3, 0xb4, 0xb4, 0x34, 0x35, 0x36, 0x36, 0x37, 0x38, 0x38, 0x39, 0x39, 0x3a, 0x3b, 0x3b, 0x3c, 0x3c, 0xcf, 0x91, 0x92, 0x31, 0x31, 0x33, 0xc9, 0xc9, 0xca, 0xca, 0xcb, 0xcb, 0xcc, 0xcd, 0xd8,
	0xce, 0xcf, 0xd3, 0xd3, 0xd4, 0xd5, 0xd6, 0xd6, 0xd7, 0xd8, 0xd8, 0xd9, 0xd9, 0xda, 0xdb, 0xdb, 0xdc, 0xdd, 0xae, 0xae, 0xae, 0xae, 0xaf, 0xb0, 0x30, 0x30, 0x30, 0x32, 0x32, 0xd1, 0xd2, 0xd2, 0xd2, 0xd2, 0x93, 0x99, 0x9f, 0x2e, 0xec, 0xff,
	0x2e, 0x8e, 0xd0, 0x6b, 0x71, 0xfb, 0xad, 0x5d, 0x5f, 0xff, 0x68, 0xad, 0xaf, 0xaf, 0xb0, 0xb1, 0xb2, 0xb2, 0xb3, 0xb4, 0xb5, 0xb5, 0xb6, 0xb7, 0xb8, 0xb9, 0xb9, 0xba, 0xba, 0xbb, 0xbb, 0xbc, 0xbd, 0xbd, 0x3d, 0xbe, 0x3e, 0xbf, 0x3f, 0x3f,
	0x3f, 0xdf, 0x68, 0x69, 0xae, 0x90, 0x90, 0x2e, 0x6b, 0x2f, 0x30, 0x31, 0x31, 0x32, 0x32, 0x33, 0x33, 0x34, 0x34, 0x35, 0x36, 0x36, 0x37, 0x38, 0x38, 0x39, 0x39, 0x3a, 0x3b, 0x3b, 0x3c, 0x3d, 0x3e, 0x3e, 0x0e, 0x0e, 0x0f, 0x10, 0x11, 0x11,
	0x12, 0x13, 0x14, 0x14, 0x15, 0x16, 0x17, 0x18, 0x18, 0x19, 0x68, 0xad, 0xae, 0xae, 0xaf, 0xaf, 0xb0, 0xb1, 0xb1, 0x0b, 0x0b, 0x0c, 0x0c, 0x0d, 0x0d, 0x0e, 0x68, 0xad, 0x69, 0xaf, 0x6b, 0x6b, 0x6c, 0x6d, 0x6d, 0x6e, 0x6f, 0x6f, 0x70, 0x70,
	0x71, 0x37, 0x73, 0x38, 0x75, 0x75, 0x76, 0x76, 0x77, 0x77, 0x78, 0x78, 0x7a, 0x7a, 0x7a, 0x7b, 0x7c, 0x7d, 0x68, 0x90, 0x90, 0x2d, 0x2e, 0x2e, 0x2f, 0x2f, 0x30, 0x31, 0xc7, 0xc7, 0xc9, 0xd2, 0xd2, 0xd3, 0x32, 0x95, 0x96, 0x96, 0x97, 0x98,
	0x98, 0x99, 0x99, 0x9a, 0x9b, 0x9b, 0x9c, 0x9d, 0x9e, 0x9e, 0x68, 0x69, 0xad, 0xae, 0xaf, 0xaf, 0x6b, 0xb0, 0xb1, 0xb1, 0xb2, 0xb2, 0xb2, 0xb3, 0xb3, 0xb4, 0xb4, 0xb5, 0xb6, 0x36, 0xb7, 0x37, 0x38, 0x39, 0x39, 0x3a, 0x3a, 0x3b, 0x3c, 0x3c,
	0x3d, 0x3e, 0x92, 0x92, 0x31, 0x32, 0x33, 0x33, 0xc9, 0xca, 0xca, 0xcb, 0xcb, 0xcc, 0xcd, 0xd8, 0xce, 0xcf, 0xd3, 0xd4, 0xd4, 0xd5, 0xd6, 0xd7, 0xd7, 0xd8, 0xd9, 0xd9, 0xda, 0xda, 0xdb, 0xdc, 0xdc, 0xdd, 0xaf, 0xae, 0xaf, 0xaf, 0xb0, 0xb1,
	0x30, 0x30, 0x32, 0x32, 0x32, 0x32, 0xd2, 0xd2, 0xd2, 0xd3, 0x93, 0x9a, 0x9f, 0x2e, 0xec, 0xff, 0x2f, 0xd0, 0xd0, 0x6b, 0x71, 0xfb, 0xae, 0x5e, 0x5f, 0xff, 0xad, 0x69, 0xaf, 0x6b, 0x6b, 0x6c, 0x6d, 0xb3, 0xb4, 0xb4, 0xb5, 0xb6, 0xb6, 0xb7,
	0xb8, 0xb9, 0xb9, 0xba, 0xbb, 0xbb, 0xbb, 0xbc, 0x3d, 0xbd, 0xbe, 0x3e, 0x3e, 0x3f, 0x3f, 0x3f, 0xde, 0x1d, 0xad, 0x69, 0x69, 0xaf, 0xaf, 0xb0, 0x6b, 0x2f, 0x30, 0x31, 0x31, 0x32, 0x32, 0x33, 0x33, 0x34, 0x35, 0x35, 0x36, 0x37, 0x37, 0x38,
	0x38, 0x39, 0x3a, 0x3a, 0x3c, 0x3c, 0x3d, 0x3d, 0x3e, 0x3f, 0x0e, 0x0f, 0x10, 0x10, 0x11, 0x12, 0x13, 0x13, 0x14, 0x15, 0x16, 0x16, 0x18, 0x18, 0x19, 0x1a, 0xad, 0x69, 0xae, 0xaf, 0xaf, 0xb0, 0xb0, 0xb1, 0x0b, 0x0b, 0x0b, 0x0c, 0x0c, 0x0d,
	0x0d, 0x0e, 0xad, 0x69, 0x69, 0x6a, 0x6b, 0x6c, 0x6c, 0x6d, 0x6e, 0x6f, 0x6f, 0x6f, 0x70, 0x71, 0x71, 0x72, 0x73, 0x75, 0x75, 0x76, 0x77, 0x77, 0x77, 0x78, 0x78, 0x7a, 0x7a, 0x7a, 0x7b, 0x7c, 0x7c, 0x7d, 0xad, 0xae, 0x90, 0x2d, 0x2e, 0x2f,
	0x2f, 0x30, 0x30, 0x31, 0xc7, 0xc7, 0xc9, 0xd2, 0xd3, 0xd3, 0x33, 0x95, 0x96, 0x97, 0x98, 0x98, 0x99, 0x99, 0x9a, 0x9b, 0x9b, 0x9c, 0x9d, 0x9d, 0x9e, 0x9f, 0xad, 0x69, 0x69, 0xaf, 0x6a, 0xaf, 0x6b, 0xb1, 0xb1, 0xb1, 0xb2, 0xb2, 0xb3, 0x6e,
	0xb3, 0xb4, 0xb5, 0xb5, 0xb6, 0xb7, 0xb7, 0x38, 0x38, 0x39, 0x3a, 0x3a, 0x3b, 0x3c, 0x3c, 0x3d, 0x3e, 0x3e, 0x92, 0x93, 0x31, 0x32, 0x33, 0x34, 0xca, 0xca, 0xcb, 0xcb, 0xcc, 0xd7, 0xcd, 0xce, 0xd9, 0xcf, 0xd4, 0xd4, 0xd5, 0xd5, 0xd6, 0xd7,
	0xd7, 0xd8, 0xd9, 0xda, 0xda, 0xdb, 0xdb, 0xdc, 0xdd, 0xdd, 0x09, 0x08, 0x09, 0x09, 0xb0, 0x0b, 0x30, 0x31, 0x32, 0x32, 0x33, 0x32, 0xd2, 0xd2, 0xd3, 0xd3, 0x6e, 0x9a, 0x9f, 0x2e, 0xec, 0xff, 0x2f, 0xd0, 0xd0, 0x6c, 0x72, 0xfb, 0x08, 0x5e,
	0x5f, 0xff, 0x69, 0x69, 0xaf, 0x6b, 0xb1, 0xb1, 0xb2, 0xb3, 0xb4, 0xb5, 0xb5, 0xb6, 0xb7, 0xb8, 0xb8, 0xb9, 0xba, 0xba, 0xbb, 0xbb, 0x16, 0xbd, 0xbd, 0xbe, 0xbe, 0x3e, 0x3f, 0x3f, 0x3f, 0x3f, 0x1d, 0x1d, 0x69, 0x69, 0xae, 0x6a, 0xb0, 0xb0,
	0xb1, 0xb1, 0x31, 0x31, 0x32, 0x32, 0x33, 0x33, 0x34, 0x34, 0x35, 0x36, 0x36, 0x37, 0x38, 0x38, 0x39, 0x3a, 0x3a, 0x3b, 0x3c, 0x3c, 0x3d, 0x3d, 0x3e, 0x3f, 0x0f, 0x0f, 0x10, 0x11, 0x11, 0x12, 0x13, 0x14, 0x14, 0x15, 0x16, 0x16, 0x18, 0x19,
	0x19, 0x1a, 0x69, 0x69, 0xaf, 0xaf, 0xb0, 0xb0, 0x0a, 0x0b, 0x0b, 0x0b, 0x0c, 0x0c, 0x0d, 0x0d, 0x0e, 0x0e, 0x69, 0x69, 0x6a, 0x6b, 0x6b, 0x6c, 0x6d, 0x6d, 0x6e, 0x6f, 0x6f, 0x70, 0x70, 0x71, 0x71, 0x73, 0x38, 0x75, 0x76, 0x76, 0x77, 0x77,
	0x77, 0x78, 0x79, 0x7a, 0x7a, 0x7a, 0x7b, 0x7c, 0x7d, 0x7d, 0x69, 0x69, 0x90, 0x2d, 0x2e, 0x2f, 0x2f, 0x30, 0x31, 0x31, 0x32, 0xc9, 0xc9, 0xc9, 0xd3, 0xd3, 0x33, 0x95, 0x96, 0x97, 0x98, 0x98, 0x99, 0x99, 0x9a, 0x9b, 0x9b, 0x9c, 0x9d, 0x9d,
	0x9e, 0x9f, 0x69, 0x69, 0x6a, 0x6a, 0xaf, 0xb0, 0x6b, 0xb1, 0xb1, 0xb2, 0xb2, 0xb2, 0x6e, 0xb3, 0xb4, 0xb4, 0xb5, 0xb6, 0xb6, 0xb7, 0xb8, 0x38, 0xb9, 0x39, 0x3a, 0x3a, 0x3b, 0x3c, 0x3c, 0x3d, 0x3e, 0xbf, 0x6b, 0x31, 0x32, 0x32, 0x33, 0x34,
	0xca, 0xca, 0xcb, 0xcb, 0xcc, 0xcd, 0xcd, 0xce, 0xce, 0xcf, 0xd4, 0xd4, 0xd5, 0xd6, 0xd6, 0xd7, 0xd8, 0xd8, 0xd9, 0xda, 0xda, 0xdb, 0xdc, 0xdd, 0xdd, 0xde, 0x09, 0x09, 0x09, 0x0a, 0x0a, 0x0b, 0xb2, 0x32, 0x32, 0x33, 0x33, 0x33, 0xd3, 0xd3,
	0xd3, 0xd3, 0x6e, 0x9a, 0x9f, 0x2f, 0xec, 0xff, 0x2f, 0xd1, 0xd1, 0x6c, 0x72, 0xfb, 0x08, 0x5e, 0x5f, 0xff, 0x69, 0x69, 0xaf, 0x6b, 0x6c, 0xb2, 0xb3, 0xb3, 0xb4, 0xb5, 0xb5, 0xb6, 0xb7, 0xb8, 0xb9, 0xb9, 0xba, 0xba, 0xbb, 0x16, 0x16, 0x17,
	0x3d, 0xbe, 0xbe, 0x3e, 0x3f, 0x3f, 0x1c, 0x1c, 0x1d, 0x1e, 0x69, 0x69, 0xaf, 0xaf, 0x6b, 0x6b, 0xb1, 0x6c, 0x31, 0xb2, 0x32, 0x32, 0x33, 0x33, 0x34, 0x35, 0x35, 0x36, 0x37, 0x37, 0x38, 0x39, 0x39, 0x3a, 0x3a, 0x3b, 0x3c, 0x3d, 0x3d, 0x3e,
	0x3e, 0x3f, 0x0f, 0x10, 0x10, 0x11, 0x12, 0x13, 0x13, 0x14, 0x15, 0x16, 0x16, 0x16, 0x18, 0x19, 0x1a, 0x1a, 0x69, 0x69, 0x6a, 0xaf, 0x6b, 0xb0, 0x0a, 0x0b, 0x0b, 0x0c, 0x0c, 0x0c, 0x0d, 0x0d, 0x0e, 0x0e, 0x69, 0x69, 0x6a, 0x6b, 0x6c, 0x6c,
	0x6d, 0x6e, 0x6e, 0x6f, 0x6f, 0x70, 0x71, 0x71, 0x72, 0x73, 0x74, 0x75, 0x76, 0x77, 0x77, 0x77, 0x78, 0x78, 0x7a, 0x7a, 0x7a, 0x7b, 0x7c, 0x7c, 0x7d, 0x7e, 0x69, 0xae, 0xaf, 0x2e, 0x2f, 0x2f, 0x30, 0x30, 0x31, 0x32, 0x33, 0xc9, 0xc9, 0xca,
	0xd3, 0xd3, 0x33, 0x70, 0x96, 0x98, 0x98, 0x98, 0x99, 0x9a, 0x9a, 0x9b, 0x9c, 0x9c, 0x9d, 0x9d, 0x9e, 0x9f, 0x69, 0x69, 0x6a, 0x6a, 0xb0, 0x6b, 0x6b, 0x6c, 0xb1, 0x6d, 0xb2, 0xb3, 0xb3, 0xb3, 0xb4, 0xb5, 0xb5, 0xb6, 0xb7, 0xb7, 0xb8, 0xb9,
	0xb9, 0xba, 0x3a, 0x3a, 0x3c, 0x3c, 0x3d, 0x3d, 0x3e, 0xbf, 0x6c, 0x31, 0x32, 0x33, 0x34, 0x34, 0xca, 0xcb, 0xcb, 0xcc, 0xcc, 0xcd, 0xcd, 0xce, 0xcf, 0xcf, 0xd4, 0xd4, 0xd5, 0xd6, 0xd6, 0xd7, 0xd8, 0xd9, 0xd9, 0xda, 0xdb, 0xdb, 0xdc, 0xdd,
	0xde, 0xde, 0x09, 0x09, 0x0a, 0x0a, 0x0a, 0x0b, 0xb2, 0x32, 0x32, 0x33, 0x34, 0x33, 0xd3, 0xd3, 0xd3, 0xd3, 0x6e, 0x9b, 0x9f, 0x2f, 0xec, 0xff, 0x2f, 0xd1, 0xd1, 0x6d, 0x73, 0xfb, 0x08, 0x5f, 0x5f, 0xff, 0x69, 0x6a, 0xb0, 0x6b, 0xb1, 0xb2,
	0xb3, 0xb3, 0x6f, 0xb5, 0xb6, 0xb6, 0xb8, 0xb8, 0xb9, 0xba, 0xba, 0xbb, 0xbb, 0x16, 0x17, 0x17, 0x18, 0xbe, 0x19, 0x3f, 0x1b, 0x1b, 0x1c, 0x1d, 0x1d, 0x1e, 0x69, 0x6a, 0x6a, 0x6b, 0x6b, 0xb1, 0x6c, 0xb2, 0xb2, 0xb2, 0xb3, 0x33, 0x33, 0x34,
	0x34, 0x35, 0x36, 0x36, 0x37, 0x37, 0x38, 0x39, 0x39, 0x3a, 0x3a, 0x3c, 0x3d, 0x3d, 0x3d, 0x3e, 0x3f, 0x3f, 0x0f, 0x10, 0x11, 0x11, 0x12, 0x13, 0x14, 0x14, 0x15, 0x16, 0x16, 0x18, 0x18, 0x19, 0x1a, 0x1a, 0x69, 0x6a, 0x6a, 0x09, 0xb0, 0x0a,
	0x0a, 0x0b, 0x0b, 0x0c, 0x0c, 0x0d, 0x0d, 0x0e, 0x0e, 0x0f, 0x69, 0x6a, 0x6a, 0x6b, 0x6c, 0x6d, 0x6d, 0x6e, 0x6e, 0x6f, 0x70, 0x70, 0x71, 0x71, 0x72, 0x73, 0x75, 0x76, 0x76, 0x77, 0x77, 0x77, 0x78, 0x79, 0x7a, 0x7b, 0x7b, 0x7c, 0x7c, 0x7d,
	0x7d, 0x7e, 0x69, 0xaf, 0xaf, 0xb0, 0x2f, 0x30, 0x30, 0x31, 0x31, 0x32, 0x33, 0x33, 0xc9, 0xca, 0xd3, 0xd4, 0x33, 0x70, 0x70, 0x98, 0x98, 0x99, 0x99, 0x9a, 0x9a, 0x9b, 0x9c, 0x9d, 0x9d, 0x9d, 0x9e, 0x9f, 0x69, 0x6a, 0x6a, 0x6a, 0x6b, 0xb0,
	0x6c, 0xb1, 0xb2, 0xb2, 0xb3, 0xb3, 0xb3, 0xb4, 0xb4, 0xb5, 0xb5, 0xb6, 0xb7, 0xb8, 0xb8, 0xb9, 0xba, 0xba, 0xbb, 0xbb, 0x3c, 0x3d, 0x3d, 0x3e, 0x3e, 0x3f, 0x6c, 0x6d, 0x32, 0x33, 0x34, 0x34, 0xca, 0xcb, 0xcb, 0xcc, 0xcc, 0xcd, 0xce, 0xce,
	0xcf, 0xbf, 0xd4, 0xcb, 0xd5, 0xd6, 0xd7, 0xd7, 0xd8, 0xd9, 0xda, 0xda, 0xdb, 0xdc, 0xdd, 0xdd, 0xde, 0xde, 0x0a, 0x09, 0x0a, 0x0a, 0x0a, 0x0b, 0xb2, 0x32, 0x32, 0x33, 0x34, 0x34, 0x34, 0xd3, 0xd3, 0xd4, 0x6e, 0x9b, 0x9f, 0x30, 0xec, 0xff,
	0x2f, 0xd1, 0xd1, 0x6d, 0x73, 0xfb, 0x09, 0x5f, 0x40, 0xff, 0x6a, 0x6a, 0x6b, 0x6c, 0x6c, 0xb2, 0xb3, 0x6e, 0x6f, 0xb5, 0xb6, 0xb7, 0xb8, 0xb8, 0xb9, 0xba, 0xba, 0xbb, 0x16, 0x16, 0x17, 0x18, 0xbe, 0xbe, 0x3e, 0x3f, 0x1b, 0x1c, 0x1c, 0x1d,
	0x1e, 0x1e, 0x6a, 0x6a, 0xaf, 0x6b, 0x6b, 0xb1, 0xb1, 0xb2, 0xb2, 0xb3, 0xb4, 0x33, 0x34, 0x34, 0x35, 0x35, 0x36, 0x37, 0x37, 0x38, 0x39, 0x39, 0x3a, 0x3a, 0x3b, 0x3c, 0x3d, 0x3d, 0x3e, 0x3e, 0x3f, 0x3f, 0x10, 0x10, 0x11, 0x12, 0x13, 0x13,
	0x14, 0x14, 0x16, 0x16, 0x16, 0x18, 0x19, 0x1a, 0x1a, 0x1a, 0x6a, 0x6a, 0x6a, 0xb0, 0x0a, 0x0a, 0x0b, 0x0b, 0x0c, 0x0c, 0x0c, 0x0d, 0x0d, 0x0e, 0x0e, 0x0f, 0x6a, 0x6a, 0x6b, 0x6b, 0x6c, 0x6d, 0x6e, 0x6e, 0x6f, 0x6f, 0x70, 0x70, 0x71, 0x72,
	0x72, 0x74, 0x75, 0x76, 0x77, 0x77, 0x77, 0x78, 0x78, 0x7a, 0x7a, 0x7b, 0x7c, 0x7c, 0x7d, 0x7d, 0x7e, 0x7e, 0x6a, 0xaf, 0xaf, 0xb0, 0xb1, 0x30, 0x30, 0x31, 0x32, 0x32, 0x33, 0x34, 0xca, 0xca, 0xca, 0xd4, 0x6f, 0x70, 0x70, 0x71, 0x98, 0x99,
	0x99, 0x9a, 0x9b, 0x9b, 0x9c, 0x9d, 0x9d, 0x9e, 0x9f, 0x9f, 0x6a, 0x6a, 0x6a, 0x6b, 0xb0, 0x6b, 0x6c, 0x6c, 0x6d, 0x6d, 0xb3, 0xb3, 0xb4, 0xb4, 0xb5, 0xb5, 0xb6, 0xb6, 0xb7, 0xb8, 0xb9, 0xb9, 0xba, 0xbb, 0xbb, 0x3c, 0x3c, 0x3d, 0x3d, 0x3e,
	0x3e, 0x3f, 0x6c, 0x6d, 0x32, 0x33, 0x34, 0x35, 0xcb, 0xcb, 0xcb, 0xcc, 0xcd, 0xcd, 0xce, 0xce, 0xcf, 0xbf, 0xd4, 0xd5, 0xcc, 0xd6, 0xd7, 0xd8, 0xd8, 0xd9, 0xda, 0xda, 0xdb, 0xdc, 0xdd, 0xde, 0xde, 0xdf, 0x0a, 0x0a, 0x0a, 0x0a, 0x0b, 0x0b,
	0xb3, 0xb4, 0xb4, 0x34, 0x34, 0x34, 0x34, 0xca, 0xd4, 0xd4, 0x6f, 0x9b, 0x9f, 0xb1, 0x33, 0xff, 0x30, 0xd1, 0xd2, 0x6d, 0x73, 0xfb, 0x09, 0x5f, 0x40, 0xff, 0x52, 0x52, 0x53, 0x54, 0x55, 0x56, 0x57, 0x05, 0x06, 0x07, 0x07, 0x08, 0x08, 0x09,
	0x0a, 0x0b, 0x0b, 0x0b, 0x0c, 0x0c, 0x0d, 0x0d, 0x0e, 0x0e, 0x0f, 0x0f, 0x10, 0x11, 0x11, 0x12, 0x13, 0x14, 0x52, 0x52, 0x52, 0x02, 0xa4, 0xa5, 0xa5, 0xa6, 0xa7, 0xa8, 0xa8, 0x28, 0xaa, 0x29, 0x2a, 0x2b, 0x2c, 0xae, 0xaf, 0xb0, 0xb0, 0xb1,
	0xb1, 0xb2, 0xb2, 0xb3, 0xb4, 0xb4, 0xb5, 0xb6, 0x10, 0x11, 0x5c, 0x5d, 0x5d, 0x5e, 0x5f, 0x5f, 0x40, 0x41, 0x42, 0x42, 0x43, 0x44, 0x44, 0x45, 0x46, 0x46, 0x52, 0x52, 0x52, 0x53, 0x54, 0x54, 0x55, 0x56, 0x56, 0x57, 0x57, 0x58, 0x59, 0x5a,
	0x5a, 0x5b, 0x52, 0x52, 0x53, 0xa4, 0x03, 0xa6, 0x04, 0x05, 0x05, 0x06, 0x07, 0x07, 0xad, 0x08, 0x6a, 0x6a, 0x6b, 0x6c, 0x6d, 0x6d, 0x6e, 0x6e, 0x6e, 0x6f, 0x6f, 0x6f, 0x70, 0x70, 0x71, 0x71, 0x72, 0x73, 0x52, 0x52, 0x02, 0x23, 0x83, 0x25,
	0x84, 0x85, 0x86, 0x86, 0x87, 0x88, 0x88, 0x89, 0x8a, 0x8a, 0xaa, 0x67, 0x68, 0x90, 0x90, 0x91, 0x92, 0x92, 0x93, 0x93, 0x94, 0x95, 0x96, 0x96, 0x98, 0x98, 0x52, 0x52, 0x52, 0x53, 0x53, 0xa4, 0x54, 0x03, 0xa6, 0x04, 0x05, 0x05, 0xa9, 0xa9,
	0x06, 0x06, 0x07, 0xad, 0xae, 0x09, 0x09, 0xb0, 0x0b, 0x0b, 0x0b, 0x0c, 0x0d, 0x0d, 0x0e, 0x0e, 0x0f, 0x10, 0x25, 0x26, 0x27, 0x29, 0x2a, 0x2b, 0xc3, 0xc4, 0xc4, 0x2f, 0x30, 0x31, 0x32, 0x33, 0xb5, 0xb6, 0x8b, 0x8b, 0x2f, 0x2f, 0x30, 0x31,
	0x32, 0x33, 0x34, 0x35, 0x36, 0x36, 0xb7, 0xb8, 0xb8, 0xb9, 0xe0, 0xe1, 0xe1, 0xe2, 0xe3, 0xe4, 0xe5, 0xe5, 0xe6, 0xe6, 0xe7, 0xe7, 0xe7, 0x89, 0x8a, 0x8a, 0x66, 0x93, 0xf1, 0xe4, 0xe7, 0xf4, 0x84, 0x88, 0xf7, 0xf9, 0xf9, 0xfa, 0xfc, 0xfd,
	0xfd, 0xf4, 0x61, 0x52, 0x53, 0x54, 0x55, 0x56, 0x57, 0x05, 0x06, 0x06, 0x07, 0x08, 0x08, 0x09, 0x0a, 0x0b, 0x0b, 0x0b, 0x0c, 0x0c, 0x0d, 0x0d, 0x0e, 0x0e, 0x0f, 0x0f, 0x10, 0x10, 0x11, 0x12, 0x13, 0x14, 0x61, 0x52, 0x52, 0x53, 0x02, 0xa4,
	0xa5, 0x25, 0xa7, 0xa8, 0xa8, 0x28, 0x28, 0x29, 0x2a, 0x2b, 0x2b, 0x2c, 0xaf, 0xaf, 0xb0, 0xb1, 0xb1, 0xb2, 0xb2, 0xb3, 0xb4, 0xb4, 0xb5, 0xb6, 0x0f, 0x10, 0x5c, 0x5c, 0x5d, 0x5e, 0x5e, 0x5f, 0x40, 0x41, 0x42, 0x42, 0x43, 0x44, 0x44, 0x45,
	0x46, 0x46, 0x61, 0x52, 0x52, 0x53, 0x53, 0xe0, 0x55, 0x56, 0x56, 0x57, 0x57, 0x58, 0x58, 0x5a, 0x5a, 0x5b, 0x61, 0x52, 0x52, 0x53, 0x54, 0xa6, 0x04, 0x05, 0x05, 0x06, 0x06, 0x07, 0xad, 0x08, 0x08, 0x09, 0x0a, 0x6c, 0x6c, 0x6d, 0x6e, 0x6e,
	0x6e, 0x6f, 0x6f, 0x6f, 0x70, 0x70, 0x71, 0x71, 0x72, 0x72, 0x61, 0x61, 0x22, 0x82, 0x24, 0x84, 0x84, 0x85, 0x86, 0x86, 0x87, 0x88, 0x88, 0x89, 0x8a, 0x8a, 0x29, 0x67, 0x68, 0x90, 0x90, 0x91, 0x91, 0x92, 0x93, 0x93, 0x94, 0x95, 0x95, 0x96,
	0x98, 0x98, 0x61, 0x52, 0x52, 0x53, 0x53, 0x53, 0x54, 0x55, 0xa6, 0x04, 0x04, 0x05, 0x05, 0xa9, 0x06, 0x06, 0x07, 0x07, 0x08, 0x08, 0x09, 0x0a, 0x0a, 0x0b, 0x0b, 0x0c, 0x0d, 0x0d, 0x0e, 0x0e, 0x0f, 0x10, 0x25, 0x26, 0x27, 0x28, 0x2a, 0x2b,
	0xc3, 0x2d, 0xc4, 0x2f, 0x2f, 0x31, 0x32, 0x33, 0xb5, 0xb6, 0x8b, 0x8b, 0x2f, 0x2f, 0x30, 0x31, 0x32, 0x33, 0x34, 0x35, 0x36, 0xb7, 0xb7, 0xb8, 0xb8, 0xb9, 0xe0, 0xe1, 0xe1, 0xe2, 0xe3, 0xe4, 0xe4, 0xe5, 0xe6, 0xe6, 0xe7, 0xe7, 0xe7, 0x89,
	0x8a, 0x8a, 0x65, 0x93, 0xf1, 0xe4, 0xe7, 0xf4, 0x84, 0xf6, 0xf7, 0x56, 0xf9, 0xfa, 0xfc, 0xfd, 0xfd, 0xf4, 0x52, 0x52, 0x53, 0x54, 0x55, 0x56, 0x57, 0x05, 0x06, 0x07, 0x07, 0x08, 0x08, 0x09, 0x0a, 0x0b, 0x0b, 0x0c, 0x0c, 0x0c, 0x0d, 0x0d,
	0x0e, 0x0e, 0x0f, 0x0f, 0x10, 0x11, 0x11, 0x12, 0x13, 0x14, 0x52, 0x52, 0x53, 0x02, 0xa4, 0xa5, 0xa5, 0x25, 0xa7, 0x27, 0x27, 0x28, 0x29, 0x2a, 0x2a, 0x2b, 0x2c, 0x2c, 0xaf, 0x2e, 0xb0, 0xb1, 0xb1, 0xb2, 0xb2, 0xb3, 0xb4, 0xb4, 0xb5, 0xb6,
	0x0f, 0x11, 0x5c, 0x5c, 0x5e, 0x5e, 0x5f, 0x40, 0x40, 0x41, 0x42, 0x42, 0x43, 0x44, 0x45, 0x45, 0x46, 0x47, 0x52, 0x52, 0x53, 0x53, 0xe0, 0xe0, 0x55, 0x56, 0x56, 0x57, 0x57, 0x58, 0x59, 0x5a, 0x5a, 0x5b, 0x52, 0x52, 0x53, 0x53, 0x54, 0x04,
	0x04, 0x05, 0xa9, 0x06, 0x07, 0x07, 0x08, 0x08, 0xaf, 0x09, 0x0a, 0x6c, 0x6c, 0x6d, 0x6e, 0x6e, 0x6e, 0x6f, 0x6f, 0x70, 0x70, 0x70, 0x71, 0x71, 0x72, 0x73, 0x52, 0x22, 0x02, 0x83, 0x83, 0x84, 0x85, 0x85, 0x86, 0x86, 0x87, 0x88, 0x89, 0x89,
	0x8a, 0x8b, 0x29, 0x29, 0x68, 0x90, 0x90, 0x91, 0x92, 0x92, 0x93, 0x94, 0x94, 0x95, 0x95, 0x96, 0x98, 0x98, 0x52, 0x52, 0x53, 0x53, 0x53, 0xa4, 0x55, 0x55, 0x04, 0x04, 0x05, 0x05, 0x05, 0xaa, 0x06, 0xab, 0x07, 0xad, 0xae, 0x09, 0x09, 0x0a,
	0x0b, 0x0b, 0x0c, 0x0c, 0x0d, 0x0d, 0x0e, 0x0e, 0x0f, 0x10, 0x25, 0x26, 0x27, 0x28, 0x2a, 0x2b, 0x2c, 0x2d, 0xc4, 0x2f, 0x30, 0x31, 0x32, 0x33, 0xb5, 0xb6, 0x8b, 0x8b, 0x2f, 0x2f, 0x30, 0x31, 0x32, 0x33, 0x34, 0x35, 0x36, 0xb7, 0xb7, 0xb8,
	0xb8, 0xb9, 0xe1, 0xe1, 0xe2, 0xe2, 0xe3, 0xe4, 0xe5, 0xe5, 0xe6, 0xe7, 0xe7, 0xe7, 0xe8, 0x89, 0x8a, 0x8b, 0x66, 0x93, 0xf1, 0xe4, 0xe8, 0xf4, 0x84, 0xf6, 0xf7, 0x56, 0xf9, 0xfa, 0xfc, 0xfd, 0xfd, 0xf4, 0x52, 0x53, 0x53, 0x55, 0x55, 0x56,
	0x57, 0x58, 0x06, 0x07, 0x07, 0x08, 0x09, 0x09, 0x0a, 0x0b, 0x0b, 0x0c, 0x0c, 0x0c, 0x0d, 0x0d, 0x0e, 0x0e, 0x0f, 0x10, 0x10, 0x11, 0x11, 0x12, 0x13, 0x14, 0x52, 0x53, 0x53, 0x02, 0xa5, 0xa5, 0xa6, 0x26, 0x26, 0xa8, 0x28, 0x28, 0x29, 0x2a,
	0x2a, 0x2b, 0x2c, 0x2c, 0xaf, 0xb0, 0x2f, 0xb1, 0xb2, 0xb2, 0xb3, 0xb3, 0xb4, 0xb5, 0xb5, 0xb6, 0x10, 0x11, 0x5c, 0x5d, 0x5e, 0x5e, 0x5f, 0x40, 0x40, 0x41, 0x42, 0x43, 0x43, 0x44, 0x45, 0x45, 0x46, 0x47, 0x52, 0x53, 0x53, 0x53, 0xe0, 0xe0,
	0x55, 0x56, 0x56, 0x57, 0x58, 0x58, 0x59, 0x5a, 0x5a, 0x5c, 0x52, 0x53, 0x53, 0xa4, 0x55, 0x04, 0x04, 0x05, 0xa9, 0x06, 0x07, 0xac, 0x08, 0x08, 0x09, 0xb0, 0xb1, 0x0b, 0xb2, 0x6d, 0x6e, 0x6e, 0x6f, 0x6f, 0x6f, 0x70, 0x70, 0x70, 0x71, 0x71,
	0x72, 0x73, 0x52, 0x22, 0x02, 0x83, 0x24, 0x84, 0x85, 0x85, 0x86, 0x87, 0x87, 0x88, 0x89, 0x89, 0x8a, 0x8b, 0x29, 0x2a, 0x2b, 0x90, 0x90, 0x91, 0x92, 0x92, 0x93, 0x94, 0x95, 0x95, 0x96, 0x96, 0x98, 0x98, 0x52, 0x53, 0x53, 0x53, 0x53, 0xa5,
	0x55, 0x55, 0x04, 0x04, 0x05, 0x05, 0xa9, 0x06, 0xaa, 0x07, 0x07, 0xae, 0xae, 0x09, 0x09, 0x0a, 0x0b, 0x0b, 0x0c, 0x0c, 0x0d, 0x0e, 0x0e, 0xb6, 0x0f, 0x10, 0x25, 0x26, 0x27, 0x29, 0x2a, 0x2b, 0x2c, 0x2e, 0xc4, 0x2f, 0x30, 0x31, 0x32, 0x33,
	0xb5, 0xb6, 0x8b, 0x8b, 0x2f, 0x2f, 0x30, 0x31, 0x32, 0x33, 0x34, 0x35, 0x36, 0xb7, 0xb7, 0xb8, 0xb9, 0xb9, 0xe1, 0xe1, 0xe2, 0xe3, 0xe4, 0xe4, 0xe5, 0xe6, 0xe6, 0xe7, 0xe7, 0xe7, 0xe8, 0xe9, 0x8a, 0x8b, 0x66, 0x93, 0x99, 0xf3, 0xe8, 0xf4,
	0x84, 0xf6, 0xf7, 0x56, 0xf9, 0xfa, 0xfc, 0xfd, 0xfd, 0xf4, 0x22, 0x53, 0x53, 0xa5, 0x04, 0x05, 0x05, 0xa9, 0x06, 0x07, 0x08, 0x08, 0x09, 0x0a, 0x0a, 0x0b, 0x0b, 0x0c, 0x0c, 0x0d, 0x0d, 0x0e, 0x0e, 0x0f, 0x0f, 0x10, 0x11, 0x11, 0x12, 0x13,
	0x13, 0x15, 0x22, 0x53, 0x02, 0x24, 0xa5, 0x25, 0x26, 0x26, 0x27, 0x27, 0x28, 0x28, 0x2a, 0x2a, 0x2b, 0x2b, 0x2c, 0x2d, 0x2e, 0x2e, 0x2f, 0x30, 0xb2, 0xb2, 0xb3, 0xb4, 0xb4, 0xb5, 0xb6, 0xb6, 0xb7, 0xb8, 0x5c, 0x5d, 0x5e, 0x5f, 0x5f, 0x40,
	0x40, 0x41, 0x42, 0x43, 0x43, 0x44, 0x45, 0x46, 0x46, 0x47, 0x22, 0x53, 0x53, 0x53, 0xe2, 0xe2, 0x55, 0x56, 0x57, 0x58, 0x58, 0x59, 0x5a, 0x5a, 0x5a, 0x5c, 0x22, 0x53, 0x53, 0xa5, 0xa5, 0x04, 0xa8, 0x05, 0xaa, 0xab, 0x07, 0xad, 0xae, 0xaf,
	0xaf, 0xb0, 0xb1, 0xb2, 0xb2, 0x0c, 0x6e, 0xb3, 0x6f, 0x6f, 0x6f, 0x70, 0x70, 0x71, 0x71, 0x72, 0x72, 0x73, 0x22, 0x82, 0x83, 0x83, 0x84, 0x84, 0x85, 0x85, 0x86, 0x87, 0x88, 0x88, 0x89, 0x8a, 0x8a, 0x8b, 0x2a, 0x2a, 0x2b, 0x90, 0x2d, 0x2e,
	0x2f, 0x30, 0x31, 0x94, 0x95, 0x95, 0x96, 0x96, 0x98, 0x98, 0x22, 0x53, 0x53, 0x53, 0xa5, 0xa5, 0xa5, 0x04, 0xa7, 0xa8, 0x05, 0x05, 0xaa, 0xaa, 0xab, 0xac, 0xad, 0xae, 0xaf, 0xaf, 0xb0, 0x0b, 0x0b, 0x0b, 0xb3, 0xb3, 0x0d, 0xb5, 0xb5, 0xb6,
	0x10, 0xb7, 0x25, 0x27, 0x28, 0x29, 0x2b, 0x2b, 0x2d, 0x2e, 0xc5, 0x2f, 0x30, 0x31, 0x32, 0x34, 0x35, 0xb7, 0x8b, 0xec, 0xec, 0x30, 0x30, 0x32, 0x33, 0x34, 0x34, 0x35, 0x36, 0xb7, 0x37, 0xb8, 0xb9, 0xb9, 0xe2, 0xe2, 0xe3, 0xe3, 0xe4, 0xe5,
	0xe5, 0xe6, 0xe6, 0xe7, 0xe7, 0xe8, 0xe9, 0xea, 0x8a, 0x8b, 0xa9, 0x93, 0x99, 0xf3, 0xe8, 0xf4, 0x85, 0x88, 0xf7, 0x56, 0xf9, 0xfa, 0xe2, 0xfd, 0xfd, 0xf4, 0x53, 0x53, 0xa5, 0x55, 0x04, 0x05, 0x05, 0xaa, 0x07, 0x07, 0xae, 0x09, 0x09, 0x0a,
	0x0b, 0x0b, 0x0c, 0x0c, 0x0d, 0x0d, 0x0e, 0x0e, 0x0f, 0x0f, 0x10, 0x11, 0x11, 0x12, 0x12, 0x13, 0x13, 0x15, 0x53, 0x02, 0x02, 0xa5, 0x25, 0x25, 0x26, 0x27, 0x27, 0x28, 0x28, 0x29, 0x2a, 0x2b, 0x2b, 0x2c, 0x2d, 0x2e, 0x2e, 0x2f, 0x30, 0x30,
	0xb2, 0xb3, 0xb4, 0xb4, 0xb5, 0xb5, 0xb6, 0xb6, 0xb7, 0xb8, 0x5d, 0x5e, 0x5e, 0x5f, 0x40, 0x40, 0x41, 0x42, 0x43, 0x43, 0x44, 0x45, 0x45, 0x46, 0x47, 0x47, 0x53, 0x53, 0x53, 0x55, 0x55, 0x55, 0x56, 0x57, 0x57, 0x58, 0x58, 0x5a, 0x5a, 0x5b,
	0x5b, 0x5c, 0x53, 0x53, 0xa5, 0xa5, 0x04, 0xa8, 0x05, 0xaa, 0xaa, 0xab, 0xad, 0xae, 0xae, 0xaf, 0xb0, 0xb1, 0xb1, 0xb2, 0xb3, 0xb3, 0xb3, 0xb4, 0x6f, 0x6f, 0x70, 0x70, 0x71, 0x71, 0x72, 0x72, 0x73, 0x74, 0x53, 0x02, 0x24, 0x84, 0x84, 0x85,
	0x86, 0x86, 0x87, 0x88, 0x88, 0x89, 0x8a, 0x8a, 0x8b, 0x8b, 0x2a, 0x2b, 0x2c, 0x90, 0x2e, 0x92, 0x2f, 0x31, 0x31, 0x32, 0x33, 0x96, 0x96, 0x97, 0x98, 0x99, 0x53, 0x02, 0x53, 0xa5, 0xa5, 0xa5, 0x04, 0xa7, 0xa8, 0x05, 0xa9, 0xaa, 0xab, 0xab,
	0xab, 0xac, 0xae, 0xae, 0xaf, 0xb0, 0xb0, 0x0b, 0x0b, 0xb2, 0xb3, 0xb4, 0xb4, 0xb5, 0xb6, 0xb6, 0xb7, 0xb8, 0x26, 0x27, 0x28, 0x2a, 0x2b, 0x2c, 0x2e, 0x2e, 0xc5, 0x30, 0x30, 0x32, 0x33, 0x34, 0x35, 0xb7, 0xec, 0xec, 0x2f, 0x30, 0x32, 0x32,
	0x33, 0x34, 0x35, 0x35, 0x36, 0x37, 0x38, 0xb9, 0xb9, 0xba, 0xe2, 0xe2, 0xe3, 0xe4, 0xe4, 0xe5, 0xe6, 0xe6, 0xe7, 0xe7, 0xe8, 0xe8, 0xe9, 0xea, 0x8b, 0x8b, 0xaa, 0x94, 0x9a, 0xf3, 0xe8, 0xf4, 0x85, 0x89, 0xf7, 0x65, 0xf9, 0xfa, 0xe2, 0xfd,
	0xfd, 0xf4, 0x02, 0x02, 0xa5, 0x04, 0xa8, 0x05, 0xaa, 0xab, 0x07, 0xae, 0xae, 0x09, 0x0a, 0x0a, 0x0b, 0x0c, 0x0c, 0x0d, 0x0d, 0x0d, 0x0e, 0x0e, 0x0f, 0x0f, 0x10, 0x11, 0x11, 0x12, 0x12, 0x13, 0x15, 0x15, 0x02, 0x02, 0x24, 0x25, 0x25, 0x26,
	0x27, 0x27, 0x28, 0x28, 0x29, 0x2a, 0x2b, 0x2b, 0x2b, 0x2d, 0x2e, 0x2e, 0x2f, 0x2f, 0x30, 0x31, 0x31, 0x32, 0xb4, 0xb4, 0xb5, 0xb6, 0xb6, 0xb7, 0xb8, 0xb9, 0x5e, 0x5e, 0x5f, 0x5f, 0x40, 0x41, 0x42, 0x42, 0x43, 0x44, 0x44, 0x45, 0x46, 0x46,
	0x47, 0x48, 0x02, 0x02, 0x54, 0xa5, 0x55, 0x55, 0x56, 0x58, 0x58, 0x58, 0x59, 0x5a, 0x5a, 0x5c, 0x5c, 0x5c, 0x02, 0x02, 0xa5, 0x25, 0xa7, 0xa8, 0xa9, 0xaa, 0xab, 0xac, 0xae, 0xae, 0xaf, 0xaf, 0xb0, 0xb1, 0xb2, 0xb2, 0xb3, 0xb3, 0xb4, 0xb4,
	0x6f, 0x70, 0x70, 0x71, 0x71, 0x72, 0x72, 0x72, 0x73, 0x74, 0x02, 0x83, 0x84, 0x84, 0x85, 0x85, 0x86, 0x86, 0x87, 0x88, 0x88, 0x89, 0x8a, 0x8a, 0x8b, 0xec, 0x2b, 0x2b, 0x2c, 0x2e, 0x2e, 0x2f, 0x30, 0x31, 0x32, 0x33, 0x34, 0x34, 0x96, 0x97,
	0x98, 0x99, 0x02, 0x02, 0xa5, 0xa5, 0xa5, 0x04, 0xa7, 0xa8, 0xa8, 0xa8, 0xaa, 0xaa, 0xab, 0xab, 0xac, 0xae, 0xae, 0xae, 0xaf, 0xb0, 0xb1, 0x0b, 0xb2, 0xb3, 0xb4, 0xb4, 0xb5, 0xb5, 0xb6, 0xb6, 0xb7, 0xb8, 0x27, 0x28, 0x29, 0x2a, 0x2b, 0x2d,
	0xc4, 0x2f, 0xc5, 0x30, 0x30, 0x32, 0x33, 0x34, 0x36, 0xb7, 0xed, 0xed, 0xed, 0x30, 0x32, 0x33, 0x33, 0x34, 0x35, 0x36, 0x37, 0x37, 0x38, 0x38, 0xba, 0xba, 0xe3, 0xe3, 0xe4, 0xe4, 0xe5, 0xe5, 0xe6, 0xe7, 0xe7, 0xe8, 0xe8, 0xe8, 0xea, 0xea,
	0x8b, 0xec, 0x29, 0x94, 0x9a, 0xf3, 0xf4, 0xf4, 0xf6, 0xf7, 0xf7, 0x65, 0x6a, 0xfa, 0xe3, 0xe3, 0xfd, 0xf4, 0xa5, 0xa5, 0x25, 0xa7, 0xa8, 0x28, 0xaa, 0xab, 0xad, 0xae, 0xae, 0xaf, 0x0a, 0x0b, 0x0b, 0x0c, 0x0c, 0x0d, 0x0d, 0x0e, 0x0e, 0x0f,
	0x0f, 0x10, 0x11, 0x11, 0x12, 0x12, 0x13, 0x13, 0x15, 0x16, 0xa5, 0x24, 0x24, 0x25, 0x26, 0x27, 0x27, 0x28, 0x28, 0x29, 0x2a, 0x2b, 0x2b, 0x2b, 0x2c, 0x2d, 0x2e, 0x2f, 0x2f, 0x30, 0x30, 0x31, 0x32, 0x32, 0xb4, 0x34, 0x35, 0xb6, 0xb7, 0xb7,
	0xb8, 0xb9, 0x5e, 0x5f, 0x5f, 0x40, 0x40, 0x41, 0x42, 0x42, 0x44, 0x44, 0x45, 0x45, 0x46, 0x46, 0x11, 0x48, 0xa5, 0xa5, 0xa5, 0x55, 0x04, 0x04, 0x57, 0x58, 0x58, 0x58, 0x5a, 0x5a, 0x5b, 0x5c, 0x5c, 0x5d, 0xa5, 0xa5, 0x25, 0x26, 0xa8, 0xa8,
	0xaa, 0xab, 0xab, 0xad, 0xae, 0xaf, 0xaf, 0xb0, 0xb1, 0xb2, 0xb2, 0xb3, 0xb3, 0xb4, 0xb4, 0xb5, 0xb5, 0xb5, 0x70, 0x71, 0x71, 0x72, 0x72, 0x73, 0x73, 0x74, 0xa5, 0x24, 0x84, 0x84, 0x85, 0x86, 0x86, 0x87, 0x88, 0x88, 0x89, 0x8a, 0x8a, 0x8b,
	0xec, 0xed, 0x2b, 0x2c, 0x2d, 0x2e, 0x2f, 0x2f, 0x31, 0x31, 0x32, 0x33, 0x34, 0x34, 0x97, 0x98, 0x98, 0x99, 0xa5, 0x24, 0x25, 0x25, 0x25, 0x26, 0xa8, 0xa8, 0x28, 0xaa, 0xaa, 0xab, 0xab, 0xac, 0xae, 0xae, 0xae, 0xaf, 0xb0, 0xb0, 0x0b, 0xb2,
	0xb2, 0xb3, 0xb4, 0xb4, 0xb5, 0xb6, 0xb6, 0xb7, 0xb7, 0xb8, 0x27, 0x28, 0x2a, 0x2b, 0x2c, 0x2d, 0x2e, 0x2f, 0xc6, 0x30, 0x32, 0x32, 0x33, 0x35, 0x36, 0x37, 0xed, 0xed, 0xed, 0xc7, 0x32, 0x33, 0x34, 0x34, 0x35, 0x36, 0x37, 0x38, 0x38, 0x39,
	0xba, 0xba, 0xe4, 0xe4, 0xe4, 0xe4, 0xe5, 0xe6, 0xe6, 0xe7, 0xe8, 0xe8, 0xe9, 0xe9, 0xea, 0xec, 0xec, 0xed, 0x2a, 0x95, 0x9a, 0xf3, 0xf4, 0xf4, 0x86, 0xf7, 0xf7, 0x66, 0x6a, 0xfa, 0xe3, 0xe3, 0xfd, 0xf4, 0x24, 0x84, 0x25, 0xa8, 0x28, 0x28,
	0xab, 0xab, 0xae, 0xae, 0xaf, 0xb0, 0x0a, 0x0b, 0x0b, 0xb3, 0x0d, 0x0d, 0x0e, 0x0e, 0x0f, 0x0f, 0x10, 0x10, 0x11, 0x11, 0x12, 0x12, 0x13, 0x15, 0x15, 0x17, 0x24, 0x84, 0x84, 0x26, 0x85, 0x27, 0x28, 0x28, 0x28, 0x2a, 0x2b, 0x2b, 0x2b, 0x2c,
	0x2d, 0x2e, 0x2e, 0x2f, 0x30, 0x30, 0x31, 0x32, 0x32, 0x33, 0x34, 0x34, 0x35, 0x36, 0xb7, 0xb7, 0xb8, 0xb9, 0x5e, 0x5f, 0x40, 0x40, 0x40, 0x0c, 0x42, 0x0d, 0x44, 0x0e, 0x45, 0x0f, 0x10, 0x11, 0x12, 0x12, 0x24, 0x84, 0x25, 0xe4, 0xe4, 0xe5,
	0xe5, 0xe5, 0xe5, 0xab, 0x5a, 0x5b, 0x5c, 0x5c, 0x5c, 0x5e, 0x24, 0x84, 0x25, 0x26, 0x27, 0x28, 0x28, 0xab, 0x2a, 0xae, 0xae, 0xaf, 0xaf, 0xb0, 0xb1, 0xb2, 0xb2, 0xb3, 0xb3, 0xb4, 0xb4, 0xb5, 0xb5, 0xb6, 0xb6, 0xb6, 0xb7, 0x72, 0x72, 0x73,
	0x74, 0x74, 0x24, 0x84, 0x84, 0xf3, 0x85, 0x86, 0x87, 0x88, 0x88, 0x89, 0x8a, 0x8a, 0x8b, 0x8b, 0xec, 0xed, 0x2c, 0x2c, 0x2d, 0x2e, 0x2f, 0x30, 0x31, 0x32, 0x32, 0x33, 0x34, 0x35, 0x35, 0xcb, 0xcb, 0xcc, 0x24, 0x84, 0x25, 0x25, 0x25, 0x27,
	0x27, 0x28, 0x28, 0x28, 0x29, 0x2a, 0x2a, 0x2b, 0xae, 0xae, 0x2d, 0xaf, 0xb0, 0xb1, 0xb2, 0xb2, 0xb3, 0xb4, 0xb4, 0xb5, 0xb5, 0xb6, 0xb7, 0xb7, 0xb8, 0xb9, 0x28, 0x28, 0x2b, 0x2b, 0x2d, 0x2e, 0x2f, 0xc5, 0xc6, 0xc7, 0x32, 0x33, 0x34, 0x35,
	0x36, 0x37, 0xed, 0xed, 0xed, 0xd1, 0xd2, 0xd2, 0x34, 0xca, 0x36, 0x36, 0x37, 0x38, 0x39, 0x39, 0xba, 0xbb, 0xe4, 0xe4, 0xe4, 0xe5, 0xe5, 0xe6, 0xe7, 0xe7, 0xe8, 0xe8, 0xe9, 0xea, 0xea, 0xec, 0xec, 0xed, 0x2a, 0x95, 0x9a, 0xe6, 0xf4, 0xf4,
	0x87, 0xf7, 0xf7, 0x66, 0x6a, 0xfa, 0xe4, 0xe4, 0xfd, 0xf4, 0x84, 0x25, 0x26, 0x27, 0x28, 0xaa, 0xab, 0xac, 0xae, 0xae, 0xaf, 0xb0, 0x0b, 0x0b, 0xb2, 0xb3, 0xb4, 0xb4, 0xb5, 0xb5, 0x0f, 0x0f, 0xb7, 0xb7, 0x11, 0x12, 0x12, 0xba, 0xba, 0x15,
	0xbc, 0x17, 0x84, 0x25, 0x84, 0x85, 0x27, 0x28, 0x28, 0x28, 0x29, 0x2a, 0x2b, 0x2b, 0x2c, 0x2d, 0x2d, 0x2e, 0x2f, 0x2f, 0x30, 0x30, 0x31, 0x32, 0x32, 0x33, 0x34, 0x35, 0x36, 0x36, 0xb7, 0xb8, 0xb9, 0xba, 0x5f, 0x0a, 0x40, 0x40, 0x0b, 0x0c,
	0x0d, 0x0d, 0x0e, 0x0e, 0x0f, 0x10, 0x11, 0x11, 0x12, 0x13, 0x84, 0x25, 0x25, 0xe4, 0xa8, 0xe5, 0x05, 0xaa, 0xe5, 0xab, 0x5a, 0x5b, 0x5c, 0x5c, 0x5c, 0x5e, 0x84, 0x25, 0x25, 0x27, 0x28, 0x28, 0x29, 0x2a, 0xac, 0xae, 0xae, 0xaf, 0xb0, 0xb1,
	0xb1, 0xb2, 0xb3, 0xb3, 0xb4, 0xb4, 0xb5, 0xb5, 0xb6, 0xb6, 0xb6, 0x71, 0x72, 0x72, 0x73, 0x73, 0x74, 0x75, 0x84, 0x84, 0x85, 0x85, 0x86, 0x86, 0x87, 0x88, 0x88, 0x89, 0x8a, 0x8a, 0x8b, 0xec, 0xed, 0xed, 0x2c, 0x2d, 0x2e, 0x2f, 0x2f, 0x30,
	0x31, 0x32, 0x33, 0x34, 0x34, 0x35, 0x36, 0xcb, 0xcc, 0xcc, 0x84, 0x25, 0x25, 0x26, 0x26, 0x27, 0x27, 0x28, 0x28, 0x29, 0x2a, 0x2a, 0x2b, 0xae, 0x2c, 0xae, 0x2e, 0xb0, 0xb0, 0xb1, 0xb2, 0xb2, 0xb3, 0xb4, 0xb4, 0xb5, 0xb6, 0xb7, 0xb7, 0xb7,
	0xb8, 0xb9, 0x28, 0x2a, 0x2b, 0x2b, 0x2d, 0x2e, 0xc5, 0xc6, 0xc7, 0xc7, 0xc7, 0x33, 0x34, 0x35, 0x36, 0x37, 0xed, 0xed, 0xed, 0xd1, 0xd2, 0xd2, 0xca, 0xca, 0xcb, 0xcb, 0x37, 0x38, 0x39, 0x39, 0x3a, 0xbc, 0xe4, 0xe4, 0xe5, 0xe5, 0xe6, 0xe6,
	0xe7, 0xe7, 0xe8, 0xe9, 0xea, 0xea, 0xea, 0xec, 0xed, 0xed, 0x2b, 0x95, 0x9b, 0xe6, 0xf4, 0xff, 0x87, 0xf7, 0xf8, 0x66, 0x6a, 0xfa, 0xe4, 0xe4, 0xfd, 0xff, 0x84, 0x84, 0x85, 0x27, 0x28, 0x29, 0x2a, 0x2b, 0xae, 0x2d, 0xb0, 0xb0, 0x0b, 0xb2,
	0xb3, 0xb4, 0xb4, 0xb4, 0xb5, 0xb5, 0xb6, 0xb6, 0xb7, 0xb7, 0xb8, 0xb9, 0xb9, 0xba, 0xba, 0xbb, 0xbc, 0xbd, 0x84, 0x84, 0x84, 0x85, 0x27, 0x28, 0x28, 0x29, 0x2a, 0x2b, 0x2b, 0x2b, 0x2d, 0x2d, 0x2e, 0x2e, 0x2f, 0x2f, 0x30, 0x30, 0x31, 0x32,
	0x32, 0x34, 0x34, 0x35, 0x36, 0x36, 0x37, 0x37, 0x38, 0xba, 0x0a, 0x0a, 0x0b, 0x0b, 0x0c, 0x0c, 0x0d, 0x0d, 0x0e, 0x0f, 0x0f, 0x10, 0x11, 0x11, 0x12, 0x13, 0x84, 0x84, 0x25, 0xf3, 0x27, 0xe5, 0xa9, 0xaa, 0xe6, 0xab, 0xe6, 0xae, 0xae, 0xae,
	0xae, 0x09, 0x84, 0x84, 0x26, 0x27, 0x28, 0x28, 0x29, 0x2a, 0x2b, 0x2c, 0x2d, 0x2e, 0x2f, 0x2f, 0x30, 0x31, 0x32, 0xb4, 0xb4, 0xb4, 0xb5, 0xb5, 0xb6, 0xb6, 0xb7, 0xb7, 0xb8, 0x73, 0x73, 0x73, 0x74, 0x75, 0x84, 0x84, 0x85, 0x85, 0x86, 0x87,
	0x88, 0x88, 0x89, 0x8a, 0x8a, 0x8b, 0x8b, 0x8c, 0xed, 0xed, 0x2d, 0x2d, 0x2e, 0x2f, 0x30, 0x30, 0x31, 0x32, 0x33, 0x34, 0x34, 0xca, 0xcb, 0xcb, 0xcc, 0xcc, 0x84, 0x84, 0x26, 0x85, 0x27, 0x27, 0x28, 0x28, 0x28, 0x2a, 0x2a, 0x2b, 0x2b, 0x2b,
	0x2c, 0x2d, 0x2e, 0x2e, 0x2f, 0x30, 0x31, 0x32, 0x32, 0x33, 0x34, 0xb5, 0x35, 0xb7, 0xb7, 0xb7, 0xb9, 0xb9, 0x28, 0x2a, 0x2b, 0x2b, 0x2e, 0xc4, 0xc5, 0xc6, 0xc7, 0xc7, 0xd2, 0x33, 0x34, 0x35, 0x36, 0xcc, 0xed, 0xed, 0xd1, 0xd1, 0xd2, 0xd2,
	0xca, 0xca, 0xcb, 0xcb, 0xcc, 0xcc, 0x39, 0x39, 0x3a, 0x3b, 0xe5, 0xe5, 0xe5, 0xe5, 0xe6, 0xe6, 0xe7, 0xe8, 0xe8, 0xe9, 0xea, 0xeb, 0xec, 0xec, 0xed, 0xed, 0x2b, 0x95, 0x9b, 0xe6, 0xf4, 0xff, 0x87, 0xf7, 0xf8, 0x66, 0x6a, 0xfa, 0xe4, 0xe4,
	0xfd, 0xff, 0x84, 0x84, 0x85, 0x27, 0x28, 0x28, 0x2a, 0x2b, 0x2c, 0x2d, 0x2e, 0x2e, 0x30, 0x31, 0xb2, 0xb4, 0xb4, 0xb4, 0xb5, 0xb6, 0xb6, 0xb7, 0xb7, 0xb7, 0xb8, 0xb9, 0xba, 0xba, 0xba, 0xbb, 0xbc, 0xbc, 0x84, 0x84, 0x84, 0x85, 0x86, 0x86,
	0x86, 0x87, 0x88, 0x2b, 0x2b, 0x2b, 0x2d, 0x2d, 0x2e, 0x2e, 0x2f, 0x2f, 0x30, 0x30, 0x31, 0x32, 0x32, 0x33, 0x34, 0x35, 0x36, 0x36, 0x36, 0x37, 0x38, 0x39, 0x0a, 0x0a, 0x0b, 0x0b, 0x0c, 0x0c, 0x0d, 0x0d, 0x0e, 0x0e, 0x0f, 0x0f, 0x11, 0x11,
	0x12, 0x12, 0x84, 0x84, 0x84, 0xf3, 0x27, 0xe5, 0x28, 0xe6, 0xe6, 0xe6, 0xe6, 0xae, 0xae, 0xae, 0xae, 0x09, 0x84, 0x84, 0x85, 0x27, 0x28, 0x28, 0x29, 0x2b, 0x2b, 0x2c, 0x2d, 0x2e, 0x2f, 0x2f, 0x30, 0x31, 0x32, 0x32, 0x33, 0x34, 0x34, 0x35,
	0x35, 0x36, 0x36, 0xb7, 0x37, 0xb8, 0x73, 0x73, 0x74, 0x75, 0x84, 0x84, 0x85, 0x86, 0x86, 0x87, 0x88, 0x88, 0x89, 0x8a, 0x8a, 0x8b, 0x8c, 0x8c, 0xed, 0xed, 0x2d, 0x2e, 0x2e, 0x2f, 0x2f, 0x30, 0x31, 0x32, 0x33, 0x33, 0xca, 0xca, 0xcb, 0xcb,
	0xcb, 0xd6, 0x84, 0x84, 0x85, 0x85, 0x85, 0x27, 0x28, 0x28, 0x28, 0x2a, 0x2a, 0x2b, 0x2b, 0x2b, 0x2c, 0x2d, 0x2e, 0x2e, 0x2f, 0x30, 0x31, 0x32, 0x32, 0x33, 0x34, 0x34, 0x35, 0x36, 0x36, 0xb7, 0x37, 0x38, 0x87, 0x88, 0x88, 0x8a, 0x8a, 0x8b,
	0x8d, 0x8d, 0xc7, 0xc7, 0xd2, 0xd2, 0xd3, 0xca, 0xcb, 0xcc, 0xed, 0xed, 0xd0, 0xd1, 0xd2, 0xd2, 0xd3, 0xca, 0xcb, 0xcb, 0xcc, 0xcc, 0xcd, 0xcd, 0xcd, 0x3b, 0xe5, 0xe4, 0xe5, 0xe5, 0xe6, 0xe6, 0xe7, 0xe8, 0xe9, 0xea, 0xea, 0xeb, 0xec, 0xec,
	0xed, 0xed, 0x2b, 0x95, 0x9b, 0xe6, 0xf4, 0xff, 0x88, 0xf7, 0xf8, 0x66, 0x6a, 0xfa, 0xe4, 0xe5, 0xfd, 0xff, 0x84, 0x85, 0x27, 0x28, 0x28, 0x2a, 0x2b, 0x2b, 0x2d, 0x2e, 0x2e, 0x2f, 0x30, 0x31, 0x32, 0xb4, 0xb4, 0xb5, 0xb5, 0xb6, 0xb6, 0xb7,
	0xb7, 0xb8, 0xb8, 0xb9, 0xba, 0xba, 0xbb, 0xbc, 0xbc, 0xbd, 0x84, 0x85, 0x85, 0x85, 0x86, 0x86, 0x29, 0x87, 0x2b, 0x2b, 0x2b, 0x2b, 0x2d, 0x2e, 0x2e, 0x2f, 0x2f, 0x30, 0x30, 0x31, 0x32, 0x32, 0x33, 0x34, 0x34, 0x35, 0x36, 0x36, 0x37, 0x38,
	0x39, 0x39, 0x0a, 0x0b, 0x0b, 0x0b, 0x0c, 0x0d, 0x0d, 0x0e, 0x0e, 0x0f, 0x0f, 0x10, 0x11, 0x12, 0x12, 0x13, 0x84, 0x85, 0x85, 0x27, 0x27, 0x28, 0x28, 0xab, 0xab, 0xab, 0xac, 0xae, 0xae, 0xae, 0xaf, 0x09, 0x84, 0x85, 0x27, 0x28, 0x28, 0x2a,
	0x2a, 0x2b, 0x2b, 0x2d, 0x2e, 0x2e, 0x2f, 0x30, 0x30, 0x32, 0x32, 0x33, 0x34, 0x34, 0x35, 0x35, 0x36, 0x36, 0x37, 0x37, 0x38, 0x38, 0x74, 0x75, 0x75, 0x76, 0x84, 0x85, 0x85, 0x86, 0x87, 0x88, 0x88, 0x88, 0x89, 0x8a, 0x8b, 0x8b, 0x8c, 0x8d,
	0xed, 0xee, 0x2d, 0x2e, 0x2f, 0x2f, 0x30, 0x31, 0xc7, 0x33, 0x33, 0x34, 0xca, 0xcb, 0xcb, 0xcb, 0x9a, 0xd7, 0x84, 0x85, 0x85, 0x85, 0x28, 0x28, 0x28, 0x28, 0x2a, 0x2a, 0x2b, 0x2b, 0x2c, 0x2c, 0x2d, 0x2e, 0x2e, 0x2f, 0x30, 0x30, 0x31, 0x32,
	0x33, 0x33, 0x34, 0x35, 0x35, 0x36, 0x36, 0x37, 0x38, 0x39, 0x87, 0x2b, 0x2b, 0x8a, 0x8b, 0xc5, 0xc6, 0xc6, 0xc7, 0xc7, 0xd2, 0xd3, 0xca, 0xcb, 0xcb, 0xcc, 0xee, 0xd0, 0xd1, 0xd1, 0xd2, 0xd3, 0xca, 0xca, 0xcb, 0xcb, 0xcc, 0xcc, 0xcd, 0xcd,
	0xcd, 0xce, 0xe5, 0xe5, 0xe5, 0xe5, 0xe6, 0xe7, 0xe7, 0xe9, 0xe9, 0xea, 0xea, 0xeb, 0xec, 0xed, 0xed, 0xee, 0x2c, 0x96, 0x9b, 0xe7, 0xf4, 0xff, 0x88, 0xf7, 0xf8, 0x67, 0x6b, 0xfa, 0xe4, 0xe5, 0xe5, 0xff, 0x85, 0x85, 0x85, 0x28, 0x29, 0x2a,
	0x2b, 0x2c, 0x2d, 0x2e, 0x2f, 0x2f, 0x30, 0x31, 0x32, 0x33, 0x33, 0x34, 0x35, 0x35, 0xb7, 0xb7, 0xb7, 0xb8, 0xb9, 0xba, 0xba, 0xba, 0xbb, 0xbc, 0xbc, 0xbd, 0x85, 0x85, 0x85, 0x86, 0x86, 0x87, 0x87, 0x2b, 0x88, 0x2b, 0x2b, 0x2d, 0x2e, 0x2e,
	0x2e, 0x2f, 0x2f, 0x30, 0x30, 0x31, 0x32, 0x33, 0x33, 0x34, 0x34, 0x35, 0x36, 0x36, 0x37, 0xcc, 0x39, 0xcd, 0x0a, 0x0b, 0x0b, 0x0b, 0x0c, 0x0d, 0x0d, 0x0e, 0x0e, 0x0f, 0x0f, 0x10, 0x11, 0x12, 0x12, 0x13, 0x85, 0x85, 0x27, 0x27, 0x28, 0x28,
	0x28, 0x2a, 0x2a, 0x2b, 0x2b, 0xae, 0xae, 0xaf, 0xaf, 0xb0, 0x85, 0x85, 0x85, 0x28, 0x29, 0x2a, 0x2a, 0x2b, 0x2c, 0x2d, 0x2e, 0x2e, 0x2f, 0x30, 0x31, 0x32, 0x33, 0x33, 0x34, 0x34, 0x35, 0x35, 0x36, 0x36, 0x37, 0x37, 0x38, 0x38, 0x38, 0x75,
	0x75, 0x76, 0x85, 0x85, 0x86, 0x86, 0x87, 0x88, 0x88, 0x89, 0x8a, 0x8a, 0x8b, 0x8b, 0x8c, 0x8d, 0x8d, 0xee, 0x2e, 0xc4, 0xc5, 0xc5, 0xc6, 0xc6, 0xc7, 0xc9, 0xc9, 0xca, 0xca, 0xcb, 0xcb, 0xcb, 0x9a, 0xd7, 0x85, 0x85, 0x85, 0x85, 0x28, 0x28,
	0x28, 0x2a, 0x2a, 0x2b, 0x2b, 0x2b, 0x2c, 0x2d, 0x2d, 0x2e, 0x2e, 0x2f, 0x30, 0x30, 0x31, 0x32, 0x33, 0x34, 0x34, 0x35, 0x36, 0x36, 0x36, 0x37, 0x38, 0xcd, 0x87, 0x2b, 0xc3, 0x8a, 0xc5, 0xc5, 0xc6, 0xc7, 0xc7, 0xd1, 0xd2, 0xd3, 0xca, 0xcb,
	0xcb, 0xcc, 0xee, 0xd0, 0xd1, 0xd1, 0xd2, 0xd3, 0xd3, 0xd4, 0xcb, 0xcc, 0xcc, 0xcd, 0xcd, 0xcd, 0xcd, 0xce, 0x27, 0xe5, 0xe6, 0xe6, 0xe6, 0xe7, 0xe7, 0xe9, 0xea, 0xea, 0xec, 0xeb, 0xec, 0xed, 0xee, 0xee, 0xc3, 0x96, 0x9b, 0xe7, 0xeb, 0xff,
	0x88, 0xf7, 0xf8, 0x67, 0x6b, 0xfa, 0xf3, 0xe5, 0xe5, 0xff, 0x85, 0x85, 0x86, 0x28, 0x2a, 0x2b, 0x2b, 0x2c, 0x2d, 0x2e, 0x2f, 0x30, 0x30, 0x32, 0x32, 0x33, 0x34, 0x34, 0x35, 0x36, 0x36, 0x36, 0x37, 0x38, 0x38, 0x39, 0xba, 0xba, 0xbc, 0xbc,
	0xbc, 0xbd, 0x85, 0x85, 0x86, 0x86, 0x87, 0x87, 0x88, 0x88, 0x2b, 0x2b, 0xc3, 0x8a, 0xc4, 0xc4, 0xc5, 0xc5, 0x2f, 0xc6, 0x30, 0xc7, 0x32, 0x33, 0x33, 0x34, 0x35, 0x35, 0xcb, 0xcb, 0xcc, 0xcc, 0xcc, 0xcd, 0xb0, 0x0b, 0xb2, 0xb2, 0xb3, 0xb4,
	0xb4, 0x0e, 0xb6, 0xb6, 0x10, 0xb7, 0xb8, 0x12, 0xba, 0xba, 0x85, 0x85, 0x85, 0x86, 0x28, 0x28, 0x29, 0x2a, 0x2b, 0x2b, 0x2b, 0x2c, 0x2d, 0xaf, 0xaf, 0xb0, 0x85, 0x85, 0x86, 0x87, 0x29, 0x2a, 0x2b, 0x2b, 0x2c, 0x2d, 0x2e, 0x2f, 0x2f, 0x30,
	0x31, 0x32, 0x33, 0x33, 0x34, 0x35, 0x35, 0x36, 0x36, 0x36, 0x37, 0x37, 0x38, 0x38, 0x38, 0x75, 0x75, 0x76, 0x85, 0x86, 0x86, 0x87, 0x87, 0x88, 0x89, 0x89, 0x8a, 0x8b, 0x8b, 0x8c, 0x8d, 0x8d, 0x8e, 0xee, 0xc4, 0xc5, 0xc5, 0xc6, 0xc6, 0xc6,
	0xc7, 0xc9, 0xc9, 0xc9, 0xca, 0xca, 0xcb, 0x99, 0x9a, 0x9b, 0x85, 0x85, 0x85, 0x86, 0x86, 0x87, 0x29, 0x2a, 0x2b, 0x2b, 0x2b, 0x2b, 0x2c, 0x2d, 0x2e, 0x2e, 0x2f, 0x2f, 0x30, 0x30, 0x32, 0x32, 0x33, 0x34, 0x34, 0x35, 0x36, 0x36, 0xcc, 0xcc,
	0xcc, 0xcd, 0x88, 0x88, 0xc3, 0xc4, 0xc5, 0xc5, 0xc6, 0xc7, 0xd1, 0xd1, 0xd2, 0xd3, 0xca, 0xcb, 0xcb, 0xcc, 0xef, 0xd0, 0xd1, 0xd2, 0xd2, 0xd3, 0xd3, 0xd4, 0xcb, 0xcb, 0xcc, 0xcc, 0xcd, 0xcd, 0xcd, 0xce, 0x28, 0x27, 0xe6, 0xe6, 0xe6, 0xe7,
	0xe8, 0xe9, 0xea, 0xea, 0xec, 0xec, 0xed, 0xed, 0xee, 0xee, 0xc3, 0x96, 0x9b, 0x88, 0xeb, 0xff, 0x88, 0xf7, 0xf8, 0xf0, 0x6c, 0xfa, 0xf3, 0xe5, 0xe5, 0xff, 0x85, 0x85, 0x86, 0x29, 0x2a, 0x2b, 0x2c, 0x2c, 0x2e, 0x2e, 0x2f, 0x30, 0x31, 0x32,
	0x32, 0x33, 0x34, 0x34, 0x35, 0x36, 0x36, 0x37, 0x37, 0x38, 0x38, 0x39, 0xcd, 0xbc, 0xbc, 0xce, 0xbd, 0xcf, 0x85, 0x85, 0x86, 0x87, 0x87, 0x87, 0x88, 0x88, 0x89, 0xc3, 0x8a, 0xc4, 0xc4, 0xc4, 0xc5, 0xc5, 0xc6, 0xc6, 0xc7, 0xc7, 0xc9, 0x33,
	0x34, 0x34, 0xca, 0xcb, 0xcb, 0xcb, 0xcc, 0xcc, 0xcd, 0xcd, 0xb1, 0xb2, 0xb2, 0xb3, 0xb3, 0xb4, 0xb4, 0xb5, 0xb6, 0xb6, 0xb7, 0xb7, 0xb8, 0xb9, 0xba, 0xba, 0x85, 0x85, 0x85, 0x86, 0x28, 0x28, 0x2a, 0x2b, 0x2b, 0x2b, 0x2b, 0x2c, 0x2d, 0x2e,
	0xaf, 0xb0, 0x85, 0x85, 0x86, 0x87, 0xc2, 0x2b, 0x2b, 0x2c, 0x2d, 0x2e, 0x2f, 0x2f, 0x30, 0x30, 0x31, 0x32, 0x33, 0x33, 0x34, 0x35, 0x35, 0x36, 0x36, 0x37, 0x37, 0x37, 0x38, 0x38, 0x39, 0x75, 0x75, 0x76, 0x85, 0x86, 0x86, 0x87, 0x87, 0x88,
	0x89, 0x8a, 0x8a, 0x8b, 0x8b, 0x8c, 0x8d, 0x8d, 0x8e, 0xef, 0xc4, 0xc5, 0xc5, 0xc6, 0xc6, 0xc7, 0xc7, 0xc9, 0xc9, 0xc9, 0xca, 0xcb, 0xcb, 0xd6, 0x9b, 0x9b, 0x85, 0x85, 0x86, 0x86, 0x87, 0x87, 0x2a, 0x2a, 0x2b, 0x2b, 0x2b, 0x2c, 0x2d, 0x2d,
	0x2e, 0x2e, 0x2f, 0x30, 0x30, 0x31, 0x32, 0x32, 0x33, 0x34, 0x34, 0x35, 0x36, 0xcb, 0xcc, 0xcc, 0xcc, 0xcd, 0x88, 0xc3, 0xc4, 0xc4, 0xc5, 0xc6, 0xc7, 0xc7, 0xd1, 0xd1, 0xd2, 0xd3, 0xca, 0xd4, 0xd5, 0xcc, 0xef, 0xd0, 0xd1, 0xd2, 0xd2, 0xd3,
	0xd4, 0xd4, 0xd5, 0xd5, 0xd6, 0xd7, 0xd7, 0xcd, 0xcd, 0xce, 0x28, 0x28, 0xe6, 0xe6, 0xe7, 0xe7, 0xe9, 0xea, 0xea, 0xec, 0xec, 0xec, 0xed, 0xed, 0xee, 0xef, 0xc3, 0x96, 0x9c, 0x88, 0xeb, 0xff, 0x89, 0xf7, 0xf8, 0xf0, 0x6c, 0xfa, 0xf3, 0xe5,
	0xe6, 0xff, 0x63, 0x63, 0x64, 0x64, 0x65, 0x66, 0x67, 0x67, 0x68, 0x69, 0x6a, 0xb0, 0x6b, 0xb1, 0xb2, 0xb3, 0xb3, 0x0d, 0xb4, 0x0e, 0x70, 0xb6, 0x10, 0x10, 0x11, 0x11, 0x12, 0x12, 0x13, 0x14, 0x15, 0x16, 0x63, 0x63, 0x63, 0x64, 0x26, 0xc0,
	0x65, 0xc1, 0xc1, 0x29, 0x2a, 0x2a, 0x2b, 0x90, 0x90, 0x90, 0x2e, 0x2e, 0x2f, 0x30, 0x31, 0x32, 0x32, 0x33, 0x6f, 0x70, 0x70, 0x36, 0xb7, 0x72, 0x38, 0xb9, 0x09, 0x09, 0x0a, 0x0a, 0x0b, 0x0c, 0x0c, 0x0c, 0x44, 0x44, 0x0e, 0x0f, 0x46, 0x11,
	0x11, 0x49, 0x63, 0x63, 0x64, 0x64, 0x64, 0x04, 0x65, 0x66, 0x66, 0x06, 0x07, 0x07, 0x07, 0x08, 0x08, 0x08, 0x63, 0x63, 0x64, 0x64, 0x65, 0x66, 0x66, 0x67, 0x68, 0x69, 0x69, 0x69, 0x6a, 0x6b, 0x6b, 0x6c, 0x6d, 0x6e, 0x6e, 0x6f, 0x6f, 0x6f,
	0x70, 0x71, 0x71, 0x72, 0x72, 0x73, 0x73, 0x74, 0x74, 0x75, 0x63, 0x63, 0x25, 0xc0, 0xc0, 0x27, 0xc1, 0xc1, 0xc2, 0xc2, 0xc3, 0x89, 0x8a, 0xc4, 0x8b, 0x8c, 0x90, 0x90, 0x91, 0x91, 0x92, 0x93, 0x93, 0x94, 0x95, 0x95, 0x96, 0x97, 0x98, 0x98,
	0x99, 0x99, 0x63, 0x63, 0x64, 0x64, 0x64, 0x65, 0x65, 0x66, 0x66, 0x67, 0x67, 0x67, 0x68, 0x68, 0x68, 0x69, 0x6a, 0x6a, 0x6b, 0x6b, 0xb1, 0x6d, 0x6e, 0xb3, 0x6f, 0x6f, 0xb5, 0xb6, 0xb6, 0xb7, 0xb8, 0xb9, 0xc1, 0xc1, 0xc2, 0xc3, 0xc3, 0xc4,
	0xc4, 0xc5, 0xc6, 0xc6, 0x31, 0x33, 0x34, 0x35, 0x36, 0x37, 0xc6, 0xc6, 0xc6, 0xc7, 0x33, 0x33, 0x34, 0x35, 0x36, 0x37, 0x37, 0x38, 0x38, 0x39, 0x76, 0x3a, 0x04, 0x56, 0x04, 0x04, 0xa8, 0x28, 0xaa, 0xe6, 0xe7, 0x2b, 0x2c, 0x8a, 0x8a, 0x8b,
	0x8b, 0x8c, 0xf0, 0x95, 0x9a, 0x27, 0xe8, 0xf4, 0x86, 0x89, 0xf7, 0xf9, 0xfa, 0xfa, 0x55, 0xe3, 0xfd, 0xf4, 0x66, 0xf0, 0xf0, 0xf0, 0x69, 0x69, 0x6a, 0x6b, 0x6c, 0x6d, 0x6d, 0x6e, 0x6f, 0x70, 0x70, 0x71, 0x71, 0x72, 0x72, 0x73, 0x74, 0x75,
	0x76, 0x3a, 0x3a, 0x3c, 0x3c, 0x3d, 0x3d, 0x3d, 0x3e, 0x3f, 0x66, 0xf0, 0xf0, 0xf0, 0xf0, 0xf0, 0xf0, 0x91, 0x91, 0x91, 0x91, 0x92, 0x92, 0x93, 0x93, 0x94, 0x94, 0x95, 0x95, 0x96, 0x35, 0x35, 0x36, 0x37, 0x72, 0x38, 0x39, 0x39, 0x3a, 0x3a,
	0x3a, 0x3c, 0x0c, 0x6e, 0x6f, 0x6f, 0x70, 0x70, 0x0f, 0x72, 0x73, 0x74, 0x12, 0x14, 0x14, 0x14, 0x16, 0x16, 0x66, 0xf0, 0xf0, 0xf0, 0xf0, 0x68, 0x69, 0x69, 0x6a, 0x6a, 0x6a, 0x6b, 0x6c, 0x6c, 0x6c, 0x6d, 0x66, 0xf0, 0xf0, 0xf0, 0xf0, 0x69,
	0x6a, 0x6b, 0x6b, 0x6c, 0x6d, 0x6e, 0x6e, 0x6e, 0x6f, 0x70, 0x71, 0x71, 0x72, 0x73, 0x73, 0x73, 0x75, 0x75, 0x76, 0x77, 0x78, 0x78, 0x78, 0x79, 0x7a, 0x7a, 0x66, 0xc1, 0xf0, 0xc2, 0xc2, 0xc3, 0xc3, 0xc4, 0xc4, 0xc5, 0xc5, 0xc6, 0xc6, 0xc7,
	0xc7, 0xc8, 0x93, 0x93, 0x94, 0x95, 0x95, 0x96, 0x97, 0x98, 0x98, 0x99, 0x99, 0x9a, 0x9a, 0x9b, 0x9c, 0x9d, 0x66, 0xf0, 0xf0, 0xf0, 0xf0, 0xf0, 0xf0, 0x69, 0x69, 0x6a, 0x6a, 0x6b, 0x6b, 0x6b, 0x6c, 0x6d, 0x6d, 0x6e, 0x6e, 0x6f, 0x70, 0x70,
	0x71, 0x71, 0x72, 0x73, 0x38, 0x39, 0x39, 0x3a, 0x3a, 0x3c, 0x90, 0x91, 0x92, 0x92, 0x93, 0x94, 0x95, 0x95, 0x96, 0x97, 0x97, 0xcb, 0xcc, 0xcc, 0x3a, 0x3a, 0xc8, 0xc9, 0xc9, 0xca, 0xcb, 0xcb, 0xcb, 0x9a, 0x9b, 0x9b, 0xd9, 0xd9, 0xd9, 0xda,
	0xdb, 0xdb, 0x68, 0x67, 0xac, 0xac, 0xad, 0xae, 0x2d, 0x2e, 0x2f, 0x30, 0x30, 0x30, 0x30, 0xc7, 0xc7, 0xc8, 0x92, 0xf1, 0x9e, 0x2b, 0xec, 0xec, 0xc3, 0x8c, 0xef, 0xf0, 0xfa, 0xfb, 0x06, 0x5a, 0x5c, 0xec, 0x91, 0x91, 0x91, 0x92, 0x93, 0x6d,
	0x6e, 0x6e, 0x6f, 0x70, 0x70, 0x71, 0x72, 0x73, 0x73, 0x75, 0x76, 0x76, 0x77, 0x77, 0x78, 0x3d, 0x3d, 0x3d, 0xdb, 0xdc, 0xdd, 0xdd, 0xde, 0xde, 0xdf, 0xdf, 0x91, 0x91, 0x91, 0x92, 0x92, 0x92, 0x93, 0x93, 0x93, 0x94, 0x95, 0x95, 0x95, 0x96,
	0x96, 0x97, 0x98, 0x98, 0x98, 0x99, 0x99, 0x99, 0x9a, 0x9b, 0x9b, 0xd9, 0xd9, 0xda, 0xda, 0xdb, 0xdb, 0xdd, 0x71, 0x71, 0x72, 0x73, 0x74, 0x74, 0x76, 0x76, 0x77, 0x78, 0x78, 0x79, 0x7b, 0x7b, 0x3f, 0x3f, 0x91, 0x91, 0x91, 0x91, 0x6b, 0x6b,
	0x6c, 0x6c, 0x6d, 0x6d, 0x6e, 0x6e, 0x6f, 0x6f, 0x6f, 0x70, 0x91, 0x91, 0x91, 0x92, 0x93, 0x93, 0x93, 0x94, 0x95, 0x95, 0x96, 0x71, 0x71, 0x72, 0x98, 0x99, 0x75, 0x75, 0x76, 0x77, 0x78, 0x78, 0x78, 0x7a, 0x7a, 0x7a, 0x7c, 0x7c, 0x7d, 0x7e,
	0x7e, 0x7f, 0x91, 0x91, 0x91, 0x91, 0x92, 0x93, 0x93, 0x94, 0x94, 0xc7, 0xc7, 0xc9, 0xc9, 0xc9, 0xc9, 0xca, 0x95, 0x96, 0x97, 0x98, 0x98, 0x99, 0x99, 0x9a, 0x9a, 0x9c, 0x9c, 0x9d, 0x9e, 0x9e, 0x9f, 0x9f, 0x91, 0x91, 0x91, 0x91, 0x91, 0x92,
	0x92, 0x93, 0x93, 0x93, 0x94, 0x94, 0x95, 0x95, 0x95, 0x70, 0x70, 0x71, 0x71, 0x72, 0x73, 0x73, 0x75, 0x3a, 0x3a, 0x3a, 0xd9, 0xd9, 0xda, 0xdb, 0xdb, 0xdc, 0x93, 0x93, 0x95, 0x95, 0x96, 0x97, 0x97, 0x98, 0x99, 0x99, 0x9a, 0x9b, 0x9b, 0xd9,
	0xda, 0xdb, 0xd4, 0xd5, 0xd5, 0xd6, 0xd7, 0x9b, 0xd8, 0xd9, 0x9d, 0x9d, 0xdb, 0xdb, 0xdc, 0xdd, 0xdd, 0xdd, 0x6b, 0x6a, 0x6b, 0x6b, 0xb1, 0xb1, 0x31, 0x32, 0x33, 0x33, 0x34, 0xc9, 0xc9, 0xca, 0xca, 0xca, 0x95, 0x9c, 0xf2, 0x2f, 0xd2, 0xd3,
	0xc5, 0xc8, 0xd1, 0x6d, 0xf1, 0xfb, 0x6a, 0x0a, 0x5f, 0xd3, 0x22, 0x82, 0x83, 0xa5, 0x25, 0xa8, 0xa8, 0xaa, 0xab, 0xac, 0xae, 0xae, 0xaf, 0xb0, 0x0a, 0x0b, 0x0b, 0x0c, 0x0c, 0x0d, 0x0d, 0x0e, 0x0e, 0x0f, 0x0f, 0x10, 0x11, 0x11, 0x12, 0x12,
	0x13, 0x15, 0x22, 0x82, 0x82, 0x83, 0x84, 0x84, 0x25, 0x27, 0x27, 0x28, 0x28, 0x28, 0x2a, 0x2b, 0x2b, 0x2b, 0x2c, 0x2d, 0x2e, 0x2e, 0x2f, 0x30, 0x30, 0x31, 0x32, 0x33, 0xb4, 0xb5, 0xb5, 0xb6, 0xb7, 0xb7, 0x5c, 0x5d, 0x5e, 0x5e, 0x5f, 0x40,
	0x40, 0x41, 0x42, 0x42, 0x44, 0x44, 0x45, 0x46, 0x46, 0x47, 0x22, 0x82, 0x02, 0x02, 0xa5, 0xe2, 0x55, 0x04, 0x57, 0x57, 0x58, 0x58, 0x5a, 0x5a, 0x5b, 0x5c, 0x22, 0x82, 0x82, 0x24, 0x25, 0x26, 0xa8, 0xa9, 0xaa, 0xab, 0xac, 0xad, 0xae, 0xaf,
	0xaf, 0xb0, 0xb1, 0xb2, 0xb2, 0xb3, 0xb3, 0x6e, 0x6f, 0x6f, 0x70, 0x70, 0x70, 0x70, 0x71, 0x72, 0x72, 0x73, 0x22, 0x82, 0x83, 0x84, 0x84, 0x85, 0x85, 0x86, 0x87, 0x87, 0x88, 0x89, 0x8a, 0x8a, 0x8b, 0x8b, 0x2a, 0x2a, 0x2b, 0x90, 0x2d, 0x2e,
	0x2f, 0x93, 0x93, 0x94, 0x95, 0x95, 0x96, 0x97, 0x98, 0x98, 0x22, 0x82, 0x82, 0x83, 0x24, 0x25, 0x25, 0x26, 0x26, 0xa8, 0x27, 0x28, 0x28, 0xaa, 0xab, 0xab, 0xad, 0xae, 0xae, 0xaf, 0xb0, 0xb1, 0xb1, 0xb2, 0xb3, 0xb3, 0xb4, 0xb4, 0xb5, 0xb6,
	0xb6, 0xb7, 0x84, 0x27, 0x28, 0x2a, 0x2b, 0xc3, 0xc4, 0xc4, 0xc5, 0xc5, 0x30, 0x31, 0x32, 0x33, 0x34, 0x36, 0x8c, 0x8c, 0xed, 0xc6, 0x30, 0x32, 0x32, 0x33, 0x34, 0x35, 0x36, 0x36, 0x37, 0x38, 0xb9, 0xb9, 0xe2, 0xe2, 0xe3, 0xe4, 0xe4, 0xe5,
	0xe5, 0xe6, 0xe7, 0xe7, 0xe8, 0xe8, 0xe9, 0x8a, 0x8b, 0x8b, 0x29, 0x94, 0x99, 0xf3, 0xe8, 0xf4, 0xf6, 0xf7, 0xf7, 0x64, 0xf9, 0xfa, 0xe2, 0xe3, 0xfd, 0xf4, 0xf3, 0xf3, 0xf3, 0xf3, 0xe6, 0xe6, 0xe6, 0xe7, 0xe7, 0xe9, 0xe9, 0xe9, 0x0b, 0x0b,
	0xb2, 0xb3, 0xb4, 0xb4, 0xb4, 0xb5, 0xb6, 0xb6, 0xb7, 0xb7, 0x11, 0x12, 0x12, 0x12, 0xba, 0xbb, 0xbc, 0xbc, 0xf3, 0xf3, 0xf3, 0xf3, 0xf3, 0xf3, 0xe6, 0xe6, 0xe6, 0xe7, 0xe7, 0xe7, 0xe9, 0xe9, 0xe9, 0xea, 0xea, 0x2f, 0xec, 0x30, 0x30, 0x32,
	0x32, 0x33, 0x34, 0x34, 0x35, 0x36, 0x36, 0xb7, 0xb8, 0xba, 0xe9, 0x5f, 0x40, 0x40, 0x0b, 0x0c, 0x0c, 0x0d, 0x0e, 0x0e, 0x0f, 0x0f, 0x10, 0x11, 0x12, 0x12, 0xf3, 0xf3, 0xf3, 0xf3, 0xe5, 0xe5, 0xe5, 0xe6, 0xe6, 0xe6, 0xe6, 0xe7, 0xe7, 0xe7,
	0xe7, 0xe7, 0xf3, 0xf3, 0xf3, 0xf3, 0xe6, 0xe6, 0xe6, 0xe6, 0xe7, 0x2b, 0x2c, 0x2e, 0x2e, 0x2f, 0x30, 0x31, 0x32, 0x32, 0x32, 0xb4, 0xb5, 0xb5, 0xb5, 0xb6, 0xb7, 0xb7, 0xb7, 0xb7, 0xb8, 0xb8, 0xb9, 0xb9, 0xf3, 0xf3, 0xf3, 0xf3, 0xf3, 0xf3,
	0x88, 0x88, 0x89, 0xeb, 0xeb, 0xeb, 0xeb, 0xec, 0xec, 0xed, 0x2c, 0x2d, 0x2e, 0x2f, 0x2f, 0x30, 0x31, 0x32, 0x32, 0x33, 0x34, 0xca, 0xcb, 0xcb, 0xcb, 0xcc, 0xf3, 0xf3, 0xf3, 0xf3, 0xf3, 0xf3, 0xe5, 0xe6, 0xe6, 0xe6, 0xe6, 0xe7, 0xe7, 0xe7,
	0xe7, 0xe9, 0xe9, 0x2e, 0x2f, 0x30, 0x30, 0x31, 0x32, 0x32, 0x33, 0xb5, 0x35, 0xb6, 0xb7, 0xb7, 0xb7, 0xb9, 0x86, 0x88, 0x88, 0x89, 0x8a, 0x8b, 0xec, 0xed, 0xed, 0xed, 0xd1, 0xd2, 0xd2, 0x35, 0x36, 0xcc, 0xed, 0xed, 0xed, 0xd1, 0xd1, 0xd2,
	0xd2, 0xd3, 0xcb, 0xcb, 0xcc, 0xcc, 0xcc, 0xcd, 0xba, 0xbc, 0xe4, 0xe4, 0xe5, 0xe5, 0xe6, 0xe6, 0xe7, 0xe8, 0xe8, 0xe9, 0xeb, 0xeb, 0xeb, 0xeb, 0xec, 0xed, 0x2b, 0x33, 0xd7, 0xe6, 0xf4, 0xff, 0xf6, 0xf7, 0xf8, 0xa9, 0x6a, 0xfa, 0xe4, 0xe4,
	0xfe, 0xff, 0xf3, 0xf3, 0xe6, 0xe7, 0xe7, 0xe7, 0xe8, 0xe9, 0xe9, 0xe9, 0xe9, 0xea, 0xea, 0x32, 0x32, 0xb4, 0xb5, 0xb5, 0xb6, 0xb7, 0xb7, 0xb7, 0xb8, 0xb9, 0xba, 0xba, 0xbc, 0xbc, 0xbc, 0xbc, 0xbc, 0xbd, 0xf3, 0xf3, 0xf3, 0xe6, 0xe7, 0xe7,
	0xe7, 0xe8, 0xe8, 0xe9, 0xe9, 0xea, 0xea, 0xea, 0xea, 0xec, 0xec, 0xec, 0xec, 0xec, 0xec, 0xd2, 0x34, 0x34, 0x35, 0x35, 0xcc, 0xcc, 0xcc, 0xcd, 0xcd, 0xce, 0xe9, 0xe9, 0xe9, 0x0c, 0x0d, 0x0d, 0x0e, 0x0e, 0x0f, 0x10, 0x10, 0x11, 0x12, 0x12,
	0x13, 0x15, 0xf3, 0xf3, 0xf3, 0xe6, 0xe6, 0xe6, 0xe7, 0xe7, 0xe7, 0xe7, 0xe8, 0xe8, 0xe9, 0xe9, 0xe9, 0xe9, 0xf3, 0xf3, 0xe6, 0xe6, 0xe7, 0xe7, 0xe7, 0xe9, 0xe9, 0xe9, 0xe9, 0xea, 0xea, 0x30, 0x32, 0x32, 0x33, 0x34, 0x34, 0x35, 0x35, 0x36,
	0x36, 0xb7, 0xb7, 0xb8, 0xb9, 0xb9, 0xba, 0xba, 0xba, 0xbb, 0xf3, 0xf3, 0xf3, 0xe7, 0xe7, 0xe8, 0xeb, 0xeb, 0xeb, 0xeb, 0xeb, 0xeb, 0xec, 0xec, 0xed, 0xed, 0xea, 0xec, 0xec, 0xec, 0xec, 0x32, 0x32, 0xd2, 0xd3, 0xd3, 0xd4, 0xd4, 0xd5, 0xd5,
	0xd6, 0xd7, 0xf3, 0xf3, 0xf3, 0xe6, 0xe6, 0xe7, 0xe7, 0xe7, 0xe8, 0xe8, 0xe8, 0xe8, 0xe9, 0xe9, 0xe9, 0xe9, 0xea, 0xea, 0xea, 0xea, 0x32, 0x32, 0x34, 0x34, 0x34, 0x35, 0x36, 0xb7, 0xcc, 0xcc, 0xcd, 0xcd, 0xe7, 0xe8, 0xea, 0xea, 0xec, 0xec,
	0xed, 0xed, 0xd0, 0xd1, 0xd2, 0xd2, 0xd3, 0xd4, 0xcc, 0xcd, 0xed, 0xed, 0xd0, 0xd1, 0xd2, 0xd2, 0xd3, 0xd4, 0xd4, 0xd5, 0xcc, 0xcd, 0xcd, 0xce, 0xce, 0xce, 0xe6, 0xe6, 0xe6, 0xe7, 0xe8, 0xe8, 0xf4, 0xf4, 0xf4, 0xf4, 0xf4, 0xf4, 0xeb, 0xec,
	0xed, 0xed, 0xe9, 0x34, 0xd7, 0xe8, 0xf4, 0xff, 0xeb, 0xeb, 0xf8, 0xab, 0x6c, 0x71, 0xe6, 0xe6, 0xfe, 0xff, 0x82, 0x83, 0x83, 0x84, 0x26, 0x26, 0x27, 0x28, 0x2a, 0x2b, 0x2b, 0x2c, 0xaf, 0xb0, 0xb0, 0xb2, 0xb2, 0xb2, 0xb3, 0xb4, 0xb4, 0xb4,
	0xb5, 0xb6, 0xb6, 0xb7, 0xb7, 0xb8, 0xb9, 0xb9, 0xba, 0xba, 0x82, 0x83, 0x83, 0x83, 0x84, 0x84, 0x85, 0x85, 0x85, 0x86, 0x87, 0x87, 0x2a, 0x2b, 0x2b, 0x2b, 0x2d, 0x2e, 0x2e, 0x2f, 0x2f, 0x30, 0x30, 0x31, 0x32, 0x33, 0x34, 0x34, 0x35, 0x36,
	0x36, 0x37, 0x08, 0x08, 0x09, 0x09, 0x0a, 0x0a, 0x0b, 0x0c, 0x0c, 0x0d, 0x0d, 0x0e, 0x0e, 0x0f, 0x10, 0x11, 0x82, 0x83, 0x83, 0x83, 0x24, 0x25, 0x25, 0xa7, 0xa8, 0xa8, 0x05, 0xaa, 0xaa, 0xab, 0x07, 0x07, 0x82, 0x83, 0x83, 0x84, 0x25, 0xc0,
	0x27, 0x28, 0x29, 0x2a, 0x2a, 0x2c, 0x2c, 0x90, 0x2e, 0x2f, 0x2f, 0x31, 0x31, 0x6e, 0x6e, 0x6e, 0x6f, 0x6f, 0x70, 0x70, 0x70, 0x71, 0x71, 0x72, 0x72, 0x73, 0x82, 0x83, 0x83, 0x84, 0x85, 0x85, 0x86, 0x86, 0x87, 0x88, 0x88, 0x89, 0x8a, 0x8a,
	0x8b, 0x8c, 0xc2, 0xc2, 0xc3, 0xc3, 0xc4, 0xc4, 0x92, 0x93, 0x93, 0x94, 0x95, 0x96, 0x96, 0x97, 0x97, 0x99, 0x82, 0x83, 0x83, 0x83, 0x83, 0x84, 0x25, 0x26, 0x26, 0x27, 0x27, 0x28, 0x28, 0x29, 0x2a, 0x2a, 0x2b, 0x2c, 0x2d, 0x2e, 0x2f, 0x2f,
	0x30, 0x31, 0x31, 0x32, 0x33, 0x34, 0x34, 0x35, 0x36, 0x36, 0x85, 0x86, 0x87, 0xc2, 0xc3, 0xc3, 0xc4, 0x8b, 0xc5, 0xc6, 0xc6, 0xc7, 0x32, 0x33, 0x34, 0x36, 0x8c, 0x8c, 0x8d, 0xc6, 0xc7, 0xc7, 0xc7, 0xc9, 0x34, 0x35, 0x36, 0x36, 0x37, 0x37,
	0x38, 0x39, 0x24, 0x02, 0xe2, 0xf3, 0xf3, 0xf3, 0xf3, 0xe6, 0xe7, 0xe7, 0xe8, 0xeb, 0x8a, 0x8b, 0x8b, 0x8c, 0xc1, 0x94, 0x99, 0xf3, 0xe8, 0xf4, 0xf6, 0xf7, 0xf7, 0x65, 0xf9, 0xfa, 0xe2, 0xe3, 0xfd, 0xf4, 0x84, 0x84, 0x85, 0x85, 0x86, 0x86,
	0x29, 0x2b, 0x2b, 0x2d, 0x2d, 0x2e, 0x2f, 0x30, 0x30, 0x32, 0x32, 0x32, 0x33, 0x34, 0x34, 0x35, 0x35, 0x36, 0x36, 0x37, 0x38, 0x38, 0x39, 0xba, 0xba, 0xbc, 0x84, 0x84, 0x84, 0x85, 0x85, 0x86, 0x86, 0x87, 0x87, 0x88, 0x88, 0x89, 0x89, 0x8a,
	0x8a, 0x8b, 0x8b, 0xc5, 0x2f, 0xc6, 0x30, 0x30, 0x31, 0x32, 0x33, 0x34, 0x34, 0x35, 0xcb, 0x36, 0xcc, 0xcc, 0xaf, 0xb0, 0xb0, 0xb0, 0x0b, 0xb2, 0xb3, 0xb3, 0xb4, 0x0e, 0xb5, 0xb6, 0xb6, 0xb7, 0x11, 0x12, 0x84, 0x84, 0x84, 0x85, 0x85, 0x85,
	0x85, 0x28, 0x28, 0x28, 0x2a, 0x2a, 0x2b, 0x2b, 0xae, 0xae, 0x84, 0x84, 0x85, 0x85, 0x86, 0x86, 0x87, 0x2a, 0x2b, 0x2b, 0x2c, 0x2d, 0x2e, 0x2f, 0x2f, 0x30, 0x31, 0x32, 0x32, 0x33, 0x33, 0x34, 0x34, 0x35, 0x35, 0x36, 0x36, 0x36, 0x37, 0x72,
	0x73, 0x73, 0x84, 0x84, 0xf6, 0xf6, 0xf6, 0xf6, 0x88, 0x88, 0x89, 0x89, 0x8a, 0x8b, 0x8c, 0x8c, 0x8d, 0x8e, 0x89, 0xc3, 0xc4, 0xc5, 0xc5, 0xc6, 0xc6, 0xc7, 0xc7, 0xc9, 0xc9, 0xc9, 0xca, 0xca, 0xcb, 0xd6, 0x84, 0x84, 0x84, 0x85, 0x85, 0x85,
	0x86, 0x86, 0x86, 0x87, 0x87, 0x88, 0x88, 0x2b, 0x2b, 0x2c, 0x2d, 0x2e, 0x2f, 0x2f, 0x30, 0x30, 0x31, 0x32, 0x33, 0x33, 0x34, 0x34, 0x35, 0x36, 0x37, 0xcc, 0x87, 0x87, 0x88, 0x89, 0x8a, 0x8b, 0x8c, 0x8d, 0x8e, 0xd0, 0xd1, 0xd1, 0xd2, 0xd3,
	0xca, 0xcb, 0x8e, 0x8e, 0xd0, 0xd0, 0xd1, 0xd1, 0xd2, 0xd3, 0xca, 0xca, 0xcb, 0xcb, 0xcc, 0xcc, 0xcd, 0xcd, 0x84, 0xf3, 0xf3, 0xf3, 0xf3, 0xe6, 0xe7, 0xe8, 0xeb, 0xeb, 0xeb, 0xeb, 0xec, 0x8c, 0x8d, 0x8e, 0xc2, 0x95, 0x9b, 0xf6, 0xf4, 0xf4,
	0xf6, 0xf7, 0xf8, 0xc1, 0x6a, 0xfa, 0xf3, 0xe4, 0xe5, 0xf4, 0xf6, 0xf6, 0xf6, 0x87, 0x88, 0x88, 0x89, 0x89, 0x8a, 0x2e, 0x2f, 0x2f, 0x30, 0x30, 0x31, 0x32, 0x33, 0x34, 0x34, 0x34, 0x35, 0x36, 0xcb, 0xcb, 0xcc, 0xcc, 0xcd, 0xcd, 0xcd, 0xce,
	0xce, 0xce, 0xf6, 0xf6, 0xf6, 0xf6, 0x87, 0x87, 0x88, 0x89, 0x89, 0x89, 0x8a, 0x8a, 0x8b, 0x8b, 0x8c, 0x8c, 0x8d, 0x8d, 0xed, 0xd0, 0xd1, 0xd1, 0xd2, 0xd2, 0xd3, 0xd3, 0xd4, 0xd4, 0xd4, 0xd5, 0xcc, 0xcc, 0x2f, 0x2f, 0x30, 0x30, 0x31, 0x32,
	0x32, 0xb4, 0x34, 0x35, 0x35, 0x36, 0xb7, 0xb7, 0xb9, 0xba, 0xf6, 0xf6, 0xf6, 0xf6, 0x86, 0x87, 0x87, 0x88, 0x88, 0x88, 0x2b, 0x2b, 0x2c, 0x2d, 0x2e, 0x2e, 0xf6, 0xf6, 0xf6, 0x87, 0x87, 0x88, 0x88, 0x89, 0x8a, 0x8a, 0xc4, 0xc5, 0x2f, 0x2f,
	0xc6, 0xc7, 0xc7, 0x33, 0x33, 0x34, 0x34, 0xca, 0xca, 0xcb, 0xcb, 0xcb, 0xcb, 0xcc, 0xcc, 0x38, 0x39, 0x39, 0xf6, 0xf6, 0xf6, 0xf6, 0xf6, 0x88, 0x89, 0xf7, 0xf7, 0xf7, 0xf7, 0xf7, 0x8d, 0x8e, 0xee, 0xef, 0x8b, 0x8b, 0x8c, 0xc6, 0xc6, 0xc7,
	0xc7, 0xc8, 0xc8, 0xc9, 0xc9, 0xca, 0xd4, 0xd5, 0xd5, 0xd6, 0xf6, 0xf6, 0xf6, 0xf6, 0xf6, 0x87, 0x87, 0x88, 0x88, 0x88, 0x89, 0x89, 0x8a, 0x8a, 0x8a, 0x8b, 0x8b, 0x2f, 0x2f, 0x30, 0x30, 0x32, 0xd2, 0xd2, 0xd2, 0xd3, 0xca, 0xd4, 0xd4, 0xcb,
	0xcc, 0xcc, 0x88, 0x89, 0x8a, 0x8b, 0x8c, 0x8d, 0x8e, 0x8e, 0xd0, 0xd0, 0xd1, 0xd2, 0xd2, 0xd3, 0xd4, 0xd5, 0xef, 0xef, 0xd0, 0xd0, 0xd1, 0xd2, 0xd2, 0xd3, 0xd4, 0xd4, 0xd5, 0xd6, 0xd6, 0xd6, 0xd7, 0xd7, 0x86, 0xf6, 0xf6, 0xf3, 0x88, 0xe8,
	0xeb, 0xeb, 0xeb, 0xeb, 0xeb, 0xeb, 0xed, 0xee, 0xee, 0xef, 0x8a, 0xc9, 0x9b, 0x88, 0xf4, 0xff, 0xf7, 0xf7, 0xf8, 0xc2, 0x6b, 0xf1, 0xf3, 0xe6, 0xe6, 0xff, 0x62, 0x62, 0x03, 0x64, 0x64, 0x65, 0x66, 0x66, 0x68, 0x68, 0x69, 0x6a, 0x6a, 0x6b,
	0x6c, 0x6d, 0x6d, 0x0c, 0x0c, 0x0d, 0x6f, 0x0e, 0x0f, 0x0f, 0x10, 0x11, 0x11, 0x12, 0x12, 0x14, 0x14, 0x14, 0x62, 0x62, 0x62, 0x63, 0x64, 0x64, 0x64, 0x65, 0x65, 0x66, 0x66, 0x67, 0x68, 0x68, 0x68, 0x69, 0x90, 0x6a, 0x6b, 0x6b, 0x6c, 0x6d,
	0x6d, 0x6e, 0x6e, 0x6f, 0x70, 0x70, 0x71, 0x71, 0x72, 0x73, 0x5d, 0x5d, 0x5e, 0x5f, 0x40, 0x41, 0x41, 0x42, 0x43, 0x44, 0x44, 0x45, 0x46, 0x46, 0x47, 0x48, 0x62, 0x62, 0x54, 0x54, 0x03, 0x56, 0x56, 0x57, 0x57, 0x58, 0x59, 0x59, 0x5a, 0x5b,
	0x5b, 0x5c, 0x62, 0x62, 0x63, 0x64, 0x64, 0x65, 0x65, 0x66, 0x67, 0x68, 0x68, 0x69, 0x6a, 0x6a, 0x6a, 0x6b, 0x6c, 0x6d, 0x6e, 0x6e, 0x6f, 0x6f, 0x6f, 0x70, 0x70, 0x71, 0x72, 0x72, 0x73, 0x73, 0x74, 0x74, 0x62, 0x62, 0x63, 0x63, 0x64, 0xc0,
	0xc0, 0xc1, 0xc1, 0xc2, 0xc2, 0xc2, 0xc3, 0xc3, 0xc4, 0xc4, 0xf0, 0xf0, 0xf0, 0x91, 0x91, 0x92, 0x93, 0x93, 0x94, 0x95, 0x95, 0x96, 0xf1, 0xf1, 0xf1, 0xf1, 0x62, 0x62, 0x63, 0x63, 0x03, 0x64, 0x64, 0x65, 0x65, 0x66, 0x66, 0x66, 0x67, 0x67,
	0x68, 0x68, 0x69, 0x69, 0x6a, 0x6a, 0x6b, 0x6c, 0x6d, 0x6d, 0x6e, 0x6e, 0x6f, 0x70, 0x70, 0x71, 0x72, 0x72, 0x64, 0x66, 0x66, 0xf0, 0xf0, 0x90, 0x91, 0x91, 0xc5, 0x92, 0x93, 0x94, 0x33, 0x70, 0x70, 0x72, 0xc5, 0xc5, 0xc5, 0x30, 0x31, 0x32,
	0x33, 0x34, 0x70, 0x71, 0x72, 0x73, 0x73, 0x74, 0x75, 0x76, 0x54, 0x55, 0x55, 0x55, 0x56, 0x57, 0x05, 0xaa, 0xe6, 0x2a, 0x2b, 0x2b, 0x2c, 0x2d, 0xc4, 0xc4, 0xf0, 0x95, 0xf1, 0x25, 0xe7, 0xf4, 0xc0, 0x88, 0x8b, 0xf9, 0xfa, 0xfa, 0xe0, 0xe1,
	0xfd, 0xf4, 0xf9, 0xf9, 0xf9, 0xf9, 0xf9, 0xf9, 0x69, 0x69, 0x6a, 0x6a, 0x6b, 0x6c, 0x6d, 0x6e, 0x6e, 0x6f, 0x6f, 0x70, 0x71, 0x72, 0x73, 0x73, 0x74, 0x74, 0x74, 0x76, 0x76, 0x78, 0x78, 0x79, 0x79, 0x7b, 0xf9, 0xf9, 0xf9, 0xf9, 0xf9, 0xf9,
	0xf9, 0xf0, 0xf0, 0xf0, 0xf0, 0x69, 0x6a, 0x6a, 0x6a, 0x6b, 0x6c, 0x6d, 0x6d, 0x6e, 0x6e, 0x6f, 0x6f, 0x70, 0x71, 0x72, 0x73, 0x73, 0x74, 0x75, 0x76, 0x78, 0x41, 0x41, 0x41, 0x42, 0x43, 0x44, 0x44, 0x45, 0x45, 0x47, 0x47, 0x48, 0x48, 0x49,
	0x49, 0x49, 0xf9, 0xf9, 0xf9, 0xf9, 0xf9, 0xf9, 0xf9, 0xf9, 0xf9, 0xf9, 0x5b, 0x5d, 0x5d, 0x5d, 0x5e, 0x5f, 0xf9, 0xf9, 0xf9, 0xf9, 0xf9, 0xf9, 0xf9, 0xf0, 0x69, 0x6a, 0x6a, 0x6b, 0x6c, 0x6c, 0x6d, 0x6e, 0x6f, 0x6f, 0x70, 0x71, 0x72, 0x72,
	0x73, 0x73, 0x74, 0x74, 0x74, 0x76, 0x78, 0x79, 0x79, 0x79, 0xf9, 0xf9, 0xf9, 0xf9, 0x66, 0x66, 0xf0, 0xf0, 0xf0, 0xf0, 0x91, 0x91, 0x91, 0x92, 0x92, 0x93, 0x6a, 0x6a, 0x6b, 0x6c, 0x6d, 0x6e, 0x95, 0x95, 0xf1, 0xf1, 0xf1, 0xf1, 0xf1, 0xf1,
	0xf1, 0xf1, 0xf9, 0xf9, 0xf9, 0xf9, 0xf9, 0xf9, 0xf9, 0xf9, 0xf9, 0xf9, 0xf0, 0x69, 0x69, 0x69, 0x6a, 0x6a, 0x6a, 0x6c, 0x6c, 0x6d, 0x6e, 0x6e, 0x6f, 0x70, 0x70, 0x71, 0x72, 0x73, 0x73, 0x74, 0x76, 0x76, 0xf9, 0xf0, 0xf0, 0xf0, 0x91, 0x92,
	0x93, 0x93, 0x94, 0x95, 0x95, 0x70, 0x71, 0x72, 0x73, 0x75, 0x93, 0x94, 0x95, 0x95, 0x96, 0x96, 0x71, 0x72, 0x73, 0x74, 0x76, 0x76, 0x78, 0x78, 0x79, 0x79, 0xf9, 0xf9, 0xf9, 0x59, 0x59, 0x59, 0x07, 0x08, 0x08, 0x09, 0xaf, 0x2d, 0x2f, 0x2f,
	0x92, 0x93, 0xf0, 0xf1, 0x9c, 0x66, 0xe7, 0xea, 0x66, 0xc3, 0x8c, 0xf9, 0xfa, 0xfb, 0xf9, 0x59, 0x5a, 0xea, 0xf9, 0xf9, 0xf9, 0xf9, 0xf9, 0xf9, 0x6a, 0x6a, 0xfa, 0x6d, 0x6d, 0x6e, 0x6f, 0x70, 0x71, 0x72, 0x73, 0x73, 0x74, 0x74, 0x76, 0x78,
	0x79, 0x79, 0x79, 0x7b, 0x7c, 0x7c, 0x7d, 0x7d, 0x7e, 0x7f, 0xf9, 0xf9, 0xf9, 0xf9, 0xf9, 0xf9, 0xf9, 0x69, 0x6a, 0x6a, 0x6a, 0x6b, 0x6c, 0x6c, 0x6d, 0x6d, 0x6e, 0x6e, 0x6f, 0x71, 0x71, 0x71, 0x72, 0x73, 0x74, 0x74, 0x76, 0x78, 0x78, 0x79,
	0x7b, 0x7c, 0x43, 0x43, 0x44, 0x44, 0x45, 0x45, 0x47, 0x48, 0x48, 0x48, 0x49, 0x49, 0x79, 0x79, 0x7c, 0x7d, 0xf9, 0xf9, 0xf9, 0xf9, 0xf9, 0xf9, 0xf9, 0xf9, 0xf9, 0x6a, 0x6a, 0xfa, 0xfa, 0xfa, 0x41, 0x41, 0xf9, 0xf9, 0xf9, 0xf9, 0xf9, 0xf9,
	0xfa, 0x6a, 0x6a, 0xfa, 0xfa, 0xfa, 0x6e, 0x6f, 0x6f, 0x71, 0x72, 0x73, 0x74, 0x74, 0x74, 0x76, 0x78, 0x79, 0x79, 0x79, 0x7c, 0x7c, 0x7d, 0x7e, 0x7e, 0x7f, 0xf9, 0xf9, 0xf9, 0xf9, 0xf9, 0xf0, 0xf0, 0xf0, 0x6a, 0x91, 0x92, 0x93, 0x93, 0x93,
	0x94, 0x95, 0x6c, 0x6d, 0x6e, 0x6e, 0x6f, 0xf1, 0xf1, 0xf1, 0xf1, 0xf1, 0xf1, 0xf1, 0x78, 0x79, 0x7a, 0x7c, 0xf9, 0xf9, 0xf9, 0xf9, 0xf9, 0xf9, 0xf9, 0xf9, 0xf9, 0x6a, 0x6a, 0x6a, 0x6a, 0x6b, 0x6c, 0x6d, 0x6d, 0x6e, 0x6e, 0x6f, 0x71, 0x71,
	0x72, 0x73, 0x73, 0x74, 0x76, 0x76, 0x78, 0x79, 0x79, 0x7b, 0xf9, 0xf0, 0x6a, 0x6b, 0x6d, 0x6e, 0x95, 0x95, 0x96, 0xf1, 0xf1, 0x73, 0x74, 0x76, 0x78, 0x79, 0x95, 0x95, 0x96, 0xf1, 0xf1, 0xf1, 0x75, 0x76, 0x78, 0x78, 0x79, 0x7a, 0x7c, 0x7c,
	0x7d, 0x7e, 0xf9, 0xf9, 0xf9, 0xf9, 0x5b, 0x69, 0x6a, 0x6a, 0x6b, 0x6c, 0x6c, 0x6c, 0x6d, 0x6e, 0x94, 0x95, 0xfa, 0xf1, 0x7e, 0x69, 0x0a, 0xb4, 0xf0, 0x92, 0xc6, 0xfa, 0xfa, 0xfb, 0xf9, 0x5b, 0x5d, 0xb4, 0x61, 0x52, 0x52, 0x53, 0x55, 0x55,
	0x56, 0x57, 0x58, 0x06, 0x07, 0x07, 0x08, 0x09, 0x09, 0x0a, 0x0b, 0x0b, 0x0c, 0x0c, 0x0c, 0x0d, 0x0d, 0x0e, 0x0e, 0x0f, 0x10, 0x10, 0x11, 0x11, 0x12, 0x13, 0x61, 0x61, 0x52, 0x52, 0x02, 0xa4, 0xa5, 0xa5, 0x25, 0xa7, 0xa8, 0x27, 0x28, 0x29,
	0xab, 0x2a, 0x2b, 0xae, 0xae, 0xaf, 0xb0, 0xb0, 0xb1, 0xb2, 0xb2, 0xb3, 0xb3, 0xb4, 0x0e, 0xb5, 0x0f, 0x10, 0x5b, 0x5c, 0x5d, 0x5d, 0x5f, 0x5f, 0x5f, 0x40, 0x41, 0x42, 0x43, 0x43, 0x44, 0x45, 0x46, 0x46, 0x61, 0x52, 0x52, 0x52, 0xe0, 0xe0,
	0xe0, 0x55, 0x56, 0x56, 0x57, 0x58, 0x58, 0x59, 0x5a, 0x5a, 0x61, 0x52, 0x52, 0x53, 0x54, 0x55, 0x56, 0x04, 0x05, 0x06, 0x06, 0x07, 0x07, 0x08, 0x08, 0x09, 0xb0, 0x6c, 0x6c, 0x6d, 0x6d, 0x6e, 0x6e, 0x6e, 0x6f, 0x6f, 0x6f, 0x70, 0x70, 0x71,
	0x72, 0x72, 0x61, 0x61, 0x22, 0x82, 0x83, 0x83, 0x84, 0x85, 0x85, 0x86, 0x87, 0x87, 0x88, 0x89, 0x89, 0x8a, 0xaa, 0x67, 0x2a, 0x90, 0x90, 0x90, 0x91, 0x92, 0x92, 0x93, 0x94, 0x95, 0x95, 0x96, 0x97, 0x98, 0x61, 0x61, 0x52, 0x52, 0x53, 0x53,
	0x54, 0x55, 0x55, 0x56, 0x56, 0x04, 0x05, 0x05, 0x06, 0x06, 0x07, 0x07, 0x08, 0xae, 0x09, 0x0a, 0x0a, 0x0b, 0x0b, 0x0c, 0x0c, 0x0d, 0x0e, 0x0e, 0x0f, 0x0f, 0xa5, 0x26, 0x27, 0x28, 0x29, 0x2a, 0xc3, 0xc3, 0xc4, 0x2e, 0x2f, 0x30, 0x31, 0x32,
	0xb4, 0xb6, 0x8a, 0x8a, 0x2f, 0x2f, 0x30, 0x30, 0x32, 0x33, 0x33, 0x34, 0x35, 0xb6, 0xb7, 0xb8, 0xb8, 0xb8, 0xe1, 0xe1, 0xe1, 0xe2, 0xe3, 0xe4, 0xe4, 0xe5, 0xe6, 0xe6, 0xe7, 0xe7, 0xe7, 0x89, 0x89, 0x8a, 0x65, 0x93, 0xf1, 0xe4, 0xe7, 0xf4,
	0x84, 0xf6, 0xf7, 0x56, 0xf9, 0xfa, 0xfc, 0xfd, 0xfd, 0xf4, 0xfc, 0xfc, 0xe1, 0xe1, 0xe2, 0xe3, 0x57, 0x58, 0x5a, 0x5a, 0x5b, 0x5c, 0x5d, 0x5e, 0x5f, 0x40, 0x40, 0x41, 0x42, 0x42, 0x43, 0x44, 0x44, 0x45, 0x45, 0x46, 0x46, 0x47, 0x47, 0x48,
	0x49, 0x4a, 0xfc, 0xfc, 0xfc, 0xe1, 0xe2, 0xe2, 0xe2, 0xe3, 0xe4, 0x05, 0x05, 0xe5, 0xaa, 0xab, 0xab, 0xac, 0xae, 0xae, 0xaf, 0xaf, 0x0a, 0x0a, 0x0b, 0x0b, 0x0c, 0x0c, 0x0d, 0x0e, 0x0e, 0x0f, 0x0f, 0x10, 0x5c, 0x5d, 0x5e, 0x5e, 0x5f, 0x5f,
	0x40, 0x41, 0x42, 0x43, 0x43, 0x43, 0x45, 0x45, 0x46, 0x47, 0xfc, 0xfc, 0xfc, 0xfc, 0xe1, 0xe2, 0xe2, 0xe3, 0x56, 0x57, 0x58, 0x58, 0x5a, 0x5a, 0x5a, 0x5c, 0xfc, 0xfc, 0xe1, 0xe1, 0x55, 0x56, 0x56, 0x57, 0x58, 0x59, 0x5a, 0x5b, 0x5c, 0x5c,
	0x08, 0x0a, 0x0a, 0x0b, 0x0b, 0x0c, 0x0c, 0x0c, 0x0c, 0x0d, 0x0e, 0x0e, 0x0e, 0x45, 0x45, 0x46, 0x46, 0x47, 0xfc, 0xfc, 0xe1, 0xe2, 0xe2, 0xe4, 0xf3, 0xf3, 0xf3, 0xe6, 0xe6, 0xe6, 0x88, 0xe7, 0xe9, 0xea, 0xaa, 0xab, 0xac, 0xae, 0xae, 0xaf,
	0xb0, 0xb1, 0x6c, 0x6d, 0x6e, 0x6f, 0x6f, 0x70, 0x71, 0x71, 0xfc, 0xfc, 0xe1, 0xe1, 0xe1, 0xe2, 0xe2, 0xe2, 0xe3, 0x57, 0x57, 0x57, 0x58, 0x58, 0x5a, 0x5a, 0x5b, 0x5c, 0x5c, 0x5d, 0x0a, 0x0a, 0x0a, 0x0b, 0x0c, 0x0c, 0x0d, 0x0d, 0x0e, 0x0e,
	0x0f, 0x10, 0x55, 0x04, 0xa8, 0x28, 0x2a, 0x2b, 0x2c, 0x2d, 0x2e, 0x2f, 0x30, 0x30, 0xb3, 0xb4, 0xb5, 0x0f, 0xea, 0xea, 0x2f, 0x30, 0x30, 0x31, 0x32, 0x33, 0xb4, 0xb5, 0xb6, 0x10, 0x11, 0x11, 0x12, 0x12, 0xe1, 0xfc, 0xe3, 0xe3, 0xe3, 0xe4,
	0xe5, 0xe5, 0xe6, 0xe6, 0xe7, 0xe7, 0xe8, 0xe8, 0xe9, 0xea, 0x05, 0x6d, 0x73, 0xe4, 0xe8, 0xf4, 0xf3, 0xf6, 0xf7, 0x56, 0xf9, 0xfa, 0xfc, 0xfd, 0xfe, 0xf4, 0xfc, 0xfc, 0xe2, 0xe2, 0xe3, 0xe3, 0x58, 0x58, 0x5a, 0x5b, 0x5c, 0x5d, 0x5e, 0x5f,
	0x5f, 0x40, 0x40, 0x42, 0x42, 0x43, 0x43, 0x44, 0x45, 0x45, 0x46, 0x46, 0x47, 0x47, 0x48, 0x48, 0x4a, 0x4a, 0xfc, 0xfc, 0xfc, 0xe2, 0xe2, 0xe3, 0xe3, 0xe3, 0xe4, 0xe5, 0xe5, 0xe5, 0xe6, 0xe6, 0xe6, 0xe7, 0xe7, 0xae, 0x09, 0x0a, 0x0a, 0x0b,
	0x0b, 0x0c, 0x0c, 0x0d, 0x0e, 0x0e, 0x0e, 0x0f, 0x46, 0x11, 0x5d, 0x5e, 0x5e, 0x5f, 0x5f, 0x40, 0x40, 0x41, 0x42, 0x43, 0x43, 0x44, 0x45, 0x46, 0x47, 0x47, 0xfc, 0xfc, 0xfc, 0xfc, 0xe2, 0xe3, 0xe3, 0xe3, 0xe3, 0x58, 0x5a, 0x5a, 0x5a, 0x5a,
	0x5c, 0x5c, 0xfc, 0xfc, 0xfc, 0xe2, 0xe3, 0xe3, 0x57, 0x58, 0x58, 0x5a, 0x5a, 0x5c, 0x5c, 0x5d, 0x5e, 0x5f, 0x40, 0x40, 0x41, 0x42, 0x42, 0x43, 0x43, 0x44, 0x44, 0x45, 0x45, 0x45, 0x46, 0x47, 0x47, 0x47, 0xfc, 0xfc, 0xe2, 0xe3, 0xe3, 0xe4,
	0xe4, 0xe5, 0xe5, 0xe6, 0xe6, 0xe7, 0xe7, 0xe8, 0xe9, 0xe9, 0x5a, 0x07, 0x07, 0xae, 0xaf, 0x09, 0xb0, 0xb1, 0xb2, 0xb3, 0xb3, 0xb4, 0xb4, 0x70, 0x71, 0x72, 0xfc, 0xfc, 0xfc, 0xe2, 0xe2, 0xe2, 0xe3, 0xe3, 0xe3, 0xe3, 0xe3, 0x58, 0x58, 0x5a,
	0x5a, 0x5b, 0x5c, 0x5c, 0x5d, 0x5e, 0x5f, 0x40, 0x40, 0x40, 0x42, 0x42, 0x43, 0x44, 0x45, 0x45, 0x46, 0x10, 0xe3, 0xe4, 0xe5, 0xe5, 0xe6, 0x2b, 0x2c, 0x2d, 0x2e, 0x2f, 0x30, 0xb2, 0xb3, 0x0d, 0x0e, 0x0f, 0xe9, 0xe9, 0xea, 0x30, 0x30, 0x32,
	0x32, 0xb4, 0xb5, 0xb6, 0x0f, 0x10, 0x11, 0x12, 0x12, 0x13, 0xe2, 0xfd, 0xfd, 0xfd, 0xfd, 0xe4, 0xe5, 0xe5, 0xe6, 0xe7, 0xe7, 0xe7, 0xe8, 0xe8, 0xe9, 0xe9, 0x58, 0x6d, 0x73, 0xe4, 0xe8, 0xf4, 0xe4, 0xe7, 0xeb, 0x57, 0xf9, 0xfa, 0xfd, 0xfd,
	0xfe, 0xf4, 0xf3, 0xf3, 0xe6, 0xe7, 0xe7, 0xe7, 0xe8, 0xe9, 0xe9, 0xe9, 0xe9, 0xea, 0xea, 0x32, 0x32, 0xb4, 0xb5, 0xb5, 0xb6, 0xb7, 0xb7, 0xb7, 0xb8, 0xb9, 0xba, 0xba, 0xbc, 0xbc, 0xbc, 0xbc, 0xbc, 0xbd, 0xf3, 0xf3, 0xf3, 0xe6, 0xe7, 0xe7,
	0xe7, 0xe8, 0xe8, 0xe9, 0xe9, 0xea, 0xea, 0xea, 0xea, 0xec, 0xec, 0xec, 0xec, 0xec, 0xec, 0xd2, 0x34, 0x34, 0x35, 0x35, 0xcc, 0xcc, 0xcc, 0xcd, 0xcd, 0xce, 0xe9, 0xe9, 0xe9, 0x0c, 0x0d, 0x0d, 0x0e, 0x0e, 0x0f, 0x10, 0x10, 0x11, 0x12, 0x12,
	0x13, 0x15, 0xf3, 0xf3, 0xf3, 0xe6, 0xe6, 0xe6, 0xe7, 0xe7, 0xe7, 0xe7, 0xe8, 0xe8, 0xe9, 0xe9, 0xe9, 0xe9, 0xf3, 0xf3, 0xe6, 0xe6, 0xe7, 0xe7, 0xe7, 0xe9, 0xe9, 0xe9, 0xe9, 0xea, 0xea, 0x30, 0x32, 0x32, 0x33, 0x34, 0x34, 0x35, 0x35, 0x36,
	0x36, 0xb7, 0xb7, 0xb8, 0xb9, 0xb9, 0xba, 0xba, 0xba, 0xbb, 0xf3, 0xf3, 0xf3, 0xe7, 0xe7, 0xe8, 0xeb, 0xeb, 0xeb, 0xeb, 0xeb, 0xeb, 0xec, 0xec, 0xed, 0xed, 0xea, 0xec, 0xec, 0xec, 0xec, 0x32, 0x32, 0xd2, 0xd3, 0xd3, 0xd4, 0xd4, 0xd5, 0xd5,
	0xd6, 0xd7, 0xf3, 0xf3, 0xf3, 0xe6, 0xe6, 0xe7, 0xe7, 0xe7, 0xe8, 0xe8, 0xe8, 0xe8, 0xe9, 0xe9, 0xe9, 0xe9, 0xea, 0xea, 0xea, 0xea, 0x32, 0x32, 0x34, 0x34, 0x34, 0x35, 0x36, 0xb7, 0xcc, 0xcc, 0xcd, 0xcd, 0xe7, 0xe8, 0xea, 0xea, 0xec, 0xec,
	0xed, 0xed, 0xd0, 0xd1, 0xd2, 0xd2, 0xd3, 0xd4, 0xcc, 0xcd, 0xed, 0xed, 0xd0, 0xd1, 0xd2, 0xd2, 0xd3, 0xd4, 0xd4, 0xd5, 0xcc, 0xcd, 0xcd, 0xce, 0xce, 0xce, 0xe6, 0xe6, 0xe6, 0xe7, 0xe8, 0xe8, 0xf4, 0xf4, 0xf4, 0xf4, 0xf4, 0xf4, 0xeb, 0xec,
	0xed, 0xed, 0xe9, 0x34, 0xd7, 0xe8, 0xf4, 0xff, 0xeb, 0xeb, 0xf8, 0xab, 0x6c, 0x71, 0xe6, 0xe6, 0xfe, 0xff
}))));
